path,emotion
archive (3)/Test/fear/image0023375.jpg,Strach
archive (3)/Train/surprise/image0030965.jpg,Zaskoczenie
archive (3)/Train/surprise/image0033244.jpg,Zaskoczenie
archive (3)/Test/Anger/image0017007.jpg,Złość
archive (3)/Train/sad/image0019820.jpg,Smutek
archive (3)/Test/fear/image0031312.jpg,Strach
archive (3)/Train/surprise/image0025682.jpg,Zaskoczenie
archive (3)/Train/sad/image0004490.jpg,Smutek
archive (3)/Test/happy/ffhq_2419.png,Szczęście
archive (3)/Train/happy/ffhq_3410.png,Szczęście
archive (3)/Test/Anger/image0014804.jpg,Złość
archive (3)/Train/anger/image0023528.jpg,Złość
archive (3)/Train/surprise/image0031938.jpg,Zaskoczenie
archive (3)/Test/happy/ffhq_705.png,Szczęście
archive (3)/Train/sad/image0029040.jpg,Smutek
archive (3)/Test/Anger/image0004071.jpg,Złość
archive (3)/Train/sad/image0026306.jpg,Smutek
archive (3)/Test/sad/image0018314.jpg,Smutek
archive (3)/Test/surprise/image0016353.jpg,Zaskoczenie
archive (3)/Train/sad/image0021141.jpg,Smutek
archive (3)/Test/happy/ffhq_2067.png,Szczęście
archive (3)/Train/anger/image0027515.jpg,Złość
archive (3)/Train/surprise/image0031378.jpg,Zaskoczenie
archive (3)/Train/fear/image0040793.jpg,Strach
archive (3)/Test/fear/image0034473.jpg,Strach
archive (3)/Train/sad/image0020350.jpg,Smutek
archive (3)/Test/surprise/ffhq_300.png,Zaskoczenie
archive (3)/Train/anger/image0022267.jpg,Złość
archive (3)/Train/anger/image0026344.jpg,Złość
archive (3)/Train/surprise/image0029971.jpg,Zaskoczenie
archive (3)/Train/surprise/image0032924.jpg,Zaskoczenie
archive (3)/Test/happy/ffhq_2180.png,Szczęście
archive (3)/Train/sad/image0026563.jpg,Smutek
archive (3)/Test/sad/image0011860.jpg,Smutek
archive (3)/Test/surprise/ffhq_167.png,Zaskoczenie
archive (3)/Train/fear/image0037181.jpg,Strach
archive (3)/Test/happy/ffhq_1885.png,Szczęście
archive (3)/Test/happy/ffhq_1327.png,Szczęście
archive (3)/Train/happy/ffhq_4633.png,Szczęście
archive (3)/Test/surprise/image0017867.jpg,Zaskoczenie
archive (3)/Test/fear/image0022322.jpg,Strach
archive (3)/Train/happy/ffhq_3095.png,Szczęście
archive (3)/Test/fear/image0030959.jpg,Strach
archive (3)/Test/fear/image0032215.jpg,Strach
archive (3)/Train/sad/image0016654.jpg,Smutek
archive (3)/Train/happy/image0031576.jpg,Szczęście
archive (3)/Train/sad/image0028200.jpg,Smutek
archive (3)/Train/sad/image0011872.jpg,Smutek
archive (3)/Test/happy/ffhq_2506.png,Szczęście
archive (3)/Test/happy/ffhq_2270.png,Szczęście
archive (3)/Train/happy/ffhq_4037.png,Szczęście
archive (3)/Test/fear/image0024252.jpg,Strach
archive (3)/Test/Anger/image0021398.jpg,Złość
archive (3)/Train/surprise/image0025111.jpg,Zaskoczenie
archive (3)/Train/happy/ffhq_2723.png,Szczęście
archive (3)/Test/surprise/ffhq_326.png,Zaskoczenie
archive (3)/Test/Anger/image0006895.jpg,Złość
archive (3)/Train/surprise/image0032024.jpg,Zaskoczenie
archive (3)/Test/happy/ffhq_537.png,Szczęście
archive (3)/Train/anger/image0030562.jpg,Złość
archive (3)/Train/surprise/image0033148.jpg,Zaskoczenie
archive (3)/Test/surprise/image0001279.jpg,Zaskoczenie
archive (3)/Test/sad/image0004426.jpg,Smutek
archive (3)/Train/sad/image0020686.jpg,Smutek
archive (3)/Train/sad/image0022910.jpg,Smutek
archive (3)/Train/anger/image0026505.jpg,Złość
archive (3)/Train/surprise/image0032011.jpg,Zaskoczenie
archive (3)/Train/sad/image0023685.jpg,Smutek
archive (3)/Test/happy/ffhq_518.png,Szczęście
archive (3)/Train/happy/ffhq_4390.png,Szczęście
archive (3)/Train/surprise/image0034345.jpg,Zaskoczenie
archive (3)/Test/Anger/image0012464.jpg,Złość
archive (3)/Train/surprise/image0028766.jpg,Zaskoczenie
archive (3)/Train/anger/image0023081.jpg,Złość
archive (3)/Train/fear/image0037450.jpg,Strach
archive (3)/Train/happy/ffhq_3428.png,Szczęście
archive (3)/Train/surprise/image0032877.jpg,Zaskoczenie
archive (3)/Train/surprise/image0025493.jpg,Zaskoczenie
archive (3)/Test/surprise/ffhq_459.png,Zaskoczenie
archive (3)/Train/happy/ffhq_4126.png,Szczęście
archive (3)/Test/Anger/image0020486.jpg,Złość
archive (3)/Test/happy/ffhq_1611.png,Szczęście
archive (3)/Test/Anger/image0004411.jpg,Złość
archive (3)/Test/Anger/image0016210.jpg,Złość
archive (3)/Train/sad/image0027770.jpg,Smutek
archive (3)/Train/fear/image0037320.jpg,Strach
archive (3)/Test/Anger/image0018717.jpg,Złość
archive (3)/Test/fear/image0025535.jpg,Strach
archive (3)/Train/anger/image0030718.jpg,Złość
archive (3)/Test/happy/ffhq_1683.png,Szczęście
archive (3)/Train/anger/image0022258.jpg,Złość
archive (3)/Test/surprise/image0020678.jpg,Zaskoczenie
archive (3)/Test/sad/image0012228.jpg,Smutek
archive (3)/Train/happy/ffhq_3209.png,Szczęście
archive (3)/Test/fear/image0029131.jpg,Strach
archive (3)/Test/surprise/image0020623.jpg,Zaskoczenie
archive (3)/Train/sad/image0014263.jpg,Smutek
archive (3)/Test/surprise/image0009402.jpg,Zaskoczenie
archive (3)/Train/happy/ffhq_3434.png,Szczęście
archive (3)/Test/sad/image0002688.jpg,Smutek
archive (3)/Train/fear/image0039038.jpg,Strach
archive (3)/Train/surprise/image0031827.jpg,Zaskoczenie
archive (3)/Train/sad/image0017524.jpg,Smutek
archive (3)/Test/happy/ffhq_2551.png,Szczęście
archive (3)/Test/happy/ffhq_598.png,Szczęście
archive (3)/Train/anger/image0028426.jpg,Złość
archive (3)/Train/anger/image0030715.jpg,Złość
archive (3)/Test/surprise/image0010174.jpg,Zaskoczenie
archive (3)/Test/happy/ffhq_16.png,Szczęście
archive (3)/Test/fear/image0029439.jpg,Strach
archive (3)/Train/happy/ffhq_2704.png,Szczęście
archive (3)/Test/fear/image0035285.jpg,Strach
archive (3)/Test/surprise/ffhq_177.png,Zaskoczenie
archive (3)/Train/anger/image0025428.jpg,Złość
archive (3)/Train/sad/image0013477.jpg,Smutek
archive (3)/Test/sad/image0003102.jpg,Smutek
archive (3)/Train/sad/image0021972.jpg,Smutek
archive (3)/Test/Anger/image0009177.jpg,Złość
archive (3)/Test/happy/ffhq_754.png,Szczęście
archive (3)/Test/sad/image0007937.jpg,Smutek
archive (3)/Train/anger/image0025723.jpg,Złość
archive (3)/Train/sad/image0014434.jpg,Smutek
archive (3)/Train/fear/image0037625.jpg,Strach
archive (3)/Train/happy/ffhq_3374.png,Szczęście
archive (3)/Test/Anger/image0012119.jpg,Złość
archive (3)/Test/happy/ffhq_2473.png,Szczęście
archive (3)/Train/happy/ffhq_4360.png,Szczęście
archive (3)/Train/happy/ffhq_4309.png,Szczęście
archive (3)/Train/happy/ffhq_4470.png,Szczęście
archive (3)/Test/happy/ffhq_1388.png,Szczęście
archive (3)/Test/fear/image0032366.jpg,Strach
archive (3)/Test/happy/ffhq_2650.png,Szczęście
archive (3)/Test/fear/image0018772.jpg,Strach
archive (3)/Train/anger/image0030547.jpg,Złość
archive (3)/Test/Anger/image0016252.jpg,Złość
archive (3)/Test/surprise/image0007902.jpg,Zaskoczenie
archive (3)/Train/sad/image0016454.jpg,Smutek
archive (3)/Train/fear/image0037154.jpg,Strach
archive (3)/Test/fear/image0032869.jpg,Strach
archive (3)/Train/happy/ffhq_2840.png,Szczęście
archive (3)/Test/surprise/ffhq_226.png,Zaskoczenie
archive (3)/Test/sad/image0010608.jpg,Smutek
archive (3)/Test/happy/ffhq_419.png,Szczęście
archive (3)/Train/fear/image0037342.jpg,Strach
archive (3)/Train/sad/image0015854.jpg,Smutek
archive (3)/Train/sad/image0027630.jpg,Smutek
archive (3)/Train/surprise/image0033805.jpg,Zaskoczenie
archive (3)/Test/sad/image0012389.jpg,Smutek
archive (3)/Train/surprise/image0027114.jpg,Zaskoczenie
archive (3)/Test/Anger/image0003769.jpg,Złość
archive (3)/Train/fear/image0036948.jpg,Strach
archive (3)/Train/anger/image0027338.jpg,Złość
archive (3)/Test/fear/image0025029.jpg,Strach
archive (3)/Test/happy/ffhq_524.png,Szczęście
archive (3)/Test/fear/image0030246.jpg,Strach
archive (3)/Test/Anger/image0018074.jpg,Złość
archive (3)/Train/sad/image0026051.jpg,Smutek
archive (3)/Test/happy/ffhq_1224.png,Szczęście
archive (3)/Train/sad/image0027800.jpg,Smutek
archive (3)/Train/sad/image0008447.jpg,Smutek
archive (3)/Train/sad/image0028445.jpg,Smutek
archive (3)/Train/sad/image0028630.jpg,Smutek
archive (3)/Test/surprise/ffhq_366.png,Zaskoczenie
archive (3)/Train/sad/image0021055.jpg,Smutek
archive (3)/Test/Anger/image0002220.jpg,Złość
archive (3)/Test/fear/image0005766.jpg,Strach
archive (3)/Test/surprise/image0018910.jpg,Zaskoczenie
archive (3)/Test/happy/ffhq_2375.png,Szczęście
archive (3)/Train/surprise/image0030892.jpg,Zaskoczenie
archive (3)/Test/happy/ffhq_2318.png,Szczęście
archive (3)/Train/fear/image0035769.jpg,Strach
archive (3)/Test/sad/image0019961.jpg,Smutek
archive (3)/Train/fear/image0037184.jpg,Strach
archive (3)/Test/sad/image0004093.jpg,Smutek
archive (3)/Train/sad/image0024898.jpg,Smutek
archive (3)/Test/happy/ffhq_2643.png,Szczęście
archive (3)/Test/Anger/image0009562.jpg,Złość
archive (3)/Test/Anger/image0011986.jpg,Złość
archive (3)/Test/fear/image0030830.jpg,Strach
archive (3)/Train/sad/image0015505.jpg,Smutek
archive (3)/Train/happy/ffhq_4859.png,Szczęście
archive (3)/Train/sad/image0022505.jpg,Smutek
archive (3)/Test/happy/ffhq_226.png,Szczęście
archive (3)/Test/surprise/image0001659.jpg,Zaskoczenie
archive (3)/Test/happy/ffhq_2655.png,Szczęście
archive (3)/Test/fear/image0031624.jpg,Strach
archive (3)/Train/fear/image0036168.jpg,Strach
archive (3)/Train/sad/image0018340.jpg,Smutek
archive (3)/Test/happy/ffhq_2257.png,Szczęście
archive (3)/Train/surprise/image0031350.jpg,Zaskoczenie
archive (3)/Train/anger/image0022534.jpg,Złość
archive (3)/Test/happy/ffhq_1328.png,Szczęście
archive (3)/Test/sad/image0013919.jpg,Smutek
archive (3)/Test/Anger/image0018096.jpg,Złość
archive (3)/Test/happy/ffhq_2487.png,Szczęście
archive (3)/Train/anger/image0029817.jpg,Złość
archive (3)/Test/happy/ffhq_1476.png,Szczęście
archive (3)/Train/sad/image0008332.jpg,Smutek
archive (3)/Train/sad/image0029567.jpg,Smutek
archive (3)/Test/sad/image0017874.jpg,Smutek
archive (3)/Test/happy/ffhq_1271.png,Szczęście
archive (3)/Test/happy/ffhq_2247.png,Szczęście
archive (3)/Test/happy/ffhq_2701.png,Szczęście
archive (3)/Test/surprise/ffhq_33.png,Zaskoczenie
archive (3)/Test/happy/ffhq_1830.png,Szczęście
archive (3)/Train/sad/image0014479.jpg,Smutek
archive (3)/Test/surprise/image0019899.jpg,Zaskoczenie
archive (3)/Train/happy/ffhq_4894.png,Szczęście
archive (3)/Train/happy/ffhq_4245.png,Szczęście
archive (3)/Train/fear/image0035660.jpg,Strach
archive (3)/Train/happy/ffhq_3287.png,Szczęście
archive (3)/Test/Anger/image0005726.jpg,Złość
archive (3)/Train/surprise/image0030598.jpg,Zaskoczenie
archive (3)/Train/fear/image0040238.jpg,Strach
archive (3)/Train/sad/image0026052.jpg,Smutek
archive (3)/Train/sad/image0024651.jpg,Smutek
archive (3)/Train/surprise/image0027843.jpg,Zaskoczenie
archive (3)/Train/sad/image0014922.jpg,Smutek
archive (3)/Test/surprise/image0022407.jpg,Zaskoczenie
archive (3)/Test/fear/image0031810.jpg,Strach
archive (3)/Test/Anger/image0012473.jpg,Złość
archive (3)/Train/surprise/image0025391.jpg,Zaskoczenie
archive (3)/Train/surprise/image0030955.jpg,Zaskoczenie
archive (3)/Train/happy/ffhq_3989.png,Szczęście
archive (3)/Train/sad/image0015377.jpg,Smutek
archive (3)/Test/happy/ffhq_2624.png,Szczęście
archive (3)/Train/happy/ffhq_3531.png,Szczęście
archive (3)/Test/surprise/image0006567.jpg,Zaskoczenie
archive (3)/Train/sad/image0005650.jpg,Smutek
archive (3)/Train/anger/image0022439.jpg,Złość
archive (3)/Train/happy/ffhq_4737.png,Szczęście
archive (3)/Test/sad/image0010323.jpg,Smutek
archive (3)/Train/fear/image0037994.jpg,Strach
archive (3)/Test/Anger/image0003308.jpg,Złość
archive (3)/Test/happy/ffhq_2302.png,Szczęście
archive (3)/Test/happy/ffhq_1365.png,Szczęście
archive (3)/Test/fear/image0032561.jpg,Strach
archive (3)/Test/happy/ffhq_2490.png,Szczęście
archive (3)/Train/sad/image0017881.jpg,Smutek
archive (3)/Train/anger/image0029271.jpg,Złość
archive (3)/Test/happy/ffhq_2517.png,Szczęście
archive (3)/Test/Anger/image0018145.jpg,Złość
archive (3)/Test/surprise/image0013821.jpg,Zaskoczenie
archive (3)/Train/surprise/image0032673.jpg,Zaskoczenie
archive (3)/Train/happy/ffhq_4685.png,Szczęście
archive (3)/Test/surprise/image0001847.jpg,Zaskoczenie
archive (3)/Test/happy/ffhq_1692.png,Szczęście
archive (3)/Train/fear/image0037288.jpg,Strach
archive (3)/Train/sad/image0019510.jpg,Smutek
archive (3)/Test/fear/image0035028.jpg,Strach
archive (3)/Train/sad/image0009594.jpg,Smutek
archive (3)/Train/anger/image0028092.jpg,Złość
archive (3)/Train/surprise/image0028328.jpg,Zaskoczenie
archive (3)/Train/surprise/image0032813.jpg,Zaskoczenie
archive (3)/Train/happy/ffhq_4562.png,Szczęście
archive (3)/Train/fear/image0036158.jpg,Strach
archive (3)/Test/fear/image0023095.jpg,Strach
archive (3)/Test/surprise/ffhq_503.png,Zaskoczenie
archive (3)/Test/surprise/ffhq_228.png,Zaskoczenie
archive (3)/Train/sad/image0020144.jpg,Smutek
archive (3)/Train/surprise/image0024015.jpg,Zaskoczenie
archive (3)/Test/fear/image0035023.jpg,Strach
archive (3)/Test/happy/ffhq_1357.png,Szczęście
archive (3)/Train/sad/image0030351.jpg,Smutek
archive (3)/Train/anger/image0024011.jpg,Złość
archive (3)/Train/sad/image0019226.jpg,Smutek
archive (3)/Test/sad/image0010407.jpg,Smutek
archive (3)/Train/sad/image0030253.jpg,Smutek
archive (3)/Test/happy/ffhq_795.png,Szczęście
archive (3)/Train/happy/ffhq_3151.png,Szczęście
archive (3)/Train/fear/image0036795.jpg,Strach
archive (3)/Test/fear/image0035316.jpg,Strach
archive (3)/Train/sad/image0030041.jpg,Smutek
archive (3)/Train/sad/image0020408.jpg,Smutek
archive (3)/Train/fear/image0039765.jpg,Strach
archive (3)/Test/fear/image0030317.jpg,Strach
archive (3)/Train/surprise/image0029722.jpg,Zaskoczenie
archive (3)/Train/fear/image0039483.jpg,Strach
archive (3)/Train/sad/image0012535.jpg,Smutek
archive (3)/Train/sad/image0028790.jpg,Smutek
archive (3)/Test/fear/image0032160.jpg,Strach
archive (3)/Test/happy/ffhq_910.png,Szczęście
archive (3)/Train/surprise/image0029826.jpg,Zaskoczenie
archive (3)/Test/Anger/image0016351.jpg,Złość
archive (3)/Train/happy/ffhq_3900.png,Szczęście
archive (3)/Train/sad/image0024676.jpg,Smutek
archive (3)/Test/fear/image0031847.jpg,Strach
archive (3)/Train/surprise/image0026953.jpg,Zaskoczenie
archive (3)/Test/happy/ffhq_2108.png,Szczęście
archive (3)/Test/surprise/image0021108.jpg,Zaskoczenie
archive (3)/Test/surprise/image0019616.jpg,Zaskoczenie
archive (3)/Test/fear/image0032226.jpg,Strach
archive (3)/Train/fear/image0040021.jpg,Strach
archive (3)/Train/happy/ffhq_3231.png,Szczęście
archive (3)/Test/fear/image0034667.jpg,Strach
archive (3)/Train/sad/image0015370.jpg,Smutek
archive (3)/Train/happy/ffhq_4166.png,Szczęście
archive (3)/Train/surprise/image0027120.jpg,Zaskoczenie
archive (3)/Test/happy/ffhq_552.png,Szczęście
archive (3)/Train/surprise/image0030076.jpg,Zaskoczenie
archive (3)/Test/surprise/image0002180.jpg,Zaskoczenie
archive (3)/Test/happy/ffhq_2.png,Szczęście
archive (3)/Test/sad/image0017011.jpg,Smutek
archive (3)/Train/fear/image0040363.jpg,Strach
archive (3)/Test/happy/ffhq_2007.png,Szczęście
archive (3)/Train/happy/ffhq_4333.png,Szczęście
archive (3)/Train/sad/image0005884.jpg,Smutek
archive (3)/Train/anger/image0028993.jpg,Złość
archive (3)/Train/happy/ffhq_3696.png,Szczęście
archive (3)/Train/happy/ffhq_4825.png,Szczęście
archive (3)/Test/fear/image0031550.jpg,Strach
archive (3)/Test/surprise/image0007120.jpg,Zaskoczenie
archive (3)/Test/sad/image0005789.jpg,Smutek
archive (3)/Test/Anger/image0018088.jpg,Złość
archive (3)/Train/sad/image0022137.jpg,Smutek
archive (3)/Train/happy/ffhq_3868.png,Szczęście
archive (3)/Train/fear/image0038694.jpg,Strach
archive (3)/Test/fear/image0000284.jpg,Strach
archive (3)/Train/surprise/image0028408.jpg,Zaskoczenie
archive (3)/Test/surprise/image0022869.jpg,Zaskoczenie
archive (3)/Train/fear/image0040125.jpg,Strach
archive (3)/Train/fear/image0035633.jpg,Strach
archive (3)/Train/fear/image0038714.jpg,Strach
archive (3)/Test/happy/ffhq_1492.png,Szczęście
archive (3)/Train/sad/image0017914.jpg,Smutek
archive (3)/Train/happy/ffhq_2991.png,Szczęście
archive (3)/Test/surprise/image0004058.jpg,Zaskoczenie
archive (3)/Test/Anger/image0003049.jpg,Złość
archive (3)/Test/fear/image0019599.jpg,Strach
archive (3)/Train/happy/ffhq_4806.png,Szczęście
archive (3)/Train/happy/ffhq_4392.png,Szczęście
archive (3)/Train/sad/image0026916.jpg,Smutek
archive (3)/Test/sad/image0008581.jpg,Smutek
archive (3)/Test/happy/ffhq_1112.png,Szczęście
archive (3)/Test/surprise/ffhq_364.png,Zaskoczenie
archive (3)/Train/happy/ffhq_4807.png,Szczęście
archive (3)/Test/happy/ffhq_1487.png,Szczęście
archive (3)/Train/fear/image0038328.jpg,Strach
archive (3)/Train/sad/image0030336.jpg,Smutek
archive (3)/Train/happy/ffhq_4206.png,Szczęście
archive (3)/Train/sad/image0027334.jpg,Smutek
archive (3)/Train/anger/image0027375.jpg,Złość
archive (3)/Train/sad/image0011976.jpg,Smutek
archive (3)/Test/sad/image0007103.jpg,Smutek
archive (3)/Test/fear/image0031234.jpg,Strach
archive (3)/Train/surprise/image0034434.jpg,Zaskoczenie
archive (3)/Test/fear/image0024849.jpg,Strach
archive (3)/Train/sad/image0026988.jpg,Smutek
archive (3)/Test/happy/ffhq_529.png,Szczęście
archive (3)/Train/sad/image0015835.jpg,Smutek
archive (3)/Train/sad/image0001819.jpg,Smutek
archive (3)/Train/happy/ffhq_3701.png,Szczęście
archive (3)/Train/sad/image0028370.jpg,Smutek
archive (3)/Train/happy/ffhq_4763.png,Szczęście
archive (3)/Train/fear/image0036945.jpg,Strach
archive (3)/Train/happy/ffhq_3335.png,Szczęście
archive (3)/Test/sad/image0020688.jpg,Smutek
archive (3)/Test/fear/image0023677.jpg,Strach
archive (3)/Train/sad/image0021582.jpg,Smutek
archive (3)/Train/sad/image0002258.jpg,Smutek
archive (3)/Test/happy/ffhq_714.png,Szczęście
archive (3)/Test/fear/image0030778.jpg,Strach
archive (3)/Test/happy/ffhq_675.png,Szczęście
archive (3)/Train/surprise/image0031937.jpg,Zaskoczenie
archive (3)/Test/happy/ffhq_1861.png,Szczęście
archive (3)/Test/fear/image0029771.jpg,Strach
archive (3)/Train/happy/ffhq_4495.png,Szczęście
archive (3)/Train/anger/image0023018.jpg,Złość
archive (3)/Train/anger/image0029237.jpg,Złość
archive (3)/Train/happy/ffhq_4879.png,Szczęście
archive (3)/Train/sad/image0023096.jpg,Smutek
archive (3)/Train/surprise/image0034509.jpg,Zaskoczenie
archive (3)/Test/Anger/image0017978.jpg,Złość
archive (3)/Train/happy/ffhq_3976.png,Szczęście
archive (3)/Train/sad/image0018216.jpg,Smutek
archive (3)/Test/happy/ffhq_1392.png,Szczęście
archive (3)/Test/Anger/image0006771.jpg,Złość
archive (3)/Train/sad/image0013755.jpg,Smutek
archive (3)/Train/happy/ffhq_3204.png,Szczęście
archive (3)/Test/surprise/ffhq_79.png,Zaskoczenie
archive (3)/Train/anger/image0029588.jpg,Złość
archive (3)/Test/sad/image0021240.jpg,Smutek
archive (3)/Test/fear/image0023943.jpg,Strach
archive (3)/Train/surprise/image0032718.jpg,Zaskoczenie
archive (3)/Train/sad/image0020940.jpg,Smutek
archive (3)/Test/fear/image0016133.jpg,Strach
archive (3)/Train/happy/ffhq_4104.png,Szczęście
archive (3)/Test/happy/ffhq_1426.png,Szczęście
archive (3)/Test/happy/ffhq_2478.png,Szczęście
archive (3)/Test/sad/image0012273.jpg,Smutek
archive (3)/Train/sad/image0001569.jpg,Smutek
archive (3)/Train/surprise/image0028082.jpg,Zaskoczenie
archive (3)/Test/fear/image0024599.jpg,Strach
archive (3)/Test/sad/image0006117.jpg,Smutek
archive (3)/Train/surprise/image0034356.jpg,Zaskoczenie
archive (3)/Test/sad/image0012503.jpg,Smutek
archive (3)/Train/fear/image0036420.jpg,Strach
archive (3)/Train/sad/image0021605.jpg,Smutek
archive (3)/Test/fear/image0006401.jpg,Strach
archive (3)/Test/surprise/image0020206.jpg,Zaskoczenie
archive (3)/Test/Anger/image0012331.jpg,Złość
archive (3)/Train/surprise/image0027730.jpg,Zaskoczenie
archive (3)/Train/fear/image0040370.jpg,Strach
archive (3)/Train/happy/ffhq_4039.png,Szczęście
archive (3)/Test/fear/image0033212.jpg,Strach
archive (3)/Test/happy/ffhq_2667.png,Szczęście
archive (3)/Test/surprise/image0018849.jpg,Zaskoczenie
archive (3)/Test/Anger/image0016260.jpg,Złość
archive (3)/Test/Anger/image0003791.jpg,Złość
archive (3)/Train/sad/image0027185.jpg,Smutek
archive (3)/Test/fear/image0034266.jpg,Strach
archive (3)/Train/sad/image0023749.jpg,Smutek
archive (3)/Test/sad/image0008641.jpg,Smutek
archive (3)/Train/fear/image0038889.jpg,Strach
archive (3)/Test/surprise/ffhq_478.png,Zaskoczenie
archive (3)/Test/Anger/image0020291.jpg,Złość
archive (3)/Test/fear/image0026351.jpg,Strach
archive (3)/Train/sad/image0026312.jpg,Smutek
archive (3)/Train/sad/image0029952.jpg,Smutek
archive (3)/Train/surprise/image0033515.jpg,Zaskoczenie
archive (3)/Train/happy/ffhq_2706.png,Szczęście
archive (3)/Test/surprise/ffhq_182.png,Zaskoczenie
archive (3)/Train/sad/image0002226.jpg,Smutek
archive (3)/Train/happy/ffhq_4314.png,Szczęście
archive (3)/Test/fear/image0034011.jpg,Strach
archive (3)/Train/happy/ffhq_3727.png,Szczęście
archive (3)/Train/sad/image0028800.jpg,Smutek
archive (3)/Test/surprise/ffhq_378.png,Zaskoczenie
archive (3)/Train/sad/image0004595.jpg,Smutek
archive (3)/Test/happy/ffhq_1754.png,Szczęście
archive (3)/Train/sad/image0028407.jpg,Smutek
archive (3)/Train/sad/image0017958.jpg,Smutek
archive (3)/Test/Anger/image0016055.jpg,Złość
archive (3)/Train/happy/ffhq_3020.png,Szczęście
archive (3)/Test/Anger/image0005713.jpg,Złość
archive (3)/Test/Anger/image0005298.jpg,Złość
archive (3)/Test/surprise/ffhq_446.png,Zaskoczenie
archive (3)/Train/happy/ffhq_4751.png,Szczęście
archive (3)/Train/surprise/image0030699.jpg,Zaskoczenie
archive (3)/Test/surprise/image0022412.jpg,Zaskoczenie
archive (3)/Test/happy/ffhq_1695.png,Szczęście
archive (3)/Train/happy/ffhq_4229.png,Szczęście
archive (3)/Test/happy/ffhq_1053.png,Szczęście
archive (3)/Test/surprise/image0007478.jpg,Zaskoczenie
archive (3)/Train/sad/image0027869.jpg,Smutek
archive (3)/Train/happy/ffhq_4857.png,Szczęście
archive (3)/Train/anger/image0028721.jpg,Złość
archive (3)/Test/fear/image0035229.jpg,Strach
archive (3)/Train/happy/ffhq_4403.png,Szczęście
archive (3)/Train/anger/image0023527.jpg,Złość
archive (3)/Test/fear/image0030868.jpg,Strach
archive (3)/Train/sad/image0016751.jpg,Smutek
archive (3)/Train/sad/image0024366.jpg,Smutek
archive (3)/Train/anger/image0022273.jpg,Złość
archive (3)/Train/surprise/image0032787.jpg,Zaskoczenie
archive (3)/Train/sad/image0020010.jpg,Smutek
archive (3)/Test/fear/image0001991.jpg,Strach
archive (3)/Train/sad/image0023896.jpg,Smutek
archive (3)/Train/sad/image0025940.jpg,Smutek
archive (3)/Test/fear/image0024251.jpg,Strach
archive (3)/Train/sad/image0029284.jpg,Smutek
archive (3)/Test/sad/image0018687.jpg,Smutek
archive (3)/Train/sad/image0001842.jpg,Smutek
archive (3)/Train/sad/image0027990.jpg,Smutek
archive (3)/Train/fear/image0038677.jpg,Strach
archive (3)/Train/happy/ffhq_4724.png,Szczęście
archive (3)/Train/sad/image0020599.jpg,Smutek
archive (3)/Train/surprise/image0030851.jpg,Zaskoczenie
archive (3)/Test/Anger/image0012639.jpg,Złość
archive (3)/Train/happy/ffhq_4503.png,Szczęście
archive (3)/Test/Anger/image0009157.jpg,Złość
archive (3)/Test/fear/image0024267.jpg,Strach
archive (3)/Train/sad/image0016713.jpg,Smutek
archive (3)/Train/surprise/image0034896.jpg,Zaskoczenie
archive (3)/Test/Anger/image0020586.jpg,Złość
archive (3)/Test/happy/ffhq_2267.png,Szczęście
archive (3)/Test/Anger/image0015244.jpg,Złość
archive (3)/Train/sad/image0018420.jpg,Smutek
archive (3)/Train/surprise/image0034376.jpg,Zaskoczenie
archive (3)/Test/Anger/image0009379.jpg,Złość
archive (3)/Test/fear/image0033193.jpg,Strach
archive (3)/Train/happy/ffhq_2971.png,Szczęście
archive (3)/Test/surprise/ffhq_236.png,Zaskoczenie
archive (3)/Train/fear/image0039305.jpg,Strach
archive (3)/Test/fear/image0031144.jpg,Strach
archive (3)/Test/happy/ffhq_477.png,Szczęście
archive (3)/Test/Anger/image0019423.jpg,Złość
archive (3)/Train/anger/image0022523.jpg,Złość
archive (3)/Train/fear/image0040529.jpg,Strach
archive (3)/Train/anger/image0024649.jpg,Złość
archive (3)/Test/Anger/image0009370.jpg,Złość
archive (3)/Train/surprise/image0034795.jpg,Zaskoczenie
archive (3)/Train/surprise/image0026373.jpg,Zaskoczenie
archive (3)/Train/surprise/image0032619.jpg,Zaskoczenie
archive (3)/Test/surprise/image0022824.jpg,Zaskoczenie
archive (3)/Train/surprise/image0027129.jpg,Zaskoczenie
archive (3)/Test/surprise/image0012546.jpg,Zaskoczenie
archive (3)/Test/sad/image0006235.jpg,Smutek
archive (3)/Train/sad/image0005039.jpg,Smutek
archive (3)/Test/fear/image0035066.jpg,Strach
archive (3)/Test/surprise/image0017721.jpg,Zaskoczenie
archive (3)/Train/fear/image0037169.jpg,Strach
archive (3)/Train/sad/image0015373.jpg,Smutek
archive (3)/Train/happy/ffhq_3574.png,Szczęście
archive (3)/Train/anger/image0026394.jpg,Złość
archive (3)/Test/happy/ffhq_1189.png,Szczęście
archive (3)/Train/happy/ffhq_4345.png,Szczęście
archive (3)/Train/surprise/image0028580.jpg,Zaskoczenie
archive (3)/Test/sad/image0019079.jpg,Smutek
archive (3)/Test/happy/ffhq_1917.png,Szczęście
archive (3)/Train/fear/image0039234.jpg,Strach
archive (3)/Train/sad/image0022202.jpg,Smutek
archive (3)/Train/happy/ffhq_4532.png,Szczęście
archive (3)/Test/surprise/image0021576.jpg,Zaskoczenie
archive (3)/Train/sad/image0019135.jpg,Smutek
archive (3)/Train/fear/image0040841.jpg,Strach
archive (3)/Train/sad/image0027965.jpg,Smutek
archive (3)/Train/sad/image0009285.jpg,Smutek
archive (3)/Test/sad/image0015395.jpg,Smutek
archive (3)/Test/Anger/image0003519.jpg,Złość
archive (3)/Test/happy/ffhq_1095.png,Szczęście
archive (3)/Test/happy/ffhq_1726.png,Szczęście
archive (3)/Train/sad/image0000556.jpg,Smutek
archive (3)/Test/surprise/image0004829.jpg,Zaskoczenie
archive (3)/Test/happy/ffhq_1622.png,Szczęście
archive (3)/Train/fear/image0038189.jpg,Strach
archive (3)/Test/fear/image0024635.jpg,Strach
archive (3)/Test/surprise/image0022754.jpg,Zaskoczenie
archive (3)/Train/happy/ffhq_4591.png,Szczęście
archive (3)/Test/happy/ffhq_1395.png,Szczęście
archive (3)/Test/fear/image0022235.jpg,Strach
archive (3)/Test/happy/ffhq_2127.png,Szczęście
archive (3)/Test/happy/ffhq_907.png,Szczęście
archive (3)/Test/happy/ffhq_641.png,Szczęście
archive (3)/Test/Anger/image0009555.jpg,Złość
archive (3)/Train/anger/image0027402.jpg,Złość
archive (3)/Train/fear/image0040770.jpg,Strach
archive (3)/Test/surprise/ffhq_385.png,Zaskoczenie
archive (3)/Train/anger/image0029372.jpg,Złość
archive (3)/Train/surprise/image0034072.jpg,Zaskoczenie
archive (3)/Test/surprise/image0007081.jpg,Zaskoczenie
archive (3)/Test/fear/image0005387.jpg,Strach
archive (3)/Train/happy/ffhq_4679.png,Szczęście
archive (3)/Test/happy/ffhq_1975.png,Szczęście
archive (3)/Test/fear/image0035340.jpg,Strach
archive (3)/Test/happy/ffhq_1481.png,Szczęście
archive (3)/Train/fear/image0038672.jpg,Strach
archive (3)/Test/happy/ffhq_116.png,Szczęście
archive (3)/Train/sad/image0023389.jpg,Smutek
archive (3)/Test/fear/image0033029.jpg,Strach
archive (3)/Test/surprise/image0020745.jpg,Zaskoczenie
archive (3)/Test/fear/image0014563.jpg,Strach
archive (3)/Train/sad/image0022555.jpg,Smutek
archive (3)/Train/anger/image0026194.jpg,Złość
archive (3)/Test/surprise/image0015707.jpg,Zaskoczenie
archive (3)/Train/happy/ffhq_3794.png,Szczęście
archive (3)/Train/anger/image0026831.jpg,Złość
archive (3)/Train/fear/image0040375.jpg,Strach
archive (3)/Test/Anger/image0021689.jpg,Złość
archive (3)/Test/surprise/image0006573.jpg,Zaskoczenie
archive (3)/Test/sad/image0019493.jpg,Smutek
archive (3)/Test/fear/image0014065.jpg,Strach
archive (3)/Test/Anger/image0020375.jpg,Złość
archive (3)/Train/surprise/image0033524.jpg,Zaskoczenie
archive (3)/Test/Anger/image0016451.jpg,Złość
archive (3)/Train/sad/image0025638.jpg,Smutek
archive (3)/Test/happy/ffhq_538.png,Szczęście
archive (3)/Test/fear/image0034979.jpg,Strach
archive (3)/Train/anger/image0022051.jpg,Złość
archive (3)/Test/sad/image0019583.jpg,Smutek
archive (3)/Train/fear/image0039692.jpg,Strach
archive (3)/Train/happy/ffhq_2906.png,Szczęście
archive (3)/Train/sad/image0007403.jpg,Smutek
archive (3)/Test/happy/ffhq_1887.png,Szczęście
archive (3)/Test/Anger/image0002340.jpg,Złość
archive (3)/Train/surprise/image0028088.jpg,Zaskoczenie
archive (3)/Train/sad/image0024671.jpg,Smutek
archive (3)/Test/Anger/image0019353.jpg,Złość
archive (3)/Train/happy/ffhq_3562.png,Szczęście
archive (3)/Test/Anger/image0018850.jpg,Złość
archive (3)/Test/happy/ffhq_363.png,Szczęście
archive (3)/Train/happy/ffhq_3561.png,Szczęście
archive (3)/Test/sad/image0015415.jpg,Smutek
archive (3)/Test/surprise/image0009252.jpg,Zaskoczenie
archive (3)/Train/anger/image0023780.jpg,Złość
archive (3)/Test/happy/ffhq_1353.png,Szczęście
archive (3)/Test/happy/ffhq_1722.png,Szczęście
archive (3)/Train/happy/ffhq_3407.png,Szczęście
archive (3)/Test/fear/image0030613.jpg,Strach
archive (3)/Test/happy/ffhq_326.png,Szczęście
archive (3)/Train/happy/ffhq_4090.png,Szczęście
archive (3)/Train/anger/image0026190.jpg,Złość
archive (3)/Test/happy/ffhq_1114.png,Szczęście
archive (3)/Train/sad/image0026894.jpg,Smutek
archive (3)/Train/sad/image0029568.jpg,Smutek
archive (3)/Train/surprise/image0030982.jpg,Zaskoczenie
archive (3)/Train/fear/image0039331.jpg,Strach
archive (3)/Test/happy/ffhq_464.png,Szczęście
archive (3)/Train/happy/ffhq_3758.png,Szczęście
archive (3)/Train/anger/image0027154.jpg,Złość
archive (3)/Train/surprise/image0030572.jpg,Zaskoczenie
archive (3)/Train/surprise/image0024589.jpg,Zaskoczenie
archive (3)/Test/happy/ffhq_1986.png,Szczęście
archive (3)/Test/happy/ffhq_1373.png,Szczęście
archive (3)/Train/anger/image0029022.jpg,Złość
archive (3)/Test/surprise/image0021074.jpg,Zaskoczenie
archive (3)/Test/fear/image0027819.jpg,Strach
archive (3)/Test/happy/ffhq_1818.png,Szczęście
archive (3)/Test/surprise/image0002339.jpg,Zaskoczenie
archive (3)/Test/fear/image0027180.jpg,Strach
archive (3)/Train/sad/image0029338.jpg,Smutek
archive (3)/Test/happy/ffhq_147.png,Szczęście
archive (3)/Test/sad/image0016863.jpg,Smutek
archive (3)/Test/sad/image0012035.jpg,Smutek
archive (3)/Test/sad/image0017804.jpg,Smutek
archive (3)/Test/sad/image0021071.jpg,Smutek
archive (3)/Train/happy/ffhq_3597.png,Szczęście
archive (3)/Test/happy/ffhq_749.png,Szczęście
archive (3)/Train/happy/ffhq_3200.png,Szczęście
archive (3)/Train/sad/image0024225.jpg,Smutek
archive (3)/Train/sad/image0012782.jpg,Smutek
archive (3)/Test/happy/ffhq_837.png,Szczęście
archive (3)/Test/sad/image0007095.jpg,Smutek
archive (3)/Test/happy/ffhq_931.png,Szczęście
archive (3)/Test/sad/image0016908.jpg,Smutek
archive (3)/Train/sad/image0004668.jpg,Smutek
archive (3)/Test/happy/ffhq_1212.png,Szczęście
archive (3)/Test/sad/image0009118.jpg,Smutek
archive (3)/Test/Anger/image0013222.jpg,Złość
archive (3)/Test/surprise/ffhq_464.png,Zaskoczenie
archive (3)/Test/happy/ffhq_2087.png,Szczęście
archive (3)/Train/anger/image0027349.jpg,Złość
archive (3)/Test/happy/ffhq_2017.png,Szczęście
archive (3)/Test/fear/image0033201.jpg,Strach
archive (3)/Test/happy/ffhq_435.png,Szczęście
archive (3)/Train/fear/image0036335.jpg,Strach
archive (3)/Test/Anger/image0020125.jpg,Złość
archive (3)/Train/anger/image0023120.jpg,Złość
archive (3)/Test/sad/image0003765.jpg,Smutek
archive (3)/Test/fear/image0031042.jpg,Strach
archive (3)/Train/anger/image0023698.jpg,Złość
archive (3)/Train/sad/image0022586.jpg,Smutek
archive (3)/Test/happy/ffhq_2199.png,Szczęście
archive (3)/Train/fear/image0038379.jpg,Strach
archive (3)/Train/happy/ffhq_4843.png,Szczęście
archive (3)/Train/fear/image0037466.jpg,Strach
archive (3)/Test/sad/image0000162.jpg,Smutek
archive (3)/Train/surprise/image0027409.jpg,Zaskoczenie
archive (3)/Test/sad/image0001382.jpg,Smutek
archive (3)/Train/happy/ffhq_4708.png,Szczęście
archive (3)/Train/sad/image0021610.jpg,Smutek
archive (3)/Test/surprise/image0012254.jpg,Zaskoczenie
archive (3)/Test/happy/ffhq_1705.png,Szczęście
archive (3)/Train/sad/image0029737.jpg,Smutek
archive (3)/Test/Anger/image0005727.jpg,Złość
archive (3)/Train/happy/ffhq_4434.png,Szczęście
archive (3)/Train/fear/image0036366.jpg,Strach
archive (3)/Test/sad/image0018434.jpg,Smutek
archive (3)/Test/sad/image0012135.jpg,Smutek
archive (3)/Train/sad/image0023306.jpg,Smutek
archive (3)/Test/surprise/image0022675.jpg,Zaskoczenie
archive (3)/Train/fear/image0039017.jpg,Strach
archive (3)/Test/Anger/image0005983.jpg,Złość
archive (3)/Test/surprise/image0018423.jpg,Zaskoczenie
archive (3)/Test/surprise/image0005148.jpg,Zaskoczenie
archive (3)/Train/surprise/image0031803.jpg,Zaskoczenie
archive (3)/Train/fear/image0039369.jpg,Strach
archive (3)/Train/sad/image0021192.jpg,Smutek
archive (3)/Train/fear/image0038541.jpg,Strach
archive (3)/Test/Anger/image0002797.jpg,Złość
archive (3)/Train/sad/image0012263.jpg,Smutek
archive (3)/Test/fear/image0022678.jpg,Strach
archive (3)/Test/surprise/image0005599.jpg,Zaskoczenie
archive (3)/Test/happy/ffhq_182.png,Szczęście
archive (3)/Train/sad/image0028391.jpg,Smutek
archive (3)/Test/happy/ffhq_105.png,Szczęście
archive (3)/Train/sad/image0027751.jpg,Smutek
archive (3)/Train/fear/image0037317.jpg,Strach
archive (3)/Train/fear/image0040788.jpg,Strach
archive (3)/Train/sad/image0020039.jpg,Smutek
archive (3)/Test/Anger/image0002840.jpg,Złość
archive (3)/Test/happy/ffhq_673.png,Szczęście
archive (3)/Train/surprise/image0026038.jpg,Zaskoczenie
archive (3)/Test/Anger/image0020121.jpg,Złość
archive (3)/Train/fear/image0039329.jpg,Strach
archive (3)/Test/surprise/image0022355.jpg,Zaskoczenie
archive (3)/Test/Anger/image0003019.jpg,Złość
archive (3)/Test/happy/ffhq_2372.png,Szczęście
archive (3)/Train/sad/image0028404.jpg,Smutek
archive (3)/Train/happy/ffhq_2762.png,Szczęście
archive (3)/Train/sad/image0012798.jpg,Smutek
archive (3)/Train/surprise/image0034204.jpg,Zaskoczenie
archive (3)/Test/happy/ffhq_1411.png,Szczęście
archive (3)/Test/surprise/image0007245.jpg,Zaskoczenie
archive (3)/Test/Anger/image0020825.jpg,Złość
archive (3)/Test/surprise/image0020938.jpg,Zaskoczenie
archive (3)/Train/anger/image0026075.jpg,Złość
archive (3)/Test/happy/ffhq_1602.png,Szczęście
archive (3)/Test/sad/image0019836.jpg,Smutek
archive (3)/Test/sad/image0015455.jpg,Smutek
archive (3)/Train/sad/image0018687.jpg,Smutek
archive (3)/Train/fear/image0038734.jpg,Strach
archive (3)/Test/surprise/ffhq_568.png,Zaskoczenie
archive (3)/Test/fear/image0029780.jpg,Strach
archive (3)/Train/happy/ffhq_4114.png,Szczęście
archive (3)/Test/happy/ffhq_1109.png,Szczęście
archive (3)/Train/happy/ffhq_4716.png,Szczęście
archive (3)/Test/sad/image0017484.jpg,Smutek
archive (3)/Train/surprise/image0033326.jpg,Zaskoczenie
archive (3)/Test/happy/ffhq_1418.png,Szczęście
archive (3)/Train/anger/image0027865.jpg,Złość
archive (3)/Test/happy/ffhq_223.png,Szczęście
archive (3)/Test/Anger/image0020006.jpg,Złość
archive (3)/Train/happy/ffhq_4385.png,Szczęście
archive (3)/Train/sad/image0030184.jpg,Smutek
archive (3)/Test/sad/image0019581.jpg,Smutek
archive (3)/Train/fear/image0037867.jpg,Strach
archive (3)/Test/surprise/ffhq_266.png,Zaskoczenie
archive (3)/Train/anger/image0022665.jpg,Złość
archive (3)/Test/sad/image0011700.jpg,Smutek
archive (3)/Train/happy/ffhq_4688.png,Szczęście
archive (3)/Test/fear/image0034123.jpg,Strach
archive (3)/Test/happy/ffhq_601.png,Szczęście
archive (3)/Test/fear/image0020187.jpg,Strach
archive (3)/Train/happy/ffhq_3666.png,Szczęście
archive (3)/Train/happy/ffhq_4003.png,Szczęście
archive (3)/Train/anger/image0026587.jpg,Złość
archive (3)/Train/happy/ffhq_3741.png,Szczęście
archive (3)/Test/fear/image0035326.jpg,Strach
archive (3)/Train/sad/image0020977.jpg,Smutek
archive (3)/Test/surprise/ffhq_418.png,Zaskoczenie
archive (3)/Test/fear/image0032447.jpg,Strach
archive (3)/Train/happy/ffhq_3789.png,Szczęście
archive (3)/Train/happy/ffhq_3919.png,Szczęście
archive (3)/Test/sad/image0015055.jpg,Smutek
archive (3)/Test/sad/image0018316.jpg,Smutek
archive (3)/Train/happy/ffhq_4855.png,Szczęście
archive (3)/Train/anger/image0022134.jpg,Złość
archive (3)/Train/surprise/image0032865.jpg,Zaskoczenie
archive (3)/Test/sad/image0014615.jpg,Smutek
archive (3)/Train/happy/ffhq_4621.png,Szczęście
archive (3)/Test/surprise/image0017051.jpg,Zaskoczenie
archive (3)/Train/happy/ffhq_3735.png,Szczęście
archive (3)/Test/happy/ffhq_1535.png,Szczęście
archive (3)/Test/Anger/image0018533.jpg,Złość
archive (3)/Test/Anger/image0001527.jpg,Złość
archive (3)/Train/anger/image0028161.jpg,Złość
archive (3)/Test/sad/image0006250.jpg,Smutek
archive (3)/Train/surprise/image0029868.jpg,Zaskoczenie
archive (3)/Test/surprise/image0018160.jpg,Zaskoczenie
archive (3)/Train/fear/image0037959.jpg,Strach
archive (3)/Test/fear/image0035098.jpg,Strach
archive (3)/Train/fear/image0038033.jpg,Strach
archive (3)/Test/fear/image0032184.jpg,Strach
archive (3)/Test/Anger/image0010657.jpg,Złość
archive (3)/Test/Anger/image0010758.jpg,Złość
archive (3)/Train/surprise/image0026044.jpg,Zaskoczenie
archive (3)/Train/sad/image0005655.jpg,Smutek
archive (3)/Train/sad/image0024222.jpg,Smutek
archive (3)/Train/happy/ffhq_4292.png,Szczęście
archive (3)/Train/fear/image0035658.jpg,Strach
archive (3)/Train/anger/image0024810.jpg,Złość
archive (3)/Train/sad/image0008899.jpg,Smutek
archive (3)/Test/sad/image0000782.jpg,Smutek
archive (3)/Train/happy/ffhq_2962.png,Szczęście
archive (3)/Train/sad/image0028683.jpg,Smutek
archive (3)/Train/surprise/image0024747.jpg,Zaskoczenie
archive (3)/Train/happy/ffhq_4259.png,Szczęście
archive (3)/Train/fear/image0037893.jpg,Strach
archive (3)/Train/fear/image0036347.jpg,Strach
archive (3)/Train/surprise/image0025389.jpg,Zaskoczenie
archive (3)/Train/anger/image0030459.jpg,Złość
archive (3)/Train/fear/image0040441.jpg,Strach
archive (3)/Train/happy/ffhq_4112.png,Szczęście
archive (3)/Train/sad/image0020947.jpg,Smutek
archive (3)/Test/Anger/image0019050.jpg,Złość
archive (3)/Train/sad/image0002224.jpg,Smutek
archive (3)/Test/Anger/image0013175.jpg,Złość
archive (3)/Train/fear/image0038216.jpg,Strach
archive (3)/Train/surprise/image0031856.jpg,Zaskoczenie
archive (3)/Train/surprise/image0034607.jpg,Zaskoczenie
archive (3)/Test/fear/image0023603.jpg,Strach
archive (3)/Train/anger/image0022165.jpg,Złość
archive (3)/Train/happy/ffhq_3432.png,Szczęście
archive (3)/Test/happy/ffhq_699.png,Szczęście
archive (3)/Test/happy/ffhq_2314.png,Szczęście
archive (3)/Train/fear/image0040141.jpg,Strach
archive (3)/Train/happy/ffhq_3016.png,Szczęście
archive (3)/Test/surprise/ffhq_178.png,Zaskoczenie
archive (3)/Test/fear/image0025766.jpg,Strach
archive (3)/Train/sad/image0018272.jpg,Smutek
archive (3)/Train/happy/ffhq_4577.png,Szczęście
archive (3)/Test/happy/ffhq_2613.png,Szczęście
archive (3)/Test/surprise/image0014056.jpg,Zaskoczenie
archive (3)/Train/sad/image0012228.jpg,Smutek
archive (3)/Train/sad/image0008408.jpg,Smutek
archive (3)/Train/sad/image0025769.jpg,Smutek
archive (3)/Test/surprise/ffhq_555.png,Zaskoczenie
archive (3)/Train/happy/ffhq_3250.png,Szczęście
archive (3)/Train/surprise/image0031286.jpg,Zaskoczenie
archive (3)/Test/sad/image0002094.jpg,Smutek
archive (3)/Train/sad/image0000145.jpg,Smutek
archive (3)/Test/surprise/image0004187.jpg,Zaskoczenie
archive (3)/Test/fear/image0020858.jpg,Strach
archive (3)/Test/Anger/image0019070.jpg,Złość
archive (3)/Test/surprise/image0014116.jpg,Zaskoczenie
archive (3)/Train/anger/image0026689.jpg,Złość
archive (3)/Train/fear/image0036333.jpg,Strach
archive (3)/Test/happy/ffhq_599.png,Szczęście
archive (3)/Test/fear/image0033747.jpg,Strach
archive (3)/Test/surprise/image0014120.jpg,Zaskoczenie
archive (3)/Test/fear/image0035292.jpg,Strach
archive (3)/Train/surprise/image0031066.jpg,Zaskoczenie
archive (3)/Train/surprise/image0031171.jpg,Zaskoczenie
archive (3)/Test/Anger/image0001314.jpg,Złość
archive (3)/Test/fear/image0035398.jpg,Strach
archive (3)/Test/Anger/image0009519.jpg,Złość
archive (3)/Train/surprise/image0034363.jpg,Zaskoczenie
archive (3)/Test/fear/image0028227.jpg,Strach
archive (3)/Train/fear/image0037418.jpg,Strach
archive (3)/Train/surprise/image0025896.jpg,Zaskoczenie
archive (3)/Test/fear/image0035289.jpg,Strach
archive (3)/Train/anger/image0028561.jpg,Złość
archive (3)/Test/fear/image0018678.jpg,Strach
archive (3)/Test/surprise/image0018860.jpg,Zaskoczenie
archive (3)/Train/happy/ffhq_3863.png,Szczęście
archive (3)/Test/fear/image0020790.jpg,Strach
archive (3)/Train/sad/image0006795.jpg,Smutek
archive (3)/Test/happy/ffhq_2179.png,Szczęście
archive (3)/Test/Anger/image0004425.jpg,Złość
archive (3)/Train/anger/image0021945.jpg,Złość
archive (3)/Test/fear/image0031735.jpg,Strach
archive (3)/Train/fear/image0038294.jpg,Strach
archive (3)/Train/sad/image0015613.jpg,Smutek
archive (3)/Test/fear/image0029163.jpg,Strach
archive (3)/Test/fear/image0029969.jpg,Strach
archive (3)/Train/fear/image0038445.jpg,Strach
archive (3)/Test/surprise/image0018840.jpg,Zaskoczenie
archive (3)/Train/sad/image0022871.jpg,Smutek
archive (3)/Train/surprise/image0031281.jpg,Zaskoczenie
archive (3)/Train/anger/image0029857.jpg,Złość
archive (3)/Train/surprise/image0032314.jpg,Zaskoczenie
archive (3)/Train/sad/image0008262.jpg,Smutek
archive (3)/Test/fear/image0033800.jpg,Strach
archive (3)/Train/happy/ffhq_4465.png,Szczęście
archive (3)/Test/fear/image0034810.jpg,Strach
archive (3)/Test/sad/image0015496.jpg,Smutek
archive (3)/Test/surprise/ffhq_16.png,Zaskoczenie
archive (3)/Test/Anger/image0013257.jpg,Złość
archive (3)/Train/fear/image0040607.jpg,Strach
archive (3)/Train/sad/image0019890.jpg,Smutek
archive (3)/Test/Anger/image0015914.jpg,Złość
archive (3)/Test/Anger/image0020866.jpg,Złość
archive (3)/Train/anger/image0029818.jpg,Złość
archive (3)/Test/happy/ffhq_2493.png,Szczęście
archive (3)/Test/sad/image0021441.jpg,Smutek
archive (3)/Train/happy/ffhq_4620.png,Szczęście
archive (3)/Test/happy/ffhq_1854.png,Szczęście
archive (3)/Test/Anger/image0003016.jpg,Złość
archive (3)/Test/fear/image0028014.jpg,Strach
archive (3)/Train/fear/image0040767.jpg,Strach
archive (3)/Train/sad/image0027345.jpg,Smutek
archive (3)/Test/fear/image0033558.jpg,Strach
archive (3)/Test/fear/image0035551.jpg,Strach
archive (3)/Train/anger/image0027716.jpg,Złość
archive (3)/Test/fear/image0033866.jpg,Strach
archive (3)/Train/sad/image0028430.jpg,Smutek
archive (3)/Test/surprise/image0023578.jpg,Zaskoczenie
archive (3)/Test/sad/image0000145.jpg,Smutek
archive (3)/Test/Anger/image0020404.jpg,Złość
archive (3)/Train/fear/image0040394.jpg,Strach
archive (3)/Train/happy/ffhq_4365.png,Szczęście
archive (3)/Train/happy/ffhq_3846.png,Szczęście
archive (3)/Test/happy/ffhq_63.png,Szczęście
archive (3)/Test/happy/ffhq_1259.png,Szczęście
archive (3)/Train/surprise/image0028254.jpg,Zaskoczenie
archive (3)/Train/anger/image0024660.jpg,Złość
archive (3)/Train/anger/image0024756.jpg,Złość
archive (3)/Test/happy/ffhq_1191.png,Szczęście
archive (3)/Test/happy/ffhq_506.png,Szczęście
archive (3)/Train/happy/ffhq_4160.png,Szczęście
archive (3)/Test/sad/image0019419.jpg,Smutek
archive (3)/Test/fear/image0029490.jpg,Strach
archive (3)/Test/happy/ffhq_2252.png,Szczęście
archive (3)/Test/happy/ffhq_2583.png,Szczęście
archive (3)/Train/sad/image0011282.jpg,Smutek
archive (3)/Train/anger/image0029628.jpg,Złość
archive (3)/Train/fear/image0039809.jpg,Strach
archive (3)/Test/happy/ffhq_2110.png,Szczęście
archive (3)/Test/sad/image0020054.jpg,Smutek
archive (3)/Train/sad/image0013106.jpg,Smutek
archive (3)/Train/anger/image0022153.jpg,Złość
archive (3)/Train/fear/image0037704.jpg,Strach
archive (3)/Train/sad/image0025348.jpg,Smutek
archive (3)/Test/fear/image0029287.jpg,Strach
archive (3)/Test/fear/image0028983.jpg,Strach
archive (3)/Train/happy/ffhq_3183.png,Szczęście
archive (3)/Train/happy/ffhq_4860.png,Szczęście
archive (3)/Train/happy/ffhq_4687.png,Szczęście
archive (3)/Train/fear/image0037366.jpg,Strach
archive (3)/Train/sad/image0027720.jpg,Smutek
archive (3)/Train/sad/image0017445.jpg,Smutek
archive (3)/Train/anger/image0030362.jpg,Złość
archive (3)/Test/Anger/image0012970.jpg,Złość
archive (3)/Train/surprise/image0029050.jpg,Zaskoczenie
archive (3)/Test/surprise/image0022716.jpg,Zaskoczenie
archive (3)/Test/happy/ffhq_391.png,Szczęście
archive (3)/Train/happy/ffhq_4060.png,Szczęście
archive (3)/Test/surprise/image0020969.jpg,Zaskoczenie
archive (3)/Train/sad/image0005835.jpg,Smutek
archive (3)/Train/fear/image0037267.jpg,Strach
archive (3)/Test/fear/image0018588.jpg,Strach
archive (3)/Test/happy/ffhq_1916.png,Szczęście
archive (3)/Test/fear/image0035211.jpg,Strach
archive (3)/Test/sad/image0010961.jpg,Smutek
archive (3)/Test/happy/ffhq_2651.png,Szczęście
archive (3)/Train/anger/image0025541.jpg,Złość
archive (3)/Train/happy/ffhq_4157.png,Szczęście
archive (3)/Test/sad/image0015715.jpg,Smutek
archive (3)/Train/surprise/image0033333.jpg,Zaskoczenie
archive (3)/Train/surprise/image0031691.jpg,Zaskoczenie
archive (3)/Train/sad/image0005624.jpg,Smutek
archive (3)/Test/surprise/image0010474.jpg,Zaskoczenie
archive (3)/Test/surprise/image0019926.jpg,Zaskoczenie
archive (3)/Test/Anger/image0018611.jpg,Złość
archive (3)/Train/anger/image0024417.jpg,Złość
archive (3)/Train/happy/ffhq_4416.png,Szczęście
archive (3)/Test/sad/image0002576.jpg,Smutek
archive (3)/Test/Anger/image0021121.jpg,Złość
archive (3)/Train/happy/ffhq_2905.png,Szczęście
archive (3)/Train/sad/image0000977.jpg,Smutek
archive (3)/Train/happy/ffhq_4703.png,Szczęście
archive (3)/Test/happy/ffhq_1494.png,Szczęście
archive (3)/Train/surprise/image0033423.jpg,Zaskoczenie
archive (3)/Test/fear/image0020861.jpg,Strach
archive (3)/Test/Anger/image0021010.jpg,Złość
archive (3)/Test/surprise/ffhq_354.png,Zaskoczenie
archive (3)/Train/sad/image0003896.jpg,Smutek
archive (3)/Test/fear/image0033079.jpg,Strach
archive (3)/Test/fear/image0035207.jpg,Strach
archive (3)/Train/sad/image0003846.jpg,Smutek
archive (3)/Train/surprise/image0031593.jpg,Zaskoczenie
archive (3)/Test/fear/image0032306.jpg,Strach
archive (3)/Train/sad/image0027518.jpg,Smutek
archive (3)/Test/surprise/ffhq_423.png,Zaskoczenie
archive (3)/Train/happy/ffhq_3110.png,Szczęście
archive (3)/Train/happy/ffhq_2977.png,Szczęście
archive (3)/Test/happy/ffhq_2066.png,Szczęście
archive (3)/Test/surprise/image0013735.jpg,Zaskoczenie
archive (3)/Test/happy/ffhq_1798.png,Szczęście
archive (3)/Test/Anger/image0015630.jpg,Złość
archive (3)/Test/happy/ffhq_2453.png,Szczęście
archive (3)/Test/surprise/ffhq_494.png,Zaskoczenie
archive (3)/Train/sad/image0027740.jpg,Smutek
archive (3)/Test/happy/ffhq_2251.png,Szczęście
archive (3)/Test/happy/ffhq_1044.png,Szczęście
archive (3)/Test/fear/image0022570.jpg,Strach
archive (3)/Train/surprise/image0034168.jpg,Zaskoczenie
archive (3)/Train/surprise/image0034524.jpg,Zaskoczenie
archive (3)/Train/surprise/image0031262.jpg,Zaskoczenie
archive (3)/Train/sad/image0026721.jpg,Smutek
archive (3)/Train/anger/image0026692.jpg,Złość
archive (3)/Train/fear/image0040473.jpg,Strach
archive (3)/Test/surprise/ffhq_377.png,Zaskoczenie
archive (3)/Train/surprise/image0029589.jpg,Zaskoczenie
archive (3)/Train/sad/image0028914.jpg,Smutek
archive (3)/Train/sad/image0000093.jpg,Smutek
archive (3)/Test/happy/ffhq_1775.png,Szczęście
archive (3)/Train/happy/ffhq_3542.png,Szczęście
archive (3)/Test/fear/image0022572.jpg,Strach
archive (3)/Train/sad/image0025359.jpg,Smutek
archive (3)/Test/surprise/image0010490.jpg,Zaskoczenie
archive (3)/Train/happy/ffhq_3906.png,Szczęście
archive (3)/Test/happy/ffhq_164.png,Szczęście
archive (3)/Test/surprise/image0018721.jpg,Zaskoczenie
archive (3)/Train/fear/image0039061.jpg,Strach
archive (3)/Test/sad/image0021424.jpg,Smutek
archive (3)/Test/happy/ffhq_1459.png,Szczęście
archive (3)/Test/Anger/image0018152.jpg,Złość
archive (3)/Train/fear/image0040409.jpg,Strach
archive (3)/Train/sad/image0020288.jpg,Smutek
archive (3)/Train/anger/image0026022.jpg,Złość
archive (3)/Train/anger/image0030369.jpg,Złość
archive (3)/Test/Anger/image0015639.jpg,Złość
archive (3)/Train/sad/image0029305.jpg,Smutek
archive (3)/Train/happy/ffhq_4780.png,Szczęście
archive (3)/Test/surprise/image0017774.jpg,Zaskoczenie
archive (3)/Test/happy/ffhq_2364.png,Szczęście
archive (3)/Train/surprise/image0031628.jpg,Zaskoczenie
archive (3)/Test/surprise/ffhq_305.png,Zaskoczenie
archive (3)/Test/happy/ffhq_2576.png,Szczęście
archive (3)/Train/surprise/image0031800.jpg,Zaskoczenie
archive (3)/Test/surprise/ffhq_565.png,Zaskoczenie
archive (3)/Test/fear/image0029512.jpg,Strach
archive (3)/Train/sad/image0029610.jpg,Smutek
archive (3)/Train/happy/ffhq_3587.png,Szczęście
archive (3)/Train/fear/image0038533.jpg,Strach
archive (3)/Train/anger/image0025751.jpg,Złość
archive (3)/Test/surprise/image0009389.jpg,Zaskoczenie
archive (3)/Test/sad/image0017407.jpg,Smutek
archive (3)/Test/surprise/image0005930.jpg,Zaskoczenie
archive (3)/Test/Anger/image0021396.jpg,Złość
archive (3)/Test/happy/ffhq_2665.png,Szczęście
archive (3)/Train/fear/image0039175.jpg,Strach
archive (3)/Train/sad/image0019586.jpg,Smutek
archive (3)/Train/surprise/image0032734.jpg,Zaskoczenie
archive (3)/Train/fear/image0037617.jpg,Strach
archive (3)/Test/happy/ffhq_783.png,Szczęście
archive (3)/Test/fear/image0017653.jpg,Strach
archive (3)/Train/surprise/image0026796.jpg,Zaskoczenie
archive (3)/Train/sad/image0020816.jpg,Smutek
archive (3)/Train/anger/image0026083.jpg,Złość
archive (3)/Test/surprise/ffhq_571.png,Zaskoczenie
archive (3)/Train/sad/image0016564.jpg,Smutek
archive (3)/Train/happy/ffhq_4045.png,Szczęście
archive (3)/Test/Anger/image0019769.jpg,Złość
archive (3)/Train/anger/image0028025.jpg,Złość
archive (3)/Train/sad/image0029422.jpg,Smutek
archive (3)/Test/happy/ffhq_2361.png,Szczęście
archive (3)/Train/fear/image0039583.jpg,Strach
archive (3)/Test/fear/image0033013.jpg,Strach
archive (3)/Train/surprise/image0031763.jpg,Zaskoczenie
archive (3)/Test/happy/ffhq_970.png,Szczęście
archive (3)/Train/anger/image0024750.jpg,Złość
archive (3)/Test/happy/ffhq_1547.png,Szczęście
archive (3)/Train/happy/ffhq_4116.png,Szczęście
archive (3)/Train/surprise/image0031983.jpg,Zaskoczenie
archive (3)/Train/happy/ffhq_2973.png,Szczęście
archive (3)/Train/sad/image0025082.jpg,Smutek
archive (3)/Test/fear/image0034281.jpg,Strach
archive (3)/Test/surprise/ffhq_479.png,Zaskoczenie
archive (3)/Train/happy/ffhq_2897.png,Szczęście
archive (3)/Train/happy/ffhq_3516.png,Szczęście
archive (3)/Test/sad/image0017673.jpg,Smutek
archive (3)/Test/fear/image0035524.jpg,Strach
archive (3)/Train/happy/image0032687.jpg,Szczęście
archive (3)/Test/sad/image0014196.jpg,Smutek
archive (3)/Test/surprise/ffhq_105.png,Zaskoczenie
archive (3)/Test/fear/image0035276.jpg,Strach
archive (3)/Test/happy/ffhq_671.png,Szczęście
archive (3)/Train/sad/image0006396.jpg,Smutek
archive (3)/Test/fear/image0035140.jpg,Strach
archive (3)/Test/fear/image0010842.jpg,Strach
archive (3)/Train/sad/image0017864.jpg,Smutek
archive (3)/Train/happy/ffhq_3424.png,Szczęście
archive (3)/Train/happy/ffhq_2836.png,Szczęście
archive (3)/Train/happy/ffhq_2841.png,Szczęście
archive (3)/Test/surprise/ffhq_637.png,Zaskoczenie
archive (3)/Test/surprise/image0017976.jpg,Zaskoczenie
archive (3)/Test/fear/image0022425.jpg,Strach
archive (3)/Train/fear/image0036484.jpg,Strach
archive (3)/Test/happy/ffhq_1738.png,Szczęście
archive (3)/Test/happy/ffhq_713.png,Szczęście
archive (3)/Train/surprise/image0029141.jpg,Zaskoczenie
archive (3)/Train/happy/ffhq_3394.png,Szczęście
archive (3)/Test/sad/image0018771.jpg,Smutek
archive (3)/Train/sad/image0024545.jpg,Smutek
archive (3)/Test/happy/ffhq_2605.png,Szczęście
archive (3)/Train/sad/image0004094.jpg,Smutek
archive (3)/Train/happy/ffhq_2806.png,Szczęście
archive (3)/Train/surprise/image0032171.jpg,Zaskoczenie
archive (3)/Train/sad/image0019666.jpg,Smutek
archive (3)/Train/surprise/image0033218.jpg,Zaskoczenie
archive (3)/Train/sad/image0016677.jpg,Smutek
archive (3)/Train/sad/image0028602.jpg,Smutek
archive (3)/Test/surprise/image0012270.jpg,Zaskoczenie
archive (3)/Train/happy/ffhq_4342.png,Szczęście
archive (3)/Test/surprise/image0010495.jpg,Zaskoczenie
archive (3)/Test/happy/ffhq_81.png,Szczęście
archive (3)/Train/fear/image0039812.jpg,Strach
archive (3)/Train/happy/ffhq_3879.png,Szczęście
archive (3)/Test/sad/image0007651.jpg,Smutek
archive (3)/Train/anger/image0030130.jpg,Złość
archive (3)/Test/sad/image0000111.jpg,Smutek
archive (3)/Train/fear/image0037623.jpg,Strach
archive (3)/Test/surprise/image0022306.jpg,Zaskoczenie
archive (3)/Test/surprise/image0000608.jpg,Zaskoczenie
archive (3)/Train/surprise/image0031420.jpg,Zaskoczenie
archive (3)/Train/anger/image0026707.jpg,Złość
archive (3)/Train/fear/image0039343.jpg,Strach
archive (3)/Train/happy/ffhq_4536.png,Szczęście
archive (3)/Test/fear/image0018188.jpg,Strach
archive (3)/Train/sad/image0027282.jpg,Smutek
archive (3)/Test/fear/image0035103.jpg,Strach
archive (3)/Train/sad/image0021547.jpg,Smutek
archive (3)/Test/happy/ffhq_709.png,Szczęście
archive (3)/Train/sad/image0026763.jpg,Smutek
archive (3)/Test/sad/image0003603.jpg,Smutek
archive (3)/Test/sad/image0020571.jpg,Smutek
archive (3)/Train/surprise/image0024019.jpg,Zaskoczenie
archive (3)/Test/sad/image0004498.jpg,Smutek
archive (3)/Train/anger/image0028435.jpg,Złość
archive (3)/Test/fear/image0034295.jpg,Strach
archive (3)/Train/anger/image0027850.jpg,Złość
archive (3)/Test/happy/ffhq_980.png,Szczęście
archive (3)/Test/happy/ffhq_1804.png,Szczęście
archive (3)/Train/sad/image0012466.jpg,Smutek
archive (3)/Test/surprise/ffhq_468.png,Zaskoczenie
archive (3)/Train/anger/image0029507.jpg,Złość
archive (3)/Train/happy/image0031881.jpg,Szczęście
archive (3)/Test/fear/image0023844.jpg,Strach
archive (3)/Train/surprise/image0034461.jpg,Zaskoczenie
archive (3)/Train/surprise/image0026535.jpg,Zaskoczenie
archive (3)/Test/surprise/ffhq_90.png,Zaskoczenie
archive (3)/Test/fear/image0035438.jpg,Strach
archive (3)/Train/fear/image0039150.jpg,Strach
archive (3)/Test/happy/ffhq_255.png,Szczęście
archive (3)/Test/Anger/image0015393.jpg,Złość
archive (3)/Train/sad/image0026770.jpg,Smutek
archive (3)/Train/sad/image0029094.jpg,Smutek
archive (3)/Train/sad/image0029884.jpg,Smutek
archive (3)/Test/happy/ffhq_293.png,Szczęście
archive (3)/Train/surprise/image0026484.jpg,Zaskoczenie
archive (3)/Train/sad/image0029710.jpg,Smutek
archive (3)/Train/sad/image0028621.jpg,Smutek
archive (3)/Test/fear/image0003420.jpg,Strach
archive (3)/Test/surprise/image0003933.jpg,Zaskoczenie
archive (3)/Train/anger/image0024092.jpg,Złość
archive (3)/Test/fear/image0013111.jpg,Strach
archive (3)/Test/Anger/image0011595.jpg,Złość
archive (3)/Train/anger/image0029541.jpg,Złość
archive (3)/Test/fear/image0020851.jpg,Strach
archive (3)/Test/fear/image0032709.jpg,Strach
archive (3)/Train/happy/ffhq_3779.png,Szczęście
archive (3)/Train/sad/image0027458.jpg,Smutek
archive (3)/Train/surprise/image0031119.jpg,Zaskoczenie
archive (3)/Test/sad/image0016728.jpg,Smutek
archive (3)/Train/sad/image0025648.jpg,Smutek
archive (3)/Test/happy/ffhq_1508.png,Szczęście
archive (3)/Train/surprise/image0034305.jpg,Zaskoczenie
archive (3)/Test/fear/image0033107.jpg,Strach
archive (3)/Train/fear/image0037673.jpg,Strach
archive (3)/Test/happy/ffhq_478.png,Szczęście
archive (3)/Train/happy/ffhq_4320.png,Szczęście
archive (3)/Train/sad/image0000096.jpg,Smutek
archive (3)/Test/surprise/image0020021.jpg,Zaskoczenie
archive (3)/Train/surprise/image0031946.jpg,Zaskoczenie
archive (3)/Test/happy/ffhq_501.png,Szczęście
archive (3)/Test/Anger/image0006544.jpg,Złość
archive (3)/Train/sad/image0003603.jpg,Smutek
archive (3)/Train/surprise/image0030472.jpg,Zaskoczenie
archive (3)/Train/sad/image0029538.jpg,Smutek
archive (3)/Train/sad/image0026178.jpg,Smutek
archive (3)/Train/sad/image0012301.jpg,Smutek
archive (3)/Train/fear/image0036892.jpg,Strach
archive (3)/Train/anger/image0023350.jpg,Złość
archive (3)/Train/sad/image0028473.jpg,Smutek
archive (3)/Test/sad/image0014931.jpg,Smutek
archive (3)/Test/happy/ffhq_439.png,Szczęście
archive (3)/Test/sad/image0020468.jpg,Smutek
archive (3)/Train/surprise/image0034651.jpg,Zaskoczenie
archive (3)/Test/fear/image0032910.jpg,Strach
archive (3)/Test/happy/ffhq_2416.png,Szczęście
archive (3)/Test/fear/image0033877.jpg,Strach
archive (3)/Test/Anger/image0013786.jpg,Złość
archive (3)/Test/happy/ffhq_210.png,Szczęście
archive (3)/Train/surprise/image0028637.jpg,Zaskoczenie
archive (3)/Train/sad/image0016279.jpg,Smutek
archive (3)/Test/fear/image0032935.jpg,Strach
archive (3)/Train/fear/image0037891.jpg,Strach
archive (3)/Train/fear/image0039871.jpg,Strach
archive (3)/Train/fear/image0036477.jpg,Strach
archive (3)/Test/fear/image0029219.jpg,Strach
archive (3)/Test/fear/image0034905.jpg,Strach
archive (3)/Train/sad/image0011358.jpg,Smutek
archive (3)/Train/sad/image0017893.jpg,Smutek
archive (3)/Train/fear/image0037693.jpg,Strach
archive (3)/Test/Anger/image0016397.jpg,Złość
archive (3)/Test/sad/image0017792.jpg,Smutek
archive (3)/Test/happy/ffhq_2626.png,Szczęście
archive (3)/Test/happy/ffhq_1168.png,Szczęście
archive (3)/Train/sad/image0014327.jpg,Smutek
archive (3)/Train/surprise/image0034507.jpg,Zaskoczenie
archive (3)/Train/sad/image0029062.jpg,Smutek
archive (3)/Train/sad/image0016679.jpg,Smutek
archive (3)/Test/Anger/image0000407.jpg,Złość
archive (3)/Train/fear/image0037912.jpg,Strach
archive (3)/Train/happy/ffhq_3625.png,Szczęście
archive (3)/Test/fear/image0023906.jpg,Strach
archive (3)/Test/surprise/image0009666.jpg,Zaskoczenie
archive (3)/Train/happy/ffhq_3108.png,Szczęście
archive (3)/Test/sad/image0012832.jpg,Smutek
archive (3)/Test/happy/ffhq_94.png,Szczęście
archive (3)/Test/fear/image0033967.jpg,Strach
archive (3)/Train/sad/image0014951.jpg,Smutek
archive (3)/Train/happy/ffhq_3962.png,Szczęście
archive (3)/Train/anger/image0028696.jpg,Złość
archive (3)/Test/happy/ffhq_1449.png,Szczęście
archive (3)/Train/happy/ffhq_3717.png,Szczęście
archive (3)/Test/Anger/image0021090.jpg,Złość
archive (3)/Train/sad/image0022120.jpg,Smutek
archive (3)/Train/anger/image0026817.jpg,Złość
archive (3)/Test/fear/image0033653.jpg,Strach
archive (3)/Train/surprise/image0024356.jpg,Zaskoczenie
archive (3)/Train/sad/image0017549.jpg,Smutek
archive (3)/Test/fear/image0020297.jpg,Strach
archive (3)/Test/sad/image0014523.jpg,Smutek
archive (3)/Train/happy/ffhq_4739.png,Szczęście
archive (3)/Test/sad/image0013499.jpg,Smutek
archive (3)/Train/surprise/image0031574.jpg,Zaskoczenie
archive (3)/Test/surprise/image0018473.jpg,Zaskoczenie
archive (3)/Train/surprise/image0028186.jpg,Zaskoczenie
archive (3)/Train/fear/image0040907.jpg,Strach
archive (3)/Test/Anger/image0021337.jpg,Złość
archive (3)/Test/sad/image0002595.jpg,Smutek
archive (3)/Test/sad/image0014327.jpg,Smutek
archive (3)/Train/surprise/image0030801.jpg,Zaskoczenie
archive (3)/Train/sad/image0027498.jpg,Smutek
archive (3)/Train/fear/image0040542.jpg,Strach
archive (3)/Test/fear/image0023746.jpg,Strach
archive (3)/Train/sad/image0028052.jpg,Smutek
archive (3)/Test/fear/image0032770.jpg,Strach
archive (3)/Train/sad/image0026566.jpg,Smutek
archive (3)/Test/happy/ffhq_1908.png,Szczęście
archive (3)/Train/sad/image0026781.jpg,Smutek
archive (3)/Test/sad/image0020959.jpg,Smutek
archive (3)/Train/fear/image0037292.jpg,Strach
archive (3)/Train/sad/image0007937.jpg,Smutek
archive (3)/Train/surprise/image0028090.jpg,Zaskoczenie
archive (3)/Train/surprise/image0032157.jpg,Zaskoczenie
archive (3)/Test/Anger/image0021088.jpg,Złość
archive (3)/Train/happy/ffhq_4785.png,Szczęście
archive (3)/Test/sad/image0008539.jpg,Smutek
archive (3)/Test/happy/ffhq_1153.png,Szczęście
archive (3)/Test/Anger/image0021810.jpg,Złość
archive (3)/Train/happy/ffhq_4874.png,Szczęście
archive (3)/Test/happy/ffhq_2385.png,Szczęście
archive (3)/Train/surprise/image0026095.jpg,Zaskoczenie
archive (3)/Test/happy/ffhq_976.png,Szczęście
archive (3)/Train/happy/ffhq_4758.png,Szczęście
archive (3)/Train/sad/image0028217.jpg,Smutek
archive (3)/Train/fear/image0037332.jpg,Strach
archive (3)/Test/happy/ffhq_1469.png,Szczęście
archive (3)/Train/surprise/image0028821.jpg,Zaskoczenie
archive (3)/Test/sad/image0001819.jpg,Smutek
archive (3)/Test/sad/image0019108.jpg,Smutek
archive (3)/Train/happy/ffhq_2854.png,Szczęście
archive (3)/Train/happy/ffhq_3051.png,Szczęście
archive (3)/Train/sad/image0027661.jpg,Smutek
archive (3)/Test/happy/ffhq_17.png,Szczęście
archive (3)/Train/fear/image0038074.jpg,Strach
archive (3)/Train/fear/image0036200.jpg,Strach
archive (3)/Train/sad/image0002489.jpg,Smutek
archive (3)/Test/Anger/image0012161.jpg,Złość
archive (3)/Test/sad/image0015106.jpg,Smutek
archive (3)/Test/sad/image0009294.jpg,Smutek
archive (3)/Test/Anger/image0010050.jpg,Złość
archive (3)/Train/anger/image0030576.jpg,Złość
archive (3)/Train/sad/image0018098.jpg,Smutek
archive (3)/Test/happy/ffhq_1247.png,Szczęście
archive (3)/Train/fear/image0037340.jpg,Strach
archive (3)/Train/happy/ffhq_4051.png,Szczęście
archive (3)/Train/happy/ffhq_4377.png,Szczęście
archive (3)/Train/anger/image0021900.jpg,Złość
archive (3)/Train/sad/image0027146.jpg,Smutek
archive (3)/Train/sad/image0024090.jpg,Smutek
archive (3)/Train/anger/image0028340.jpg,Złość
archive (3)/Test/fear/image0031353.jpg,Strach
archive (3)/Test/fear/image0033679.jpg,Strach
archive (3)/Train/sad/image0030452.jpg,Smutek
archive (3)/Train/fear/image0037527.jpg,Strach
archive (3)/Train/surprise/image0034835.jpg,Zaskoczenie
archive (3)/Test/surprise/ffhq_483.png,Zaskoczenie
archive (3)/Train/happy/image0039941.jpg,Szczęście
archive (3)/Test/happy/ffhq_613.png,Szczęście
archive (3)/Train/anger/image0024521.jpg,Złość
archive (3)/Train/anger/image0028133.jpg,Złość
archive (3)/Train/anger/image0024023.jpg,Złość
archive (3)/Test/Anger/image0019606.jpg,Złość
archive (3)/Train/anger/image0022897.jpg,Złość
archive (3)/Train/fear/image0038744.jpg,Strach
archive (3)/Train/happy/ffhq_4170.png,Szczęście
archive (3)/Train/sad/image0000628.jpg,Smutek
archive (3)/Train/surprise/image0031789.jpg,Zaskoczenie
archive (3)/Train/fear/image0039484.jpg,Strach
archive (3)/Train/happy/ffhq_4199.png,Szczęście
archive (3)/Test/fear/image0030764.jpg,Strach
archive (3)/Train/sad/image0024224.jpg,Smutek
archive (3)/Test/fear/image0031272.jpg,Strach
archive (3)/Test/happy/ffhq_1033.png,Szczęście
archive (3)/Test/sad/image0012088.jpg,Smutek
archive (3)/Train/surprise/image0025811.jpg,Zaskoczenie
archive (3)/Test/sad/image0020398.jpg,Smutek
archive (3)/Train/surprise/image0033988.jpg,Zaskoczenie
archive (3)/Test/fear/image0034446.jpg,Strach
archive (3)/Train/surprise/image0034038.jpg,Zaskoczenie
archive (3)/Train/fear/image0036294.jpg,Strach
archive (3)/Test/surprise/ffhq_56.png,Zaskoczenie
archive (3)/Test/sad/image0017468.jpg,Smutek
archive (3)/Test/surprise/ffhq_472.png,Zaskoczenie
archive (3)/Test/Anger/image0018912.jpg,Złość
archive (3)/Train/sad/image0001275.jpg,Smutek
archive (3)/Test/happy/ffhq_236.png,Szczęście
archive (3)/Test/sad/image0013959.jpg,Smutek
archive (3)/Test/surprise/image0021473.jpg,Zaskoczenie
archive (3)/Train/happy/ffhq_4870.png,Szczęście
archive (3)/Test/surprise/image0018496.jpg,Zaskoczenie
archive (3)/Train/happy/ffhq_3458.png,Szczęście
archive (3)/Train/anger/image0029127.jpg,Złość
archive (3)/Test/fear/image0033450.jpg,Strach
archive (3)/Test/surprise/ffhq_72.png,Zaskoczenie
archive (3)/Test/surprise/image0020405.jpg,Zaskoczenie
archive (3)/Train/anger/image0028727.jpg,Złość
archive (3)/Test/Anger/image0008921.jpg,Złość
archive (3)/Test/fear/image0028153.jpg,Strach
archive (3)/Test/surprise/image0022162.jpg,Zaskoczenie
archive (3)/Train/happy/ffhq_3560.png,Szczęście
archive (3)/Test/happy/ffhq_1396.png,Szczęście
archive (3)/Train/sad/image0022219.jpg,Smutek
archive (3)/Train/fear/image0037363.jpg,Strach
archive (3)/Train/anger/image0026509.jpg,Złość
archive (3)/Test/sad/image0021192.jpg,Smutek
archive (3)/Train/sad/image0019916.jpg,Smutek
archive (3)/Test/Anger/image0020091.jpg,Złość
archive (3)/Test/happy/ffhq_1275.png,Szczęście
archive (3)/Test/fear/image0002620.jpg,Strach
archive (3)/Train/sad/image0022044.jpg,Smutek
archive (3)/Train/fear/image0036783.jpg,Strach
archive (3)/Test/Anger/image0016615.jpg,Złość
archive (3)/Test/happy/ffhq_1132.png,Szczęście
archive (3)/Test/fear/image0029470.jpg,Strach
archive (3)/Test/sad/image0017471.jpg,Smutek
archive (3)/Test/happy/ffhq_1674.png,Szczęście
archive (3)/Test/Anger/image0020929.jpg,Złość
archive (3)/Train/happy/ffhq_4195.png,Szczęście
archive (3)/Test/fear/image0025492.jpg,Strach
archive (3)/Train/surprise/image0025490.jpg,Zaskoczenie
archive (3)/Test/Anger/image0015957.jpg,Złość
archive (3)/Train/sad/image0026365.jpg,Smutek
archive (3)/Train/surprise/image0033900.jpg,Zaskoczenie
archive (3)/Train/anger/image0026285.jpg,Złość
archive (3)/Test/surprise/image0006659.jpg,Zaskoczenie
archive (3)/Train/sad/image0002414.jpg,Smutek
archive (3)/Test/surprise/image0013932.jpg,Zaskoczenie
archive (3)/Train/sad/image0006623.jpg,Smutek
archive (3)/Test/Anger/image0019740.jpg,Złość
archive (3)/Test/Anger/image0004848.jpg,Złość
archive (3)/Test/sad/image0006515.jpg,Smutek
archive (3)/Train/surprise/image0034232.jpg,Zaskoczenie
archive (3)/Train/surprise/image0034471.jpg,Zaskoczenie
archive (3)/Train/sad/image0030430.jpg,Smutek
archive (3)/Train/fear/image0036281.jpg,Strach
archive (3)/Test/sad/image0011017.jpg,Smutek
archive (3)/Test/happy/ffhq_2538.png,Szczęście
archive (3)/Train/surprise/image0032806.jpg,Zaskoczenie
archive (3)/Train/happy/ffhq_4594.png,Szczęście
archive (3)/Train/surprise/image0034553.jpg,Zaskoczenie
archive (3)/Train/happy/ffhq_2974.png,Szczęście
archive (3)/Test/happy/ffhq_1982.png,Szczęście
archive (3)/Train/anger/image0025211.jpg,Złość
archive (3)/Test/Anger/image0003455.jpg,Złość
archive (3)/Train/fear/image0038400.jpg,Strach
archive (3)/Test/sad/image0013832.jpg,Smutek
archive (3)/Test/Anger/image0013644.jpg,Złość
archive (3)/Test/Anger/image0017565.jpg,Złość
archive (3)/Train/happy/ffhq_4702.png,Szczęście
archive (3)/Train/happy/ffhq_4106.png,Szczęście
archive (3)/Train/fear/image0037447.jpg,Strach
archive (3)/Train/happy/ffhq_3502.png,Szczęście
archive (3)/Test/surprise/image0015927.jpg,Zaskoczenie
archive (3)/Test/sad/image0000372.jpg,Smutek
archive (3)/Train/surprise/image0032257.jpg,Zaskoczenie
archive (3)/Test/happy/ffhq_2269.png,Szczęście
archive (3)/Test/surprise/image0021818.jpg,Zaskoczenie
archive (3)/Test/fear/image0032997.jpg,Strach
archive (3)/Test/happy/ffhq_460.png,Szczęście
archive (3)/Train/anger/image0027097.jpg,Złość
archive (3)/Test/sad/image0016769.jpg,Smutek
archive (3)/Test/happy/ffhq_1945.png,Szczęście
archive (3)/Test/happy/ffhq_2422.png,Szczęście
archive (3)/Test/fear/image0033185.jpg,Strach
archive (3)/Test/Anger/image0017583.jpg,Złość
archive (3)/Test/sad/image0007337.jpg,Smutek
archive (3)/Train/surprise/image0029669.jpg,Zaskoczenie
archive (3)/Test/Anger/image0014651.jpg,Złość
archive (3)/Train/happy/ffhq_4007.png,Szczęście
archive (3)/Train/happy/ffhq_4604.png,Szczęście
archive (3)/Train/happy/ffhq_3963.png,Szczęście
archive (3)/Train/anger/image0030586.jpg,Złość
archive (3)/Train/fear/image0038277.jpg,Strach
archive (3)/Train/surprise/image0026757.jpg,Zaskoczenie
archive (3)/Train/happy/ffhq_4216.png,Szczęście
archive (3)/Train/happy/ffhq_3079.png,Szczęście
archive (3)/Train/anger/image0023427.jpg,Złość
archive (3)/Train/sad/image0026053.jpg,Smutek
archive (3)/Test/sad/image0015317.jpg,Smutek
archive (3)/Train/happy/ffhq_3383.png,Szczęście
archive (3)/Test/happy/ffhq_1363.png,Szczęście
archive (3)/Test/happy/ffhq_702.png,Szczęście
archive (3)/Test/happy/ffhq_1993.png,Szczęście
archive (3)/Train/happy/ffhq_3907.png,Szczęście
archive (3)/Train/anger/image0027267.jpg,Złość
archive (3)/Train/sad/image0001706.jpg,Smutek
archive (3)/Train/happy/ffhq_3600.png,Szczęście
archive (3)/Train/fear/image0037280.jpg,Strach
archive (3)/Train/anger/image0025276.jpg,Złość
archive (3)/Test/fear/image0015954.jpg,Strach
archive (3)/Test/happy/ffhq_762.png,Szczęście
archive (3)/Train/sad/image0014949.jpg,Smutek
archive (3)/Train/anger/image0025798.jpg,Złość
archive (3)/Test/Anger/image0016000.jpg,Złość
archive (3)/Train/surprise/image0033821.jpg,Zaskoczenie
archive (3)/Train/sad/image0000274.jpg,Smutek
archive (3)/Train/surprise/image0025637.jpg,Zaskoczenie
archive (3)/Train/anger/image0028252.jpg,Złość
archive (3)/Train/sad/image0028700.jpg,Smutek
archive (3)/Test/surprise/image0023050.jpg,Zaskoczenie
archive (3)/Test/surprise/image0014576.jpg,Zaskoczenie
archive (3)/Test/Anger/image0005819.jpg,Złość
archive (3)/Train/sad/image0012632.jpg,Smutek
archive (3)/Test/surprise/image0012500.jpg,Zaskoczenie
archive (3)/Train/sad/image0022122.jpg,Smutek
archive (3)/Train/sad/image0007438.jpg,Smutek
archive (3)/Train/sad/image0025373.jpg,Smutek
archive (3)/Test/surprise/ffhq_189.png,Zaskoczenie
archive (3)/Train/anger/image0028684.jpg,Złość
archive (3)/Train/sad/image0012882.jpg,Smutek
archive (3)/Train/sad/image0024818.jpg,Smutek
archive (3)/Train/anger/image0025576.jpg,Złość
archive (3)/Train/fear/image0038359.jpg,Strach
archive (3)/Train/surprise/image0030770.jpg,Zaskoczenie
archive (3)/Train/anger/image0029323.jpg,Złość
archive (3)/Test/surprise/image0019179.jpg,Zaskoczenie
archive (3)/Train/sad/image0013697.jpg,Smutek
archive (3)/Test/happy/ffhq_1436.png,Szczęście
archive (3)/Train/surprise/image0033892.jpg,Zaskoczenie
archive (3)/Train/fear/image0037012.jpg,Strach
archive (3)/Train/sad/image0006018.jpg,Smutek
archive (3)/Test/happy/ffhq_203.png,Szczęście
archive (3)/Train/anger/image0023942.jpg,Złość
archive (3)/Train/fear/image0036679.jpg,Strach
archive (3)/Train/happy/ffhq_2912.png,Szczęście
archive (3)/Train/sad/image0027776.jpg,Smutek
archive (3)/Train/fear/image0035987.jpg,Strach
archive (3)/Train/fear/image0039509.jpg,Strach
archive (3)/Test/Anger/image0018727.jpg,Złość
archive (3)/Test/happy/ffhq_1215.png,Szczęście
archive (3)/Test/Anger/image0018076.jpg,Złość
archive (3)/Test/sad/image0006531.jpg,Smutek
archive (3)/Test/sad/image0009932.jpg,Smutek
archive (3)/Test/Anger/image0007359.jpg,Złość
archive (3)/Test/surprise/image0023157.jpg,Zaskoczenie
archive (3)/Test/sad/image0002169.jpg,Smutek
archive (3)/Test/happy/ffhq_2283.png,Szczęście
archive (3)/Train/sad/image0019330.jpg,Smutek
archive (3)/Test/happy/ffhq_40.png,Szczęście
archive (3)/Train/happy/ffhq_4172.png,Szczęście
archive (3)/Test/happy/ffhq_1142.png,Szczęście
archive (3)/Test/fear/image0027588.jpg,Strach
archive (3)/Test/Anger/image0021464.jpg,Złość
archive (3)/Test/sad/image0012784.jpg,Smutek
archive (3)/Train/happy/ffhq_2737.png,Szczęście
archive (3)/Test/surprise/image0019928.jpg,Zaskoczenie
archive (3)/Train/sad/image0011017.jpg,Smutek
archive (3)/Train/sad/image0016225.jpg,Smutek
archive (3)/Train/sad/image0028804.jpg,Smutek
archive (3)/Test/surprise/image0016828.jpg,Zaskoczenie
archive (3)/Train/surprise/image0025323.jpg,Zaskoczenie
archive (3)/Train/sad/image0028150.jpg,Smutek
archive (3)/Train/anger/image0024560.jpg,Złość
archive (3)/Test/Anger/image0010776.jpg,Złość
archive (3)/Train/sad/image0027337.jpg,Smutek
archive (3)/Train/surprise/image0034093.jpg,Zaskoczenie
archive (3)/Train/surprise/image0034687.jpg,Zaskoczenie
archive (3)/Test/surprise/image0004670.jpg,Zaskoczenie
archive (3)/Train/surprise/image0033564.jpg,Zaskoczenie
archive (3)/Test/surprise/ffhq_232.png,Zaskoczenie
archive (3)/Test/surprise/image0021394.jpg,Zaskoczenie
archive (3)/Test/sad/image0011894.jpg,Smutek
archive (3)/Train/fear/image0036599.jpg,Strach
archive (3)/Test/Anger/image0004026.jpg,Złość
archive (3)/Train/fear/image0036513.jpg,Strach
archive (3)/Train/happy/ffhq_3507.png,Szczęście
archive (3)/Test/Anger/image0019481.jpg,Złość
archive (3)/Train/surprise/image0034656.jpg,Zaskoczenie
archive (3)/Train/surprise/image0032013.jpg,Zaskoczenie
archive (3)/Test/happy/ffhq_165.png,Szczęście
archive (3)/Train/sad/image0021058.jpg,Smutek
archive (3)/Train/anger/image0023077.jpg,Złość
archive (3)/Test/Anger/image0013326.jpg,Złość
archive (3)/Train/sad/image0009638.jpg,Smutek
archive (3)/Test/happy/ffhq_61.png,Szczęście
archive (3)/Test/sad/image0014336.jpg,Smutek
archive (3)/Train/fear/image0037657.jpg,Strach
archive (3)/Test/sad/image0019325.jpg,Smutek
archive (3)/Test/happy/ffhq_492.png,Szczęście
archive (3)/Test/Anger/image0020793.jpg,Złość
archive (3)/Train/sad/image0019906.jpg,Smutek
archive (3)/Train/sad/image0006308.jpg,Smutek
archive (3)/Test/surprise/image0010786.jpg,Zaskoczenie
archive (3)/Test/Anger/image0004885.jpg,Złość
archive (3)/Train/anger/image0022486.jpg,Złość
archive (3)/Test/fear/image0016138.jpg,Strach
archive (3)/Train/sad/image0020065.jpg,Smutek
archive (3)/Train/anger/image0027450.jpg,Złość
archive (3)/Test/surprise/image0014856.jpg,Zaskoczenie
archive (3)/Train/happy/ffhq_3497.png,Szczęście
archive (3)/Test/surprise/ffhq_540.png,Zaskoczenie
archive (3)/Test/happy/ffhq_2614.png,Szczęście
archive (3)/Test/fear/image0026592.jpg,Strach
archive (3)/Train/sad/image0020445.jpg,Smutek
archive (3)/Train/anger/image0023379.jpg,Złość
archive (3)/Test/fear/image0023744.jpg,Strach
archive (3)/Train/happy/ffhq_2945.png,Szczęście
archive (3)/Test/surprise/image0015257.jpg,Zaskoczenie
archive (3)/Train/sad/image0028115.jpg,Smutek
archive (3)/Test/Anger/image0017282.jpg,Złość
archive (3)/Train/fear/image0037552.jpg,Strach
archive (3)/Test/fear/image0026540.jpg,Strach
archive (3)/Train/sad/image0013271.jpg,Smutek
archive (3)/Train/sad/image0022805.jpg,Smutek
archive (3)/Train/happy/ffhq_3447.png,Szczęście
archive (3)/Test/fear/image0000842.jpg,Strach
archive (3)/Train/happy/ffhq_4773.png,Szczęście
archive (3)/Test/happy/ffhq_243.png,Szczęście
archive (3)/Train/sad/image0017860.jpg,Smutek
archive (3)/Train/happy/ffhq_2902.png,Szczęście
archive (3)/Train/sad/image0030179.jpg,Smutek
archive (3)/Train/anger/image0026815.jpg,Złość
archive (3)/Test/fear/image0026032.jpg,Strach
archive (3)/Train/surprise/image0034908.jpg,Zaskoczenie
archive (3)/Test/surprise/image0013776.jpg,Zaskoczenie
archive (3)/Train/happy/ffhq_3105.png,Szczęście
archive (3)/Train/happy/ffhq_2992.png,Szczęście
archive (3)/Test/happy/ffhq_1593.png,Szczęście
archive (3)/Test/Anger/image0020511.jpg,Złość
archive (3)/Train/happy/ffhq_4498.png,Szczęście
archive (3)/Test/happy/ffhq_2610.png,Szczęście
archive (3)/Test/Anger/image0021004.jpg,Złość
archive (3)/Test/Anger/image0016349.jpg,Złość
archive (3)/Test/happy/ffhq_776.png,Szczęście
archive (3)/Test/happy/ffhq_169.png,Szczęście
archive (3)/Train/surprise/image0029414.jpg,Zaskoczenie
archive (3)/Train/anger/image0028361.jpg,Złość
archive (3)/Train/anger/image0027308.jpg,Złość
archive (3)/Train/sad/image0005715.jpg,Smutek
archive (3)/Train/happy/ffhq_3174.png,Szczęście
archive (3)/Train/happy/ffhq_4897.png,Szczęście
archive (3)/Test/fear/image0035118.jpg,Strach
archive (3)/Test/sad/image0020275.jpg,Smutek
archive (3)/Train/surprise/image0034186.jpg,Zaskoczenie
archive (3)/Train/surprise/image0034692.jpg,Zaskoczenie
archive (3)/Test/sad/image0019744.jpg,Smutek
archive (3)/Train/surprise/image0032260.jpg,Zaskoczenie
archive (3)/Test/Anger/image0005190.jpg,Złość
archive (3)/Train/anger/image0027433.jpg,Złość
archive (3)/Test/Anger/image0017534.jpg,Złość
archive (3)/Train/happy/ffhq_2891.png,Szczęście
archive (3)/Train/sad/image0021377.jpg,Smutek
archive (3)/Test/fear/image0022014.jpg,Strach
archive (3)/Test/happy/ffhq_128.png,Szczęście
archive (3)/Test/surprise/ffhq_557.png,Zaskoczenie
archive (3)/Train/anger/image0024998.jpg,Złość
archive (3)/Test/sad/image0017733.jpg,Smutek
archive (3)/Test/sad/image0011299.jpg,Smutek
archive (3)/Test/fear/image0013968.jpg,Strach
archive (3)/Test/happy/ffhq_1996.png,Szczęście
archive (3)/Test/sad/image0001502.jpg,Smutek
archive (3)/Test/surprise/ffhq_63.png,Zaskoczenie
archive (3)/Test/happy/ffhq_154.png,Szczęście
archive (3)/Test/sad/image0012590.jpg,Smutek
archive (3)/Test/happy/ffhq_2570.png,Szczęście
archive (3)/Train/sad/image0019295.jpg,Smutek
archive (3)/Train/surprise/image0032159.jpg,Zaskoczenie
archive (3)/Test/Anger/image0012319.jpg,Złość
archive (3)/Test/fear/image0035407.jpg,Strach
archive (3)/Train/sad/image0028985.jpg,Smutek
archive (3)/Test/fear/image0026567.jpg,Strach
archive (3)/Train/fear/image0039080.jpg,Strach
archive (3)/Train/surprise/image0027499.jpg,Zaskoczenie
archive (3)/Train/happy/ffhq_3622.png,Szczęście
archive (3)/Train/anger/image0022781.jpg,Złość
archive (3)/Train/sad/image0029012.jpg,Smutek
archive (3)/Train/anger/image0025156.jpg,Złość
archive (3)/Test/happy/ffhq_2259.png,Szczęście
archive (3)/Train/surprise/image0027636.jpg,Zaskoczenie
archive (3)/Train/anger/image0023134.jpg,Złość
archive (3)/Test/sad/image0003297.jpg,Smutek
archive (3)/Train/fear/image0038262.jpg,Strach
archive (3)/Test/fear/image0033492.jpg,Strach
archive (3)/Train/surprise/image0031327.jpg,Zaskoczenie
archive (3)/Train/surprise/image0034092.jpg,Zaskoczenie
archive (3)/Train/anger/image0023981.jpg,Złość
archive (3)/Train/happy/ffhq_4487.png,Szczęście
archive (3)/Train/surprise/image0034892.jpg,Zaskoczenie
archive (3)/Test/happy/ffhq_1694.png,Szczęście
archive (3)/Train/happy/ffhq_3659.png,Szczęście
archive (3)/Train/sad/image0014196.jpg,Smutek
archive (3)/Test/Anger/image0007655.jpg,Złość
archive (3)/Test/happy/ffhq_1225.png,Szczęście
archive (3)/Test/happy/ffhq_2337.png,Szczęście
archive (3)/Test/Anger/image0016859.jpg,Złość
archive (3)/Test/surprise/image0002809.jpg,Zaskoczenie
archive (3)/Test/Anger/image0015464.jpg,Złość
archive (3)/Train/sad/image0009757.jpg,Smutek
archive (3)/Test/fear/image0035050.jpg,Strach
archive (3)/Train/sad/image0017360.jpg,Smutek
archive (3)/Train/happy/ffhq_3575.png,Szczęście
archive (3)/Train/anger/image0025770.jpg,Złość
archive (3)/Test/Anger/image0015214.jpg,Złość
archive (3)/Train/surprise/image0033693.jpg,Zaskoczenie
archive (3)/Test/surprise/image0015550.jpg,Zaskoczenie
archive (3)/Test/sad/image0000244.jpg,Smutek
archive (3)/Train/anger/image0025528.jpg,Złość
archive (3)/Train/surprise/image0026882.jpg,Zaskoczenie
archive (3)/Train/anger/image0022441.jpg,Złość
archive (3)/Test/happy/ffhq_350.png,Szczęście
archive (3)/Train/sad/image0001422.jpg,Smutek
archive (3)/Train/fear/image0038479.jpg,Strach
archive (3)/Train/fear/image0040792.jpg,Strach
archive (3)/Test/happy/ffhq_1123.png,Szczęście
archive (3)/Test/sad/image0020362.jpg,Smutek
archive (3)/Train/happy/ffhq_3611.png,Szczęście
archive (3)/Test/sad/image0020996.jpg,Smutek
archive (3)/Train/sad/image0022657.jpg,Smutek
archive (3)/Train/happy/ffhq_3911.png,Szczęście
archive (3)/Train/happy/ffhq_4781.png,Szczęście
archive (3)/Test/Anger/image0004694.jpg,Złość
archive (3)/Test/fear/image0034120.jpg,Strach
archive (3)/Train/surprise/image0034021.jpg,Zaskoczenie
archive (3)/Test/surprise/image0019297.jpg,Zaskoczenie
archive (3)/Train/anger/image0024878.jpg,Złość
archive (3)/Train/happy/image0030776.jpg,Szczęście
archive (3)/Test/happy/ffhq_1948.png,Szczęście
archive (3)/Test/happy/ffhq_2050.png,Szczęście
archive (3)/Train/sad/image0011798.jpg,Smutek
archive (3)/Test/Anger/image0020823.jpg,Złość
archive (3)/Train/sad/image0024988.jpg,Smutek
archive (3)/Train/surprise/image0033041.jpg,Zaskoczenie
archive (3)/Train/anger/image0029882.jpg,Złość
archive (3)/Train/sad/image0013361.jpg,Smutek
archive (3)/Test/fear/image0035145.jpg,Strach
archive (3)/Test/Anger/image0001956.jpg,Złość
archive (3)/Test/Anger/image0013455.jpg,Złość
archive (3)/Train/anger/image0028989.jpg,Złość
archive (3)/Train/surprise/image0032044.jpg,Zaskoczenie
archive (3)/Test/fear/image0032584.jpg,Strach
archive (3)/Train/sad/image0028575.jpg,Smutek
archive (3)/Test/sad/image0021456.jpg,Smutek
archive (3)/Test/fear/image0028365.jpg,Strach
archive (3)/Train/sad/image0013582.jpg,Smutek
archive (3)/Train/surprise/image0033828.jpg,Zaskoczenie
archive (3)/Train/fear/image0035654.jpg,Strach
archive (3)/Train/sad/image0025835.jpg,Smutek
archive (3)/Train/sad/image0027900.jpg,Smutek
archive (3)/Train/sad/image0021692.jpg,Smutek
archive (3)/Test/surprise/ffhq_173.png,Zaskoczenie
archive (3)/Train/fear/image0038259.jpg,Strach
archive (3)/Train/sad/image0022700.jpg,Smutek
archive (3)/Test/surprise/image0010485.jpg,Zaskoczenie
archive (3)/Train/fear/image0039157.jpg,Strach
archive (3)/Train/sad/image0014756.jpg,Smutek
archive (3)/Test/happy/ffhq_974.png,Szczęście
archive (3)/Train/happy/ffhq_4499.png,Szczęście
archive (3)/Train/fear/image0036881.jpg,Strach
archive (3)/Test/happy/ffhq_2205.png,Szczęście
archive (3)/Test/surprise/image0012769.jpg,Zaskoczenie
archive (3)/Test/Anger/image0021161.jpg,Złość
archive (3)/Test/fear/image0031208.jpg,Strach
archive (3)/Train/sad/image0025196.jpg,Smutek
archive (3)/Test/sad/image0006982.jpg,Smutek
archive (3)/Train/sad/image0006231.jpg,Smutek
archive (3)/Train/sad/image0006580.jpg,Smutek
archive (3)/Test/surprise/image0002314.jpg,Zaskoczenie
archive (3)/Train/fear/image0035730.jpg,Strach
archive (3)/Test/happy/ffhq_859.png,Szczęście
archive (3)/Train/happy/ffhq_4415.png,Szczęście
archive (3)/Train/fear/image0038039.jpg,Strach
archive (3)/Test/sad/image0017991.jpg,Smutek
archive (3)/Train/fear/image0035736.jpg,Strach
archive (3)/Train/sad/image0009733.jpg,Smutek
archive (3)/Train/sad/image0024397.jpg,Smutek
archive (3)/Train/happy/ffhq_3478.png,Szczęście
archive (3)/Test/happy/ffhq_2201.png,Szczęście
archive (3)/Train/anger/image0023118.jpg,Złość
archive (3)/Test/surprise/image0021393.jpg,Zaskoczenie
archive (3)/Test/surprise/image0022459.jpg,Zaskoczenie
archive (3)/Test/sad/image0014916.jpg,Smutek
archive (3)/Train/fear/image0035659.jpg,Strach
archive (3)/Train/happy/ffhq_4300.png,Szczęście
archive (3)/Train/sad/image0028366.jpg,Smutek
archive (3)/Train/fear/image0039008.jpg,Strach
archive (3)/Test/sad/image0020980.jpg,Smutek
archive (3)/Test/sad/image0007955.jpg,Smutek
archive (3)/Train/surprise/image0033194.jpg,Zaskoczenie
archive (3)/Train/happy/ffhq_3173.png,Szczęście
archive (3)/Test/happy/ffhq_937.png,Szczęście
archive (3)/Test/fear/image0021624.jpg,Strach
archive (3)/Train/surprise/image0031413.jpg,Zaskoczenie
archive (3)/Test/happy/ffhq_557.png,Szczęście
archive (3)/Test/surprise/ffhq_261.png,Zaskoczenie
archive (3)/Test/happy/ffhq_1938.png,Szczęście
archive (3)/Train/sad/image0029455.jpg,Smutek
archive (3)/Train/sad/image0030388.jpg,Smutek
archive (3)/Train/sad/image0014173.jpg,Smutek
archive (3)/Test/surprise/image0006413.jpg,Zaskoczenie
archive (3)/Train/happy/ffhq_4008.png,Szczęście
archive (3)/Test/sad/image0011063.jpg,Smutek
archive (3)/Train/fear/image0038981.jpg,Strach
archive (3)/Train/happy/ffhq_3635.png,Szczęście
archive (3)/Test/fear/image0020169.jpg,Strach
archive (3)/Train/anger/image0030500.jpg,Złość
archive (3)/Train/anger/image0028102.jpg,Złość
archive (3)/Test/sad/image0016997.jpg,Smutek
archive (3)/Test/fear/image0035483.jpg,Strach
archive (3)/Train/sad/image0004138.jpg,Smutek
archive (3)/Train/sad/image0023819.jpg,Smutek
archive (3)/Test/happy/ffhq_873.png,Szczęście
archive (3)/Train/sad/image0014691.jpg,Smutek
archive (3)/Test/Anger/image0016327.jpg,Złość
archive (3)/Test/surprise/image0019158.jpg,Zaskoczenie
archive (3)/Train/sad/image0028381.jpg,Smutek
archive (3)/Train/surprise/image0032715.jpg,Zaskoczenie
archive (3)/Test/surprise/image0019753.jpg,Zaskoczenie
archive (3)/Train/surprise/image0032452.jpg,Zaskoczenie
archive (3)/Train/sad/image0013979.jpg,Smutek
archive (3)/Test/Anger/image0015025.jpg,Złość
archive (3)/Test/Anger/image0021144.jpg,Złość
archive (3)/Train/surprise/image0033966.jpg,Zaskoczenie
archive (3)/Train/happy/ffhq_2813.png,Szczęście
archive (3)/Test/Anger/image0008685.jpg,Złość
archive (3)/Train/sad/image0023105.jpg,Smutek
archive (3)/Test/happy/ffhq_2181.png,Szczęście
archive (3)/Train/anger/image0028870.jpg,Złość
archive (3)/Train/surprise/image0031071.jpg,Zaskoczenie
archive (3)/Test/sad/image0021449.jpg,Smutek
archive (3)/Train/sad/image0011700.jpg,Smutek
archive (3)/Train/happy/ffhq_3614.png,Szczęście
archive (3)/Train/anger/image0029003.jpg,Złość
archive (3)/Test/surprise/image0019266.jpg,Zaskoczenie
archive (3)/Test/sad/image0001976.jpg,Smutek
archive (3)/Test/surprise/image0007978.jpg,Zaskoczenie
archive (3)/Train/happy/ffhq_3443.png,Szczęście
archive (3)/Test/sad/image0015613.jpg,Smutek
archive (3)/Test/happy/ffhq_494.png,Szczęście
archive (3)/Test/happy/ffhq_1826.png,Szczęście
archive (3)/Test/happy/ffhq_846.png,Szczęście
archive (3)/Train/surprise/image0031669.jpg,Zaskoczenie
archive (3)/Train/fear/image0036771.jpg,Strach
archive (3)/Test/happy/ffhq_1964.png,Szczęście
archive (3)/Train/sad/image0027376.jpg,Smutek
archive (3)/Test/sad/image0014373.jpg,Smutek
archive (3)/Test/surprise/ffhq_422.png,Zaskoczenie
archive (3)/Train/anger/image0028511.jpg,Złość
archive (3)/Test/surprise/image0017512.jpg,Zaskoczenie
archive (3)/Test/happy/ffhq_1907.png,Szczęście
archive (3)/Test/surprise/ffhq_529.png,Zaskoczenie
archive (3)/Test/happy/ffhq_1098.png,Szczęście
archive (3)/Test/happy/ffhq_1129.png,Szczęście
archive (3)/Test/surprise/ffhq_295.png,Zaskoczenie
archive (3)/Train/sad/image0024433.jpg,Smutek
archive (3)/Train/sad/image0016822.jpg,Smutek
archive (3)/Train/happy/ffhq_3221.png,Szczęście
archive (3)/Test/happy/ffhq_719.png,Szczęście
archive (3)/Train/surprise/image0031500.jpg,Zaskoczenie
archive (3)/Train/sad/image0030079.jpg,Smutek
archive (3)/Test/sad/image0020205.jpg,Smutek
archive (3)/Train/anger/image0022204.jpg,Złość
archive (3)/Train/surprise/image0030896.jpg,Zaskoczenie
archive (3)/Test/happy/ffhq_2140.png,Szczęście
archive (3)/Test/fear/image0014417.jpg,Strach
archive (3)/Test/happy/ffhq_401.png,Szczęście
archive (3)/Train/surprise/image0033012.jpg,Zaskoczenie
archive (3)/Train/happy/ffhq_4886.png,Szczęście
archive (3)/Test/happy/ffhq_1791.png,Szczęście
archive (3)/Test/fear/image0028976.jpg,Strach
archive (3)/Test/surprise/image0015161.jpg,Zaskoczenie
archive (3)/Train/happy/ffhq_4671.png,Szczęście
archive (3)/Test/Anger/image0014158.jpg,Złość
archive (3)/Test/fear/image0034070.jpg,Strach
archive (3)/Train/anger/image0025410.jpg,Złość
archive (3)/Train/surprise/image0025622.jpg,Zaskoczenie
archive (3)/Test/Anger/image0017219.jpg,Złość
archive (3)/Test/sad/image0012197.jpg,Smutek
archive (3)/Train/sad/image0028347.jpg,Smutek
archive (3)/Train/sad/image0006646.jpg,Smutek
archive (3)/Train/sad/image0025979.jpg,Smutek
archive (3)/Train/fear/image0037182.jpg,Strach
archive (3)/Test/happy/ffhq_1309.png,Szczęście
archive (3)/Test/surprise/image0020249.jpg,Zaskoczenie
archive (3)/Train/fear/image0035604.jpg,Strach
archive (3)/Test/sad/image0012263.jpg,Smutek
archive (3)/Test/happy/ffhq_2374.png,Szczęście
archive (3)/Test/surprise/ffhq_397.png,Zaskoczenie
archive (3)/Train/sad/image0006237.jpg,Smutek
archive (3)/Test/fear/image0027719.jpg,Strach
archive (3)/Train/happy/ffhq_4176.png,Szczęście
archive (3)/Test/happy/ffhq_856.png,Szczęście
archive (3)/Train/surprise/image0026345.jpg,Zaskoczenie
archive (3)/Test/surprise/ffhq_195.png,Zaskoczenie
archive (3)/Test/sad/image0014949.jpg,Smutek
archive (3)/Test/surprise/ffhq_337.png,Zaskoczenie
archive (3)/Test/surprise/image0017655.jpg,Zaskoczenie
archive (3)/Test/surprise/image0020254.jpg,Zaskoczenie
archive (3)/Train/happy/ffhq_3365.png,Szczęście
archive (3)/Train/anger/image0027545.jpg,Złość
archive (3)/Test/happy/ffhq_2113.png,Szczęście
archive (3)/Test/fear/image0034497.jpg,Strach
archive (3)/Test/Anger/image0015666.jpg,Złość
archive (3)/Test/fear/image0016650.jpg,Strach
archive (3)/Train/sad/image0018502.jpg,Smutek
archive (3)/Test/Anger/image0017880.jpg,Złość
archive (3)/Train/sad/image0017250.jpg,Smutek
archive (3)/Test/happy/ffhq_1166.png,Szczęście
archive (3)/Train/anger/image0022562.jpg,Złość
archive (3)/Train/happy/ffhq_3032.png,Szczęście
archive (3)/Train/anger/image0022279.jpg,Złość
archive (3)/Test/Anger/image0013918.jpg,Złość
archive (3)/Train/happy/ffhq_3537.png,Szczęście
archive (3)/Train/surprise/image0033995.jpg,Zaskoczenie
archive (3)/Test/Anger/image0018869.jpg,Złość
archive (3)/Test/surprise/ffhq_569.png,Zaskoczenie
archive (3)/Test/happy/ffhq_734.png,Szczęście
archive (3)/Train/happy/ffhq_4611.png,Szczęście
archive (3)/Train/sad/image0028943.jpg,Smutek
archive (3)/Train/happy/ffhq_3027.png,Szczęście
archive (3)/Train/anger/image0030292.jpg,Złość
archive (3)/Test/surprise/image0023042.jpg,Zaskoczenie
archive (3)/Train/happy/ffhq_4179.png,Szczęście
archive (3)/Test/Anger/image0017919.jpg,Złość
archive (3)/Test/sad/image0012344.jpg,Smutek
archive (3)/Test/fear/image0033348.jpg,Strach
archive (3)/Test/fear/image0014511.jpg,Strach
archive (3)/Train/sad/image0002490.jpg,Smutek
archive (3)/Train/sad/image0028702.jpg,Smutek
archive (3)/Test/Anger/image0012928.jpg,Złość
archive (3)/Test/happy/ffhq_1503.png,Szczęście
archive (3)/Train/anger/image0025661.jpg,Złość
archive (3)/Train/fear/image0038401.jpg,Strach
archive (3)/Test/Anger/image0018787.jpg,Złość
archive (3)/Test/sad/image0013931.jpg,Smutek
archive (3)/Test/surprise/image0013674.jpg,Zaskoczenie
archive (3)/Test/happy/ffhq_2677.png,Szczęście
archive (3)/Test/Anger/image0008877.jpg,Złość
archive (3)/Test/happy/ffhq_884.png,Szczęście
archive (3)/Train/anger/image0027266.jpg,Złość
archive (3)/Test/Anger/image0008528.jpg,Złość
archive (3)/Test/fear/image0027354.jpg,Strach
archive (3)/Train/happy/ffhq_4510.png,Szczęście
archive (3)/Train/surprise/image0031022.jpg,Zaskoczenie
archive (3)/Train/sad/image0028214.jpg,Smutek
archive (3)/Test/happy/ffhq_103.png,Szczęście
archive (3)/Test/fear/image0030980.jpg,Strach
archive (3)/Test/fear/image0031010.jpg,Strach
archive (3)/Train/surprise/image0033024.jpg,Zaskoczenie
archive (3)/Test/happy/ffhq_2628.png,Szczęście
archive (3)/Train/sad/image0027413.jpg,Smutek
archive (3)/Train/fear/image0035840.jpg,Strach
archive (3)/Test/surprise/image0009521.jpg,Zaskoczenie
archive (3)/Test/fear/image0031202.jpg,Strach
archive (3)/Test/sad/image0003461.jpg,Smutek
archive (3)/Test/fear/image0021119.jpg,Strach
archive (3)/Train/sad/image0025905.jpg,Smutek
archive (3)/Train/happy/ffhq_3729.png,Szczęście
archive (3)/Test/fear/image0021382.jpg,Strach
archive (3)/Test/surprise/image0018365.jpg,Zaskoczenie
archive (3)/Test/fear/image0025717.jpg,Strach
archive (3)/Train/sad/image0023456.jpg,Smutek
archive (3)/Test/happy/ffhq_487.png,Szczęście
archive (3)/Test/Anger/image0005558.jpg,Złość
archive (3)/Train/sad/image0005815.jpg,Smutek
archive (3)/Test/Anger/image0018381.jpg,Złość
archive (3)/Train/surprise/image0024266.jpg,Zaskoczenie
archive (3)/Train/anger/image0025155.jpg,Złość
archive (3)/Test/sad/image0020107.jpg,Smutek
archive (3)/Test/Anger/image0017125.jpg,Złość
archive (3)/Train/anger/image0029307.jpg,Złość
archive (3)/Test/sad/image0012985.jpg,Smutek
archive (3)/Train/sad/image0030252.jpg,Smutek
archive (3)/Train/anger/image0022495.jpg,Złość
archive (3)/Test/sad/image0021377.jpg,Smutek
archive (3)/Train/anger/image0022656.jpg,Złość
archive (3)/Train/sad/image0029351.jpg,Smutek
archive (3)/Train/sad/image0023303.jpg,Smutek
archive (3)/Test/happy/ffhq_157.png,Szczęście
archive (3)/Test/fear/image0032218.jpg,Strach
archive (3)/Test/surprise/ffhq_330.png,Zaskoczenie
archive (3)/Test/surprise/image0003706.jpg,Zaskoczenie
archive (3)/Test/sad/image0018560.jpg,Smutek
archive (3)/Test/Anger/image0001152.jpg,Złość
archive (3)/Train/happy/ffhq_3839.png,Szczęście
archive (3)/Test/happy/ffhq_885.png,Szczęście
archive (3)/Train/happy/ffhq_2852.png,Szczęście
archive (3)/Train/fear/image0039100.jpg,Strach
archive (3)/Test/sad/image0013434.jpg,Smutek
archive (3)/Train/happy/ffhq_3423.png,Szczęście
archive (3)/Train/surprise/image0034235.jpg,Zaskoczenie
archive (3)/Test/sad/image0017690.jpg,Smutek
archive (3)/Train/sad/image0012035.jpg,Smutek
archive (3)/Train/anger/image0022289.jpg,Złość
archive (3)/Test/surprise/image0021673.jpg,Zaskoczenie
archive (3)/Train/surprise/image0031419.jpg,Zaskoczenie
archive (3)/Train/surprise/image0028650.jpg,Zaskoczenie
archive (3)/Test/sad/image0002061.jpg,Smutek
archive (3)/Test/fear/image0030897.jpg,Strach
archive (3)/Train/happy/ffhq_4437.png,Szczęście
archive (3)/Train/sad/image0015769.jpg,Smutek
archive (3)/Test/surprise/ffhq_548.png,Zaskoczenie
archive (3)/Train/sad/image0029887.jpg,Smutek
archive (3)/Test/happy/ffhq_1567.png,Szczęście
archive (3)/Test/happy/ffhq_1437.png,Szczęście
archive (3)/Test/happy/ffhq_845.png,Szczęście
archive (3)/Train/surprise/image0031601.jpg,Zaskoczenie
archive (3)/Test/fear/image0035069.jpg,Strach
archive (3)/Test/fear/image0012946.jpg,Strach
archive (3)/Train/sad/image0027828.jpg,Smutek
archive (3)/Test/fear/image0022618.jpg,Strach
archive (3)/Test/happy/ffhq_957.png,Szczęście
archive (3)/Train/anger/image0025624.jpg,Złość
archive (3)/Train/happy/ffhq_4801.png,Szczęście
archive (3)/Train/fear/image0040938.jpg,Strach
archive (3)/Test/happy/ffhq_253.png,Szczęście
archive (3)/Train/happy/ffhq_3474.png,Szczęście
archive (3)/Train/sad/image0028892.jpg,Smutek
archive (3)/Train/surprise/image0029014.jpg,Zaskoczenie
archive (3)/Train/surprise/image0031920.jpg,Zaskoczenie
archive (3)/Train/happy/ffhq_4884.png,Szczęście
archive (3)/Train/sad/image0011475.jpg,Smutek
archive (3)/Test/surprise/image0020972.jpg,Zaskoczenie
archive (3)/Train/sad/image0020582.jpg,Smutek
archive (3)/Train/happy/ffhq_3081.png,Szczęście
archive (3)/Test/fear/image0032980.jpg,Strach
archive (3)/Test/sad/image0019998.jpg,Smutek
archive (3)/Train/fear/image0035864.jpg,Strach
archive (3)/Train/anger/image0026121.jpg,Złość
archive (3)/Train/fear/image0040056.jpg,Strach
archive (3)/Test/surprise/image0012479.jpg,Zaskoczenie
archive (3)/Train/surprise/image0031792.jpg,Zaskoczenie
archive (3)/Train/happy/ffhq_3461.png,Szczęście
archive (3)/Test/surprise/ffhq_272.png,Zaskoczenie
archive (3)/Train/surprise/image0031815.jpg,Zaskoczenie
archive (3)/Train/happy/ffhq_4941.png,Szczęście
archive (3)/Train/fear/image0040913.jpg,Strach
archive (3)/Test/happy/ffhq_971.png,Szczęście
archive (3)/Test/sad/image0018730.jpg,Smutek
archive (3)/Test/Anger/image0012884.jpg,Złość
archive (3)/Test/sad/image0013582.jpg,Smutek
archive (3)/Train/surprise/image0033059.jpg,Zaskoczenie
archive (3)/Test/Anger/image0016042.jpg,Złość
archive (3)/Test/happy/ffhq_546.png,Szczęście
archive (3)/Test/happy/ffhq_2126.png,Szczęście
archive (3)/Test/Anger/image0000374.jpg,Złość
archive (3)/Test/surprise/ffhq_633.png,Zaskoczenie
archive (3)/Train/happy/ffhq_3325.png,Szczęście
archive (3)/Train/sad/image0029418.jpg,Smutek
archive (3)/Test/Anger/image0000593.jpg,Złość
archive (3)/Test/sad/image0018468.jpg,Smutek
archive (3)/Test/fear/image0007809.jpg,Strach
archive (3)/Train/surprise/image0031893.jpg,Zaskoczenie
archive (3)/Train/happy/ffhq_3381.png,Szczęście
archive (3)/Test/surprise/image0016916.jpg,Zaskoczenie
archive (3)/Test/fear/image0032661.jpg,Strach
archive (3)/Test/sad/image0017831.jpg,Smutek
archive (3)/Train/sad/image0027239.jpg,Smutek
archive (3)/Train/happy/ffhq_3751.png,Szczęście
archive (3)/Test/happy/ffhq_1324.png,Szczęście
archive (3)/Train/fear/image0038214.jpg,Strach
archive (3)/Test/happy/ffhq_665.png,Szczęście
archive (3)/Train/sad/image0027352.jpg,Smutek
archive (3)/Test/Anger/image0007993.jpg,Złość
archive (3)/Train/anger/image0026607.jpg,Złość
archive (3)/Test/surprise/image0020645.jpg,Zaskoczenie
archive (3)/Train/sad/image0028114.jpg,Smutek
archive (3)/Test/happy/ffhq_180.png,Szczęście
archive (3)/Test/sad/image0019074.jpg,Smutek
archive (3)/Train/sad/image0029945.jpg,Smutek
archive (3)/Train/sad/image0021089.jpg,Smutek
archive (3)/Train/fear/image0040899.jpg,Strach
archive (3)/Test/surprise/image0002762.jpg,Zaskoczenie
archive (3)/Train/anger/image0027501.jpg,Złość
archive (3)/Train/happy/ffhq_2801.png,Szczęście
archive (3)/Test/surprise/image0019734.jpg,Zaskoczenie
archive (3)/Train/surprise/image0032698.jpg,Zaskoczenie
archive (3)/Train/happy/ffhq_2753.png,Szczęście
archive (3)/Test/surprise/ffhq_466.png,Zaskoczenie
archive (3)/Test/happy/ffhq_733.png,Szczęście
archive (3)/Test/Anger/image0012443.jpg,Złość
archive (3)/Train/surprise/image0034531.jpg,Zaskoczenie
archive (3)/Train/sad/image0024724.jpg,Smutek
archive (3)/Train/sad/image0023916.jpg,Smutek
archive (3)/Train/anger/image0027383.jpg,Złość
archive (3)/Train/fear/image0040602.jpg,Strach
archive (3)/Train/surprise/image0033612.jpg,Zaskoczenie
archive (3)/Train/surprise/image0032508.jpg,Zaskoczenie
archive (3)/Test/sad/image0004862.jpg,Smutek
archive (3)/Train/sad/image0012590.jpg,Smutek
archive (3)/Test/happy/ffhq_6.png,Szczęście
archive (3)/Train/happy/ffhq_4198.png,Szczęście
archive (3)/Test/happy/ffhq_548.png,Szczęście
archive (3)/Train/happy/ffhq_4977.png,Szczęście
archive (3)/Test/happy/ffhq_1797.png,Szczęście
archive (3)/Train/surprise/image0030804.jpg,Zaskoczenie
archive (3)/Train/sad/image0007568.jpg,Smutek
archive (3)/Train/fear/image0036521.jpg,Strach
archive (3)/Test/happy/ffhq_1285.png,Szczęście
archive (3)/Test/happy/ffhq_496.png,Szczęście
archive (3)/Train/happy/ffhq_4759.png,Szczęście
archive (3)/Test/happy/ffhq_2021.png,Szczęście
archive (3)/Test/fear/image0034942.jpg,Strach
archive (3)/Test/surprise/image0021733.jpg,Zaskoczenie
archive (3)/Test/surprise/ffhq_581.png,Zaskoczenie
archive (3)/Test/sad/image0021211.jpg,Smutek
archive (3)/Train/happy/ffhq_4422.png,Szczęście
archive (3)/Train/happy/ffhq_4325.png,Szczęście
archive (3)/Train/sad/image0006250.jpg,Smutek
archive (3)/Test/sad/image0017322.jpg,Smutek
archive (3)/Test/sad/image0002924.jpg,Smutek
archive (3)/Test/happy/ffhq_2046.png,Szczęście
archive (3)/Test/happy/ffhq_1238.png,Szczęście
archive (3)/Test/happy/ffhq_83.png,Szczęście
archive (3)/Test/fear/image0034724.jpg,Strach
archive (3)/Test/sad/image0012406.jpg,Smutek
archive (3)/Test/fear/image0033770.jpg,Strach
archive (3)/Train/sad/image0005804.jpg,Smutek
archive (3)/Train/sad/image0015909.jpg,Smutek
archive (3)/Train/happy/ffhq_3297.png,Szczęście
archive (3)/Train/fear/image0038021.jpg,Strach
archive (3)/Train/anger/image0027253.jpg,Złość
archive (3)/Train/surprise/image0028635.jpg,Zaskoczenie
archive (3)/Test/surprise/image0003752.jpg,Zaskoczenie
archive (3)/Test/Anger/image0013899.jpg,Złość
archive (3)/Train/fear/image0037936.jpg,Strach
archive (3)/Train/happy/ffhq_4103.png,Szczęście
archive (3)/Train/surprise/image0033822.jpg,Zaskoczenie
archive (3)/Test/happy/ffhq_1600.png,Szczęście
archive (3)/Train/happy/ffhq_3541.png,Szczęście
archive (3)/Test/sad/image0007363.jpg,Smutek
archive (3)/Test/Anger/image0013247.jpg,Złość
archive (3)/Train/sad/image0016278.jpg,Smutek
archive (3)/Test/happy/ffhq_9.png,Szczęście
archive (3)/Train/happy/image0032828.jpg,Szczęście
archive (3)/Train/fear/image0035823.jpg,Strach
archive (3)/Train/sad/image0014744.jpg,Smutek
archive (3)/Train/happy/ffhq_3990.png,Szczęście
archive (3)/Test/happy/ffhq_220.png,Szczęście
archive (3)/Train/anger/image0022178.jpg,Złość
archive (3)/Train/anger/image0029819.jpg,Złość
archive (3)/Test/surprise/ffhq_211.png,Zaskoczenie
archive (3)/Test/happy/ffhq_1671.png,Szczęście
archive (3)/Train/fear/image0035817.jpg,Strach
archive (3)/Train/happy/ffhq_3415.png,Szczęście
archive (3)/Test/happy/ffhq_2330.png,Szczęście
archive (3)/Test/surprise/image0009117.jpg,Zaskoczenie
archive (3)/Test/surprise/image0015761.jpg,Zaskoczenie
archive (3)/Test/Anger/image0014433.jpg,Złość
archive (3)/Test/surprise/image0006351.jpg,Zaskoczenie
archive (3)/Test/sad/image0005441.jpg,Smutek
archive (3)/Train/sad/image0016272.jpg,Smutek
archive (3)/Test/happy/ffhq_433.png,Szczęście
archive (3)/Train/surprise/image0033343.jpg,Zaskoczenie
archive (3)/Test/surprise/image0012770.jpg,Zaskoczenie
archive (3)/Train/surprise/image0032639.jpg,Zaskoczenie
archive (3)/Train/fear/image0038574.jpg,Strach
archive (3)/Test/happy/ffhq_1559.png,Szczęście
archive (3)/Test/Anger/image0016670.jpg,Złość
archive (3)/Test/happy/ffhq_2183.png,Szczęście
archive (3)/Train/sad/image0017874.jpg,Smutek
archive (3)/Test/Anger/image0009209.jpg,Złość
archive (3)/Test/Anger/image0019845.jpg,Złość
archive (3)/Test/sad/image0014263.jpg,Smutek
archive (3)/Test/Anger/image0011575.jpg,Złość
archive (3)/Train/happy/ffhq_3532.png,Szczęście
archive (3)/Test/Anger/image0014439.jpg,Złość
archive (3)/Train/sad/image0028247.jpg,Smutek
archive (3)/Test/Anger/image0017670.jpg,Złość
archive (3)/Train/surprise/image0034002.jpg,Zaskoczenie
archive (3)/Test/happy/ffhq_1571.png,Szczęście
archive (3)/Test/sad/image0013487.jpg,Smutek
archive (3)/Train/fear/image0039973.jpg,Strach
archive (3)/Test/sad/image0016054.jpg,Smutek
archive (3)/Test/sad/image0000274.jpg,Smutek
archive (3)/Train/fear/image0037491.jpg,Strach
archive (3)/Train/fear/image0035742.jpg,Strach
archive (3)/Train/sad/image0018309.jpg,Smutek
archive (3)/Test/Anger/image0003110.jpg,Złość
archive (3)/Train/sad/image0005175.jpg,Smutek
archive (3)/Train/surprise/image0034812.jpg,Zaskoczenie
archive (3)/Train/surprise/image0030024.jpg,Zaskoczenie
archive (3)/Test/surprise/ffhq_324.png,Zaskoczenie
archive (3)/Test/happy/ffhq_2295.png,Szczęście
archive (3)/Test/sad/image0015909.jpg,Smutek
archive (3)/Test/surprise/image0009488.jpg,Zaskoczenie
archive (3)/Test/happy/ffhq_1120.png,Szczęście
archive (3)/Test/sad/image0005833.jpg,Smutek
archive (3)/Train/happy/ffhq_2949.png,Szczęście
archive (3)/Test/surprise/ffhq_77.png,Zaskoczenie
archive (3)/Test/happy/ffhq_146.png,Szczęście
archive (3)/Train/fear/image0038780.jpg,Strach
archive (3)/Train/sad/image0021202.jpg,Smutek
archive (3)/Test/happy/ffhq_1349.png,Szczęście
archive (3)/Test/sad/image0016588.jpg,Smutek
archive (3)/Train/surprise/image0034644.jpg,Zaskoczenie
archive (3)/Test/surprise/image0021037.jpg,Zaskoczenie
archive (3)/Test/happy/ffhq_726.png,Szczęście
archive (3)/Train/sad/image0019419.jpg,Smutek
archive (3)/Test/surprise/image0022041.jpg,Zaskoczenie
archive (3)/Test/fear/image0033174.jpg,Strach
archive (3)/Train/surprise/image0033322.jpg,Zaskoczenie
archive (3)/Test/happy/ffhq_2497.png,Szczęście
archive (3)/Train/surprise/image0024933.jpg,Zaskoczenie
archive (3)/Test/fear/image0032851.jpg,Strach
archive (3)/Train/sad/image0023509.jpg,Smutek
archive (3)/Test/fear/image0028257.jpg,Strach
archive (3)/Test/Anger/image0018839.jpg,Złość
archive (3)/Test/Anger/image0015203.jpg,Złość
archive (3)/Test/sad/image0013697.jpg,Smutek
archive (3)/Test/surprise/image0018114.jpg,Zaskoczenie
archive (3)/Train/fear/image0039190.jpg,Strach
archive (3)/Train/surprise/image0025154.jpg,Zaskoczenie
archive (3)/Train/surprise/image0031344.jpg,Zaskoczenie
archive (3)/Test/happy/ffhq_834.png,Szczęście
archive (3)/Test/Anger/image0020439.jpg,Złość
archive (3)/Train/happy/ffhq_3665.png,Szczęście
archive (3)/Train/anger/image0029766.jpg,Złość
archive (3)/Train/sad/image0028127.jpg,Smutek
archive (3)/Train/fear/image0036348.jpg,Strach
archive (3)/Test/fear/image0002849.jpg,Strach
archive (3)/Test/sad/image0019857.jpg,Smutek
archive (3)/Test/surprise/image0007692.jpg,Zaskoczenie
archive (3)/Test/sad/image0009317.jpg,Smutek
archive (3)/Test/surprise/ffhq_162.png,Zaskoczenie
archive (3)/Train/happy/ffhq_3043.png,Szczęście
archive (3)/Train/surprise/image0030256.jpg,Zaskoczenie
archive (3)/Train/surprise/image0033931.jpg,Zaskoczenie
archive (3)/Train/fear/image0038143.jpg,Strach
archive (3)/Train/anger/image0030334.jpg,Złość
archive (3)/Test/happy/ffhq_2367.png,Szczęście
archive (3)/Test/sad/image0014756.jpg,Smutek
archive (3)/Train/happy/ffhq_3833.png,Szczęście
archive (3)/Train/anger/image0023829.jpg,Złość
archive (3)/Train/happy/ffhq_3293.png,Szczęście
archive (3)/Test/sad/image0021260.jpg,Smutek
archive (3)/Train/sad/image0012518.jpg,Smutek
archive (3)/Train/happy/ffhq_2909.png,Szczęście
archive (3)/Train/surprise/image0029151.jpg,Zaskoczenie
archive (3)/Train/surprise/image0034005.jpg,Zaskoczenie
archive (3)/Train/sad/image0015388.jpg,Smutek
archive (3)/Test/Anger/image0017077.jpg,Złość
archive (3)/Test/happy/ffhq_1319.png,Szczęście
archive (3)/Test/fear/image0033580.jpg,Strach
archive (3)/Train/surprise/image0033195.jpg,Zaskoczenie
archive (3)/Train/anger/image0024769.jpg,Złość
archive (3)/Test/surprise/image0009966.jpg,Zaskoczenie
archive (3)/Train/anger/image0026574.jpg,Złość
archive (3)/Train/surprise/image0032025.jpg,Zaskoczenie
archive (3)/Train/sad/image0012924.jpg,Smutek
archive (3)/Train/fear/image0040823.jpg,Strach
archive (3)/Test/sad/image0010665.jpg,Smutek
archive (3)/Train/sad/image0021902.jpg,Smutek
archive (3)/Test/fear/image0031638.jpg,Strach
archive (3)/Test/surprise/image0023908.jpg,Zaskoczenie
archive (3)/Test/surprise/image0022396.jpg,Zaskoczenie
archive (3)/Test/happy/ffhq_2699.png,Szczęście
archive (3)/Test/sad/image0014726.jpg,Smutek
archive (3)/Test/sad/image0019292.jpg,Smutek
archive (3)/Train/fear/image0035738.jpg,Strach
archive (3)/Test/happy/ffhq_216.png,Szczęście
archive (3)/Test/sad/image0018312.jpg,Smutek
archive (3)/Train/surprise/image0034929.jpg,Zaskoczenie
archive (3)/Test/surprise/image0010470.jpg,Zaskoczenie
archive (3)/Train/sad/image0013804.jpg,Smutek
archive (3)/Train/happy/ffhq_3615.png,Szczęście
archive (3)/Test/Anger/image0004381.jpg,Złość
archive (3)/Test/Anger/image0011726.jpg,Złość
archive (3)/Test/happy/ffhq_1578.png,Szczęście
archive (3)/Test/fear/image0001458.jpg,Strach
archive (3)/Train/fear/image0037430.jpg,Strach
archive (3)/Test/surprise/image0022641.jpg,Zaskoczenie
archive (3)/Test/surprise/image0017667.jpg,Zaskoczenie
archive (3)/Test/happy/ffhq_1828.png,Szczęście
archive (3)/Train/anger/image0022071.jpg,Złość
archive (3)/Test/Anger/image0018954.jpg,Złość
archive (3)/Train/surprise/image0031811.jpg,Zaskoczenie
archive (3)/Train/surprise/image0032952.jpg,Zaskoczenie
archive (3)/Test/Anger/image0005315.jpg,Złość
archive (3)/Test/Anger/image0018019.jpg,Złość
archive (3)/Test/happy/ffhq_405.png,Szczęście
archive (3)/Train/happy/ffhq_4046.png,Szczęście
archive (3)/Test/sad/image0003253.jpg,Smutek
archive (3)/Test/Anger/image0019349.jpg,Złość
archive (3)/Test/fear/image0021523.jpg,Strach
archive (3)/Train/fear/image0038088.jpg,Strach
archive (3)/Train/happy/ffhq_3822.png,Szczęście
archive (3)/Train/anger/image0030223.jpg,Złość
archive (3)/Test/surprise/image0014085.jpg,Zaskoczenie
archive (3)/Train/surprise/image0032097.jpg,Zaskoczenie
archive (3)/Train/sad/image0023131.jpg,Smutek
archive (3)/Train/happy/ffhq_3924.png,Szczęście
archive (3)/Test/happy/ffhq_2607.png,Szczęście
archive (3)/Train/surprise/image0031692.jpg,Zaskoczenie
archive (3)/Test/sad/image0015303.jpg,Smutek
archive (3)/Test/surprise/ffhq_410.png,Zaskoczenie
archive (3)/Test/happy/ffhq_466.png,Szczęście
archive (3)/Test/happy/ffhq_1479.png,Szczęście
archive (3)/Train/sad/image0023360.jpg,Smutek
archive (3)/Test/surprise/image0011158.jpg,Zaskoczenie
archive (3)/Train/surprise/image0034448.jpg,Zaskoczenie
archive (3)/Test/Anger/image0012677.jpg,Złość
archive (3)/Test/fear/image0004481.jpg,Strach
archive (3)/Train/anger/image0023616.jpg,Złość
archive (3)/Test/Anger/image0019112.jpg,Złość
archive (3)/Test/surprise/image0004700.jpg,Zaskoczenie
archive (3)/Train/surprise/image0031196.jpg,Zaskoczenie
archive (3)/Train/sad/image0022518.jpg,Smutek
archive (3)/Test/happy/ffhq_1625.png,Szczęście
archive (3)/Test/Anger/image0003961.jpg,Złość
archive (3)/Test/happy/ffhq_1410.png,Szczęście
archive (3)/Test/happy/ffhq_2663.png,Szczęście
archive (3)/Train/anger/image0029658.jpg,Złość
archive (3)/Train/anger/image0028063.jpg,Złość
archive (3)/Test/sad/image0021321.jpg,Smutek
archive (3)/Train/surprise/image0033363.jpg,Zaskoczenie
archive (3)/Train/sad/image0027160.jpg,Smutek
archive (3)/Test/Anger/image0017998.jpg,Złość
archive (3)/Train/happy/ffhq_3017.png,Szczęście
archive (3)/Test/fear/image0023088.jpg,Strach
archive (3)/Test/Anger/image0013485.jpg,Złość
archive (3)/Train/fear/image0040684.jpg,Strach
archive (3)/Train/happy/ffhq_4819.png,Szczęście
archive (3)/Test/surprise/image0018012.jpg,Zaskoczenie
archive (3)/Train/surprise/image0034017.jpg,Zaskoczenie
archive (3)/Train/anger/image0024353.jpg,Złość
archive (3)/Test/sad/image0018137.jpg,Smutek
archive (3)/Train/surprise/image0031337.jpg,Zaskoczenie
archive (3)/Test/sad/image0019135.jpg,Smutek
archive (3)/Train/sad/image0015136.jpg,Smutek
archive (3)/Train/surprise/image0032235.jpg,Zaskoczenie
archive (3)/Test/fear/image0034420.jpg,Strach
archive (3)/Train/fear/image0038186.jpg,Strach
archive (3)/Test/fear/image0034917.jpg,Strach
archive (3)/Train/anger/image0025639.jpg,Złość
archive (3)/Train/fear/image0040357.jpg,Strach
archive (3)/Train/surprise/image0025573.jpg,Zaskoczenie
archive (3)/Train/anger/image0025326.jpg,Złość
archive (3)/Train/anger/image0028936.jpg,Złość
archive (3)/Test/happy/ffhq_635.png,Szczęście
archive (3)/Train/fear/image0040212.jpg,Strach
archive (3)/Test/fear/image0021511.jpg,Strach
archive (3)/Train/fear/image0040570.jpg,Strach
archive (3)/Train/anger/image0022862.jpg,Złość
archive (3)/Train/happy/ffhq_3738.png,Szczęście
archive (3)/Test/fear/image0033380.jpg,Strach
archive (3)/Test/sad/image0002242.jpg,Smutek
archive (3)/Train/sad/image0030137.jpg,Smutek
archive (3)/Train/surprise/image0029634.jpg,Zaskoczenie
archive (3)/Train/surprise/image0034472.jpg,Zaskoczenie
archive (3)/Train/happy/ffhq_4798.png,Szczęście
archive (3)/Test/Anger/image0018472.jpg,Złość
archive (3)/Train/surprise/image0034931.jpg,Zaskoczenie
archive (3)/Train/happy/ffhq_3841.png,Szczęście
archive (3)/Train/surprise/image0030163.jpg,Zaskoczenie
archive (3)/Test/fear/image0018838.jpg,Strach
archive (3)/Train/sad/image0003323.jpg,Smutek
archive (3)/Train/sad/image0003289.jpg,Smutek
archive (3)/Train/anger/image0025578.jpg,Złość
archive (3)/Test/Anger/image0020463.jpg,Złość
archive (3)/Test/surprise/image0006343.jpg,Zaskoczenie
archive (3)/Train/anger/image0028619.jpg,Złość
archive (3)/Train/happy/ffhq_2981.png,Szczęście
archive (3)/Train/sad/image0026544.jpg,Smutek
archive (3)/Test/surprise/image0002005.jpg,Zaskoczenie
archive (3)/Train/surprise/image0033023.jpg,Zaskoczenie
archive (3)/Train/happy/ffhq_3955.png,Szczęście
archive (3)/Train/fear/image0037991.jpg,Strach
archive (3)/Test/surprise/image0012604.jpg,Zaskoczenie
archive (3)/Test/Anger/image0021210.jpg,Złość
archive (3)/Train/sad/image0018266.jpg,Smutek
archive (3)/Train/sad/image0030084.jpg,Smutek
archive (3)/Test/Anger/image0001470.jpg,Złość
archive (3)/Train/anger/image0027870.jpg,Złość
archive (3)/Train/sad/image0013707.jpg,Smutek
archive (3)/Train/happy/ffhq_3512.png,Szczęście
archive (3)/Train/fear/image0036162.jpg,Strach
archive (3)/Test/surprise/ffhq_383.png,Zaskoczenie
archive (3)/Train/surprise/image0028122.jpg,Zaskoczenie
archive (3)/Test/happy/ffhq_1725.png,Szczęście
archive (3)/Train/sad/image0011357.jpg,Smutek
archive (3)/Test/sad/image0007747.jpg,Smutek
archive (3)/Train/happy/ffhq_4964.png,Szczęście
archive (3)/Train/fear/image0038652.jpg,Strach
archive (3)/Test/surprise/image0013350.jpg,Zaskoczenie
archive (3)/Train/fear/image0038845.jpg,Strach
archive (3)/Train/sad/image0022187.jpg,Smutek
archive (3)/Test/fear/image0024795.jpg,Strach
archive (3)/Train/fear/image0038610.jpg,Strach
archive (3)/Test/Anger/image0014720.jpg,Złość
archive (3)/Test/happy/ffhq_1391.png,Szczęście
archive (3)/Train/sad/image0027995.jpg,Smutek
archive (3)/Test/surprise/image0022465.jpg,Zaskoczenie
archive (3)/Train/anger/image0025350.jpg,Złość
archive (3)/Test/fear/image0031340.jpg,Strach
archive (3)/Train/surprise/image0030016.jpg,Zaskoczenie
archive (3)/Train/sad/image0029967.jpg,Smutek
archive (3)/Train/fear/image0040448.jpg,Strach
archive (3)/Test/sad/image0020045.jpg,Smutek
archive (3)/Test/Anger/image0019708.jpg,Złość
archive (3)/Test/surprise/image0020949.jpg,Zaskoczenie
archive (3)/Test/sad/image0000539.jpg,Smutek
archive (3)/Test/sad/image0000588.jpg,Smutek
archive (3)/Test/sad/image0018586.jpg,Smutek
archive (3)/Train/sad/image0020944.jpg,Smutek
archive (3)/Train/sad/image0024141.jpg,Smutek
archive (3)/Test/surprise/ffhq_510.png,Zaskoczenie
archive (3)/Test/Anger/image0011100.jpg,Złość
archive (3)/Train/anger/image0025819.jpg,Złość
archive (3)/Test/happy/ffhq_2243.png,Szczęście
archive (3)/Train/sad/image0026386.jpg,Smutek
archive (3)/Test/surprise/ffhq_621.png,Zaskoczenie
archive (3)/Train/sad/image0019119.jpg,Smutek
archive (3)/Train/sad/image0030031.jpg,Smutek
archive (3)/Test/Anger/image0020731.jpg,Złość
archive (3)/Test/fear/image0034785.jpg,Strach
archive (3)/Train/sad/image0014659.jpg,Smutek
archive (3)/Train/surprise/image0034354.jpg,Zaskoczenie
archive (3)/Train/happy/ffhq_2823.png,Szczęście
archive (3)/Train/anger/image0030673.jpg,Złość
archive (3)/Test/happy/ffhq_666.png,Szczęście
archive (3)/Test/happy/ffhq_1152.png,Szczęście
archive (3)/Test/happy/ffhq_2559.png,Szczęście
archive (3)/Train/surprise/image0033215.jpg,Zaskoczenie
archive (3)/Train/surprise/image0027115.jpg,Zaskoczenie
archive (3)/Test/happy/ffhq_1151.png,Szczęście
archive (3)/Test/Anger/image0020852.jpg,Złość
archive (3)/Test/sad/image0016551.jpg,Smutek
archive (3)/Train/happy/ffhq_4244.png,Szczęście
archive (3)/Train/happy/ffhq_4752.png,Szczęście
archive (3)/Test/surprise/image0000152.jpg,Zaskoczenie
archive (3)/Train/happy/ffhq_3700.png,Szczęście
archive (3)/Train/surprise/image0028094.jpg,Zaskoczenie
archive (3)/Test/sad/image0019681.jpg,Smutek
archive (3)/Test/surprise/image0017710.jpg,Zaskoczenie
archive (3)/Test/happy/ffhq_753.png,Szczęście
archive (3)/Train/sad/image0016633.jpg,Smutek
archive (3)/Test/sad/image0021027.jpg,Smutek
archive (3)/Test/surprise/ffhq_64.png,Zaskoczenie
archive (3)/Test/surprise/image0014436.jpg,Zaskoczenie
archive (3)/Train/happy/ffhq_4299.png,Szczęście
archive (3)/Test/happy/ffhq_622.png,Szczęście
archive (3)/Train/happy/ffhq_4699.png,Szczęście
archive (3)/Test/happy/ffhq_1264.png,Szczęście
archive (3)/Test/surprise/image0023170.jpg,Zaskoczenie
archive (3)/Test/sad/image0019675.jpg,Smutek
archive (3)/Test/surprise/image0023918.jpg,Zaskoczenie
archive (3)/Test/happy/ffhq_167.png,Szczęście
archive (3)/Test/surprise/ffhq_353.png,Zaskoczenie
archive (3)/Test/happy/ffhq_1265.png,Szczęście
archive (3)/Test/sad/image0019765.jpg,Smutek
archive (3)/Train/surprise/image0034435.jpg,Zaskoczenie
archive (3)/Test/fear/image0032593.jpg,Strach
archive (3)/Train/sad/image0027613.jpg,Smutek
archive (3)/Test/surprise/image0017575.jpg,Zaskoczenie
archive (3)/Test/fear/image0022475.jpg,Strach
archive (3)/Train/happy/ffhq_4606.png,Szczęście
archive (3)/Train/fear/image0040026.jpg,Strach
archive (3)/Test/happy/ffhq_2460.png,Szczęście
archive (3)/Train/anger/image0026573.jpg,Złość
archive (3)/Test/sad/image0004566.jpg,Smutek
archive (3)/Train/sad/image0026147.jpg,Smutek
archive (3)/Train/sad/image0018527.jpg,Smutek
archive (3)/Train/happy/ffhq_4490.png,Szczęście
archive (3)/Train/fear/image0038563.jpg,Strach
archive (3)/Test/surprise/ffhq_507.png,Zaskoczenie
archive (3)/Test/happy/ffhq_2582.png,Szczęście
archive (3)/Test/surprise/image0013895.jpg,Zaskoczenie
archive (3)/Test/happy/ffhq_1431.png,Szczęście
archive (3)/Train/happy/ffhq_2705.png,Szczęście
archive (3)/Train/happy/ffhq_4544.png,Szczęście
archive (3)/Test/surprise/ffhq_517.png,Zaskoczenie
archive (3)/Train/happy/ffhq_4140.png,Szczęście
archive (3)/Test/fear/image0035162.jpg,Strach
archive (3)/Train/surprise/image0028311.jpg,Zaskoczenie
archive (3)/Test/happy/ffhq_1343.png,Szczęście
archive (3)/Train/fear/image0039588.jpg,Strach
archive (3)/Train/sad/image0024600.jpg,Smutek
archive (3)/Test/sad/image0003736.jpg,Smutek
archive (3)/Train/surprise/image0024163.jpg,Zaskoczenie
archive (3)/Train/anger/image0025879.jpg,Złość
archive (3)/Train/happy/ffhq_4371.png,Szczęście
archive (3)/Test/sad/image0011536.jpg,Smutek
archive (3)/Test/surprise/ffhq_589.png,Zaskoczenie
archive (3)/Train/sad/image0027322.jpg,Smutek
archive (3)/Train/anger/image0027011.jpg,Złość
archive (3)/Train/surprise/image0031117.jpg,Zaskoczenie
archive (3)/Train/sad/image0024712.jpg,Smutek
archive (3)/Test/happy/ffhq_1279.png,Szczęście
archive (3)/Test/surprise/image0011347.jpg,Zaskoczenie
archive (3)/Test/happy/ffhq_1700.png,Szczęście
archive (3)/Train/sad/image0017797.jpg,Smutek
archive (3)/Train/sad/image0027133.jpg,Smutek
archive (3)/Train/surprise/image0031968.jpg,Zaskoczenie
archive (3)/Train/sad/image0014931.jpg,Smutek
archive (3)/Train/sad/image0020505.jpg,Smutek
archive (3)/Test/Anger/image0020414.jpg,Złość
archive (3)/Train/happy/ffhq_4551.png,Szczęście
archive (3)/Test/surprise/image0002039.jpg,Zaskoczenie
archive (3)/Test/sad/image0016357.jpg,Smutek
archive (3)/Train/sad/image0023450.jpg,Smutek
archive (3)/Train/sad/image0021761.jpg,Smutek
archive (3)/Test/sad/image0009891.jpg,Smutek
archive (3)/Train/fear/image0040534.jpg,Strach
archive (3)/Train/happy/ffhq_3121.png,Szczęście
archive (3)/Test/sad/image0010666.jpg,Smutek
archive (3)/Train/anger/image0027348.jpg,Złość
archive (3)/Train/happy/ffhq_3621.png,Szczęście
archive (3)/Train/surprise/image0034248.jpg,Zaskoczenie
archive (3)/Test/happy/ffhq_1118.png,Szczęście
archive (3)/Test/happy/ffhq_1318.png,Szczęście
archive (3)/Test/happy/ffhq_396.png,Szczęście
archive (3)/Test/happy/ffhq_2633.png,Szczęście
archive (3)/Train/sad/image0015618.jpg,Smutek
archive (3)/Train/fear/image0036163.jpg,Strach
archive (3)/Train/sad/image0016219.jpg,Smutek
archive (3)/Test/happy/ffhq_2427.png,Szczęście
archive (3)/Train/surprise/image0028770.jpg,Zaskoczenie
archive (3)/Test/surprise/image0018247.jpg,Zaskoczenie
archive (3)/Test/happy/ffhq_1260.png,Szczęście
archive (3)/Train/surprise/image0029144.jpg,Zaskoczenie
archive (3)/Train/surprise/image0025595.jpg,Zaskoczenie
archive (3)/Train/sad/image0025606.jpg,Smutek
archive (3)/Test/Anger/image0020585.jpg,Złość
archive (3)/Train/sad/image0024568.jpg,Smutek
archive (3)/Train/happy/ffhq_3510.png,Szczęście
archive (3)/Train/fear/image0040914.jpg,Strach
archive (3)/Train/anger/image0029892.jpg,Złość
archive (3)/Test/sad/image0019820.jpg,Smutek
archive (3)/Train/fear/image0036796.jpg,Strach
archive (3)/Train/surprise/image0028477.jpg,Zaskoczenie
archive (3)/Train/happy/ffhq_2986.png,Szczęście
archive (3)/Train/sad/image0027755.jpg,Smutek
archive (3)/Test/fear/image0026620.jpg,Strach
archive (3)/Train/sad/image0018319.jpg,Smutek
archive (3)/Train/surprise/image0034479.jpg,Zaskoczenie
archive (3)/Train/sad/image0025231.jpg,Smutek
archive (3)/Train/anger/image0023109.jpg,Złość
archive (3)/Test/happy/ffhq_324.png,Szczęście
archive (3)/Test/fear/image0033141.jpg,Strach
archive (3)/Train/anger/image0028004.jpg,Złość
archive (3)/Train/sad/image0024334.jpg,Smutek
archive (3)/Train/sad/image0029757.jpg,Smutek
archive (3)/Train/surprise/image0033858.jpg,Zaskoczenie
archive (3)/Train/fear/image0039287.jpg,Strach
archive (3)/Train/sad/image0026740.jpg,Smutek
archive (3)/Test/surprise/ffhq_575.png,Zaskoczenie
archive (3)/Test/happy/ffhq_2641.png,Szczęście
archive (3)/Train/happy/ffhq_3309.png,Szczęście
archive (3)/Test/happy/ffhq_2520.png,Szczęście
archive (3)/Test/sad/image0017776.jpg,Smutek
archive (3)/Train/fear/image0036596.jpg,Strach
archive (3)/Train/sad/image0026247.jpg,Smutek
archive (3)/Train/sad/image0021848.jpg,Smutek
archive (3)/Train/sad/image0023320.jpg,Smutek
archive (3)/Train/sad/image0025137.jpg,Smutek
archive (3)/Test/Anger/image0020552.jpg,Złość
archive (3)/Test/happy/ffhq_359.png,Szczęście
archive (3)/Train/fear/image0035854.jpg,Strach
archive (3)/Train/surprise/image0030758.jpg,Zaskoczenie
archive (3)/Train/surprise/image0033152.jpg,Zaskoczenie
archive (3)/Train/happy/ffhq_3603.png,Szczęście
archive (3)/Train/sad/image0018736.jpg,Smutek
archive (3)/Test/sad/image0004290.jpg,Smutek
archive (3)/Train/surprise/image0028433.jpg,Zaskoczenie
archive (3)/Test/happy/ffhq_736.png,Szczęście
archive (3)/Test/happy/ffhq_1981.png,Szczęście
archive (3)/Test/fear/image0015636.jpg,Strach
archive (3)/Test/happy/ffhq_1367.png,Szczęście
archive (3)/Train/happy/ffhq_3395.png,Szczęście
archive (3)/Test/surprise/image0002348.jpg,Zaskoczenie
archive (3)/Train/happy/ffhq_2826.png,Szczęście
archive (3)/Train/happy/ffhq_3792.png,Szczęście
archive (3)/Train/surprise/image0031998.jpg,Zaskoczenie
archive (3)/Test/surprise/ffhq_602.png,Zaskoczenie
archive (3)/Train/sad/image0021860.jpg,Smutek
archive (3)/Test/surprise/image0018206.jpg,Zaskoczenie
archive (3)/Train/sad/image0028712.jpg,Smutek
archive (3)/Train/surprise/image0029206.jpg,Zaskoczenie
archive (3)/Train/fear/image0038788.jpg,Strach
archive (3)/Test/happy/ffhq_792.png,Szczęście
archive (3)/Test/surprise/image0023497.jpg,Zaskoczenie
archive (3)/Train/surprise/image0030437.jpg,Zaskoczenie
archive (3)/Train/surprise/image0027805.jpg,Zaskoczenie
archive (3)/Test/Anger/image0013025.jpg,Złość
archive (3)/Train/fear/image0039498.jpg,Strach
archive (3)/Train/sad/image0029602.jpg,Smutek
archive (3)/Test/surprise/image0012317.jpg,Zaskoczenie
archive (3)/Test/fear/image0033854.jpg,Strach
archive (3)/Test/happy/ffhq_2368.png,Szczęście
archive (3)/Test/surprise/image0007860.jpg,Zaskoczenie
archive (3)/Train/happy/ffhq_4834.png,Szczęście
archive (3)/Test/Anger/image0016772.jpg,Złość
archive (3)/Train/fear/image0039207.jpg,Strach
archive (3)/Train/sad/image0013792.jpg,Smutek
archive (3)/Test/surprise/image0019242.jpg,Zaskoczenie
archive (3)/Train/anger/image0029638.jpg,Złość
archive (3)/Train/happy/ffhq_4997.png,Szczęście
archive (3)/Test/sad/image0005696.jpg,Smutek
archive (3)/Test/Anger/image0018538.jpg,Złość
archive (3)/Train/surprise/image0028775.jpg,Zaskoczenie
archive (3)/Train/happy/ffhq_4145.png,Szczęście
archive (3)/Test/sad/image0009261.jpg,Smutek
archive (3)/Train/surprise/image0034802.jpg,Zaskoczenie
archive (3)/Test/happy/ffhq_607.png,Szczęście
archive (3)/Test/surprise/ffhq_38.png,Zaskoczenie
archive (3)/Test/happy/ffhq_1997.png,Szczęście
archive (3)/Test/surprise/ffhq_265.png,Zaskoczenie
archive (3)/Test/Anger/image0008971.jpg,Złość
archive (3)/Test/Anger/image0018933.jpg,Złość
archive (3)/Test/happy/ffhq_1654.png,Szczęście
archive (3)/Train/fear/image0037010.jpg,Strach
archive (3)/Test/surprise/image0019557.jpg,Zaskoczenie
archive (3)/Train/sad/image0000883.jpg,Smutek
archive (3)/Test/sad/image0014379.jpg,Smutek
archive (3)/Test/happy/ffhq_902.png,Szczęście
archive (3)/Test/happy/ffhq_1465.png,Szczęście
archive (3)/Train/sad/image0021179.jpg,Smutek
archive (3)/Train/fear/image0037759.jpg,Strach
archive (3)/Train/sad/image0014379.jpg,Smutek
archive (3)/Test/happy/ffhq_27.png,Szczęście
archive (3)/Test/surprise/image0012737.jpg,Zaskoczenie
archive (3)/Train/happy/ffhq_2990.png,Szczęście
archive (3)/Test/happy/ffhq_2230.png,Szczęście
archive (3)/Train/sad/image0017690.jpg,Smutek
archive (3)/Test/sad/image0012798.jpg,Smutek
archive (3)/Train/happy/ffhq_3943.png,Szczęście
archive (3)/Train/sad/image0022072.jpg,Smutek
archive (3)/Train/surprise/image0031017.jpg,Zaskoczenie
archive (3)/Train/happy/ffhq_3251.png,Szczęście
archive (3)/Test/sad/image0017480.jpg,Smutek
archive (3)/Test/Anger/image0020046.jpg,Złość
archive (3)/Test/happy/ffhq_1630.png,Szczęście
archive (3)/Train/surprise/image0028545.jpg,Zaskoczenie
archive (3)/Train/surprise/image0026108.jpg,Zaskoczenie
archive (3)/Train/happy/ffhq_3179.png,Szczęście
archive (3)/Test/Anger/image0017540.jpg,Złość
archive (3)/Test/sad/image0006646.jpg,Smutek
archive (3)/Train/sad/image0016856.jpg,Smutek
archive (3)/Train/fear/image0039661.jpg,Strach
archive (3)/Train/happy/ffhq_2922.png,Szczęście
archive (3)/Train/surprise/image0030112.jpg,Zaskoczenie
archive (3)/Train/sad/image0014373.jpg,Smutek
archive (3)/Test/Anger/image0014808.jpg,Złość
archive (3)/Test/Anger/image0013102.jpg,Złość
archive (3)/Test/fear/image0021553.jpg,Strach
archive (3)/Train/surprise/image0030961.jpg,Zaskoczenie
archive (3)/Train/fear/image0039142.jpg,Strach
archive (3)/Test/happy/ffhq_36.png,Szczęście
archive (3)/Train/happy/ffhq_3143.png,Szczęście
archive (3)/Test/sad/image0005386.jpg,Smutek
archive (3)/Train/happy/ffhq_2795.png,Szczęście
archive (3)/Train/happy/ffhq_2848.png,Szczęście
archive (3)/Train/sad/image0012900.jpg,Smutek
archive (3)/Train/anger/image0026807.jpg,Złość
archive (3)/Test/surprise/image0010137.jpg,Zaskoczenie
archive (3)/Train/surprise/image0034307.jpg,Zaskoczenie
archive (3)/Test/happy/ffhq_533.png,Szczęście
archive (3)/Train/surprise/image0029625.jpg,Zaskoczenie
archive (3)/Test/happy/ffhq_2503.png,Szczęście
archive (3)/Test/Anger/image0004835.jpg,Złość
archive (3)/Train/anger/image0030574.jpg,Złość
archive (3)/Train/sad/image0027520.jpg,Smutek
archive (3)/Test/happy/ffhq_851.png,Szczęście
archive (3)/Train/happy/ffhq_3723.png,Szczęście
archive (3)/Train/sad/image0014473.jpg,Smutek
archive (3)/Train/surprise/image0025371.jpg,Zaskoczenie
archive (3)/Test/sad/image0017004.jpg,Smutek
archive (3)/Test/happy/ffhq_1794.png,Szczęście
archive (3)/Train/surprise/image0030860.jpg,Zaskoczenie
archive (3)/Train/fear/image0038503.jpg,Strach
archive (3)/Train/happy/ffhq_4575.png,Szczęście
archive (3)/Test/fear/image0006553.jpg,Strach
archive (3)/Train/surprise/image0027293.jpg,Zaskoczenie
archive (3)/Test/sad/image0005884.jpg,Smutek
archive (3)/Train/surprise/image0034864.jpg,Zaskoczenie
archive (3)/Train/happy/ffhq_4281.png,Szczęście
archive (3)/Train/happy/ffhq_4757.png,Szczęście
archive (3)/Test/Anger/image0019020.jpg,Złość
archive (3)/Train/happy/ffhq_3417.png,Szczęście
archive (3)/Test/sad/image0007623.jpg,Smutek
archive (3)/Train/happy/ffhq_4399.png,Szczęście
archive (3)/Test/sad/image0006678.jpg,Smutek
archive (3)/Train/happy/ffhq_3824.png,Szczęście
archive (3)/Train/sad/image0027319.jpg,Smutek
archive (3)/Train/surprise/image0033746.jpg,Zaskoczenie
archive (3)/Test/sad/image0019114.jpg,Smutek
archive (3)/Test/fear/image0034532.jpg,Strach
archive (3)/Train/sad/image0022265.jpg,Smutek
archive (3)/Test/Anger/image0015727.jpg,Złość
archive (3)/Test/surprise/ffhq_175.png,Zaskoczenie
archive (3)/Test/happy/ffhq_22.png,Szczęście
archive (3)/Train/sad/image0001584.jpg,Smutek
archive (3)/Train/surprise/image0026556.jpg,Zaskoczenie
archive (3)/Train/sad/image0026969.jpg,Smutek
archive (3)/Train/surprise/image0032212.jpg,Zaskoczenie
archive (3)/Test/happy/ffhq_2190.png,Szczęście
archive (3)/Train/sad/image0008940.jpg,Smutek
archive (3)/Train/surprise/image0033674.jpg,Zaskoczenie
archive (3)/Test/happy/ffhq_697.png,Szczęście
archive (3)/Train/happy/ffhq_3473.png,Szczęście
archive (3)/Train/happy/ffhq_3425.png,Szczęście
archive (3)/Train/sad/image0027320.jpg,Smutek
archive (3)/Train/surprise/image0030717.jpg,Zaskoczenie
archive (3)/Train/fear/image0040072.jpg,Strach
archive (3)/Train/anger/image0028210.jpg,Złość
archive (3)/Test/happy/ffhq_1974.png,Szczęście
archive (3)/Train/happy/ffhq_4488.png,Szczęście
archive (3)/Test/surprise/image0010220.jpg,Zaskoczenie
archive (3)/Test/Anger/image0018133.jpg,Złość
archive (3)/Test/fear/image0034612.jpg,Strach
archive (3)/Train/surprise/image0033464.jpg,Zaskoczenie
archive (3)/Test/fear/image0007470.jpg,Strach
archive (3)/Train/happy/ffhq_3662.png,Szczęście
archive (3)/Train/happy/ffhq_4219.png,Szczęście
archive (3)/Test/happy/ffhq_2111.png,Szczęście
archive (3)/Train/surprise/image0033756.jpg,Zaskoczenie
archive (3)/Train/sad/image0021340.jpg,Smutek
archive (3)/Train/surprise/image0026805.jpg,Zaskoczenie
archive (3)/Train/sad/image0028909.jpg,Smutek
archive (3)/Train/sad/image0020590.jpg,Smutek
archive (3)/Train/fear/image0038543.jpg,Strach
archive (3)/Train/happy/ffhq_4901.png,Szczęście
archive (3)/Train/surprise/image0033985.jpg,Zaskoczenie
archive (3)/Test/happy/ffhq_1652.png,Szczęście
archive (3)/Train/anger/image0023084.jpg,Złość
archive (3)/Test/surprise/image0008021.jpg,Zaskoczenie
archive (3)/Train/sad/image0003615.jpg,Smutek
archive (3)/Train/anger/image0024916.jpg,Złość
archive (3)/Test/Anger/image0006816.jpg,Złość
archive (3)/Train/surprise/image0032177.jpg,Zaskoczenie
archive (3)/Train/sad/image0013354.jpg,Smutek
archive (3)/Train/sad/image0013574.jpg,Smutek
archive (3)/Test/fear/image0014250.jpg,Strach
archive (3)/Test/surprise/ffhq_24.png,Zaskoczenie
archive (3)/Train/surprise/image0032197.jpg,Zaskoczenie
archive (3)/Test/sad/image0001610.jpg,Smutek
archive (3)/Train/happy/ffhq_3972.png,Szczęście
archive (3)/Train/sad/image0026297.jpg,Smutek
archive (3)/Train/surprise/image0029385.jpg,Zaskoczenie
archive (3)/Test/Anger/image0011254.jpg,Złość
archive (3)/Test/happy/ffhq_1521.png,Szczęście
archive (3)/Train/sad/image0018992.jpg,Smutek
archive (3)/Train/sad/image0016111.jpg,Smutek
archive (3)/Train/fear/image0039461.jpg,Strach
archive (3)/Test/happy/ffhq_1523.png,Szczęście
archive (3)/Test/sad/image0006154.jpg,Smutek
archive (3)/Test/fear/image0025085.jpg,Strach
archive (3)/Train/sad/image0029681.jpg,Smutek
archive (3)/Train/happy/ffhq_4542.png,Szczęście
archive (3)/Train/fear/image0038073.jpg,Strach
archive (3)/Train/fear/image0039620.jpg,Strach
archive (3)/Train/anger/image0027468.jpg,Złość
archive (3)/Train/sad/image0022185.jpg,Smutek
archive (3)/Train/surprise/image0030913.jpg,Zaskoczenie
archive (3)/Test/sad/image0021234.jpg,Smutek
archive (3)/Test/surprise/ffhq_239.png,Zaskoczenie
archive (3)/Train/sad/image0016054.jpg,Smutek
archive (3)/Train/happy/ffhq_2969.png,Szczęście
archive (3)/Train/fear/image0036237.jpg,Strach
archive (3)/Train/sad/image0020817.jpg,Smutek
archive (3)/Test/surprise/image0020869.jpg,Zaskoczenie
archive (3)/Test/fear/image0031389.jpg,Strach
archive (3)/Test/Anger/image0010948.jpg,Złość
archive (3)/Train/happy/ffhq_4530.png,Szczęście
archive (3)/Test/happy/ffhq_2500.png,Szczęście
archive (3)/Test/surprise/image0017658.jpg,Zaskoczenie
archive (3)/Test/happy/ffhq_2421.png,Szczęście
archive (3)/Train/anger/image0023537.jpg,Złość
archive (3)/Train/sad/image0020322.jpg,Smutek
archive (3)/Train/surprise/image0034462.jpg,Zaskoczenie
archive (3)/Test/Anger/image0014195.jpg,Złość
archive (3)/Test/happy/ffhq_1194.png,Szczęście
archive (3)/Test/Anger/image0006379.jpg,Złość
archive (3)/Train/sad/image0008980.jpg,Smutek
archive (3)/Test/fear/image0033789.jpg,Strach
archive (3)/Test/fear/image0033063.jpg,Strach
archive (3)/Test/Anger/image0003112.jpg,Złość
archive (3)/Test/surprise/image0012875.jpg,Zaskoczenie
archive (3)/Train/sad/image0025422.jpg,Smutek
archive (3)/Train/sad/image0024507.jpg,Smutek
archive (3)/Train/happy/ffhq_3718.png,Szczęście
archive (3)/Train/fear/image0039345.jpg,Strach
archive (3)/Train/sad/image0019499.jpg,Smutek
archive (3)/Test/fear/image0016086.jpg,Strach
archive (3)/Test/happy/ffhq_1766.png,Szczęście
archive (3)/Train/anger/image0028880.jpg,Złość
archive (3)/Train/happy/ffhq_4240.png,Szczęście
archive (3)/Test/surprise/image0017533.jpg,Zaskoczenie
archive (3)/Train/happy/ffhq_2913.png,Szczęście
archive (3)/Test/happy/ffhq_21.png,Szczęście
archive (3)/Test/fear/image0024046.jpg,Strach
archive (3)/Test/surprise/image0014088.jpg,Zaskoczenie
archive (3)/Train/fear/image0040204.jpg,Strach
archive (3)/Test/surprise/image0019328.jpg,Zaskoczenie
archive (3)/Test/surprise/image0013003.jpg,Zaskoczenie
archive (3)/Test/surprise/image0020268.jpg,Zaskoczenie
archive (3)/Train/fear/image0040405.jpg,Strach
archive (3)/Train/sad/image0020045.jpg,Smutek
archive (3)/Test/fear/image0031253.jpg,Strach
archive (3)/Test/fear/image0017695.jpg,Strach
archive (3)/Train/happy/ffhq_3086.png,Szczęście
archive (3)/Test/surprise/image0016956.jpg,Zaskoczenie
archive (3)/Train/surprise/image0033972.jpg,Zaskoczenie
archive (3)/Train/happy/ffhq_4213.png,Szczęście
archive (3)/Test/happy/ffhq_2571.png,Szczęście
archive (3)/Train/anger/image0025887.jpg,Złość
archive (3)/Test/Anger/image0016893.jpg,Złość
archive (3)/Test/happy/ffhq_2370.png,Szczęście
archive (3)/Test/Anger/image0021391.jpg,Złość
archive (3)/Train/anger/image0024402.jpg,Złość
archive (3)/Train/happy/ffhq_3433.png,Szczęście
archive (3)/Train/fear/image0037460.jpg,Strach
archive (3)/Train/sad/image0018205.jpg,Smutek
archive (3)/Test/happy/ffhq_117.png,Szczęście
archive (3)/Test/happy/ffhq_45.png,Szczęście
archive (3)/Test/happy/ffhq_2428.png,Szczęście
archive (3)/Train/happy/ffhq_3519.png,Szczęście
archive (3)/Train/surprise/image0026658.jpg,Zaskoczenie
archive (3)/Train/happy/ffhq_4443.png,Szczęście
archive (3)/Train/anger/image0026493.jpg,Złość
archive (3)/Train/sad/image0018167.jpg,Smutek
archive (3)/Train/sad/image0029798.jpg,Smutek
archive (3)/Test/surprise/ffhq_61.png,Zaskoczenie
archive (3)/Test/Anger/image0006281.jpg,Złość
archive (3)/Train/happy/ffhq_4698.png,Szczęście
archive (3)/Test/fear/image0035281.jpg,Strach
archive (3)/Train/surprise/image0027722.jpg,Zaskoczenie
archive (3)/Test/happy/ffhq_928.png,Szczęście
archive (3)/Train/fear/image0039936.jpg,Strach
archive (3)/Test/sad/image0021233.jpg,Smutek
archive (3)/Train/fear/image0036983.jpg,Strach
archive (3)/Train/sad/image0024761.jpg,Smutek
archive (3)/Train/sad/image0008508.jpg,Smutek
archive (3)/Train/sad/image0019318.jpg,Smutek
archive (3)/Train/fear/image0040265.jpg,Strach
archive (3)/Test/happy/ffhq_2553.png,Szczęście
archive (3)/Train/sad/image0020470.jpg,Smutek
archive (3)/Test/happy/ffhq_2333.png,Szczęście
archive (3)/Test/sad/image0016278.jpg,Smutek
archive (3)/Train/happy/ffhq_3119.png,Szczęście
archive (3)/Train/happy/ffhq_2950.png,Szczęście
archive (3)/Test/sad/image0005039.jpg,Smutek
archive (3)/Train/happy/ffhq_3748.png,Szczęście
archive (3)/Train/happy/ffhq_3733.png,Szczęście
archive (3)/Train/happy/ffhq_4580.png,Szczęście
archive (3)/Test/sad/image0001748.jpg,Smutek
archive (3)/Train/fear/image0039722.jpg,Strach
archive (3)/Test/Anger/image0005603.jpg,Złość
archive (3)/Test/fear/image0013392.jpg,Strach
archive (3)/Test/sad/image0020877.jpg,Smutek
archive (3)/Train/fear/image0037789.jpg,Strach
archive (3)/Train/surprise/image0032379.jpg,Zaskoczenie
archive (3)/Test/sad/image0020330.jpg,Smutek
archive (3)/Test/happy/ffhq_1896.png,Szczęście
archive (3)/Train/anger/image0029352.jpg,Złość
archive (3)/Test/Anger/image0000908.jpg,Złość
archive (3)/Train/anger/image0030640.jpg,Złość
archive (3)/Train/anger/image0023515.jpg,Złość
archive (3)/Test/sad/image0005120.jpg,Smutek
archive (3)/Train/sad/image0010950.jpg,Smutek
archive (3)/Test/surprise/image0021617.jpg,Zaskoczenie
archive (3)/Test/happy/ffhq_2598.png,Szczęście
archive (3)/Test/Anger/image0006960.jpg,Złość
archive (3)/Test/Anger/image0006484.jpg,Złość
archive (3)/Train/anger/image0030136.jpg,Złość
archive (3)/Test/happy/ffhq_1251.png,Szczęście
archive (3)/Train/sad/image0014103.jpg,Smutek
archive (3)/Test/fear/image0027270.jpg,Strach
archive (3)/Train/happy/ffhq_3491.png,Szczęście
archive (3)/Test/happy/ffhq_20.png,Szczęście
archive (3)/Train/surprise/image0029687.jpg,Zaskoczenie
archive (3)/Test/happy/ffhq_1956.png,Szczęście
archive (3)/Test/happy/ffhq_510.png,Szczęście
archive (3)/Train/sad/image0023371.jpg,Smutek
archive (3)/Train/surprise/image0033417.jpg,Zaskoczenie
archive (3)/Test/sad/image0020816.jpg,Smutek
archive (3)/Train/anger/image0028928.jpg,Złość
archive (3)/Test/happy/ffhq_2241.png,Szczęście
archive (3)/Train/surprise/image0025042.jpg,Zaskoczenie
archive (3)/Test/fear/image0033706.jpg,Strach
archive (3)/Train/fear/image0040020.jpg,Strach
archive (3)/Test/surprise/ffhq_78.png,Zaskoczenie
archive (3)/Train/surprise/image0033876.jpg,Zaskoczenie
archive (3)/Train/surprise/image0033736.jpg,Zaskoczenie
archive (3)/Test/happy/ffhq_712.png,Szczęście
archive (3)/Train/surprise/image0025646.jpg,Zaskoczenie
archive (3)/Train/happy/ffhq_3442.png,Szczęście
archive (3)/Train/sad/image0016731.jpg,Smutek
archive (3)/Test/happy/ffhq_402.png,Szczęście
archive (3)/Train/surprise/image0033474.jpg,Zaskoczenie
archive (3)/Train/sad/image0013134.jpg,Smutek
archive (3)/Train/sad/image0028011.jpg,Smutek
archive (3)/Test/surprise/image0019898.jpg,Zaskoczenie
archive (3)/Test/happy/ffhq_145.png,Szczęście
archive (3)/Train/fear/image0037095.jpg,Strach
archive (3)/Test/fear/image0032196.jpg,Strach
archive (3)/Test/happy/ffhq_825.png,Szczęście
archive (3)/Train/fear/image0038030.jpg,Strach
archive (3)/Test/fear/image0025277.jpg,Strach
archive (3)/Train/sad/image0027738.jpg,Smutek
archive (3)/Train/sad/image0018366.jpg,Smutek
archive (3)/Train/sad/image0029384.jpg,Smutek
archive (3)/Train/surprise/image0030766.jpg,Zaskoczenie
archive (3)/Train/sad/image0018613.jpg,Smutek
archive (3)/Test/sad/image0014675.jpg,Smutek
archive (3)/Train/anger/image0022631.jpg,Złość
archive (3)/Train/sad/image0020107.jpg,Smutek
archive (3)/Train/sad/image0023643.jpg,Smutek
archive (3)/Train/fear/image0036147.jpg,Strach
archive (3)/Train/fear/image0037604.jpg,Strach
archive (3)/Test/happy/ffhq_85.png,Szczęście
archive (3)/Train/fear/image0039859.jpg,Strach
archive (3)/Train/happy/ffhq_3557.png,Szczęście
archive (3)/Train/anger/image0028360.jpg,Złość
archive (3)/Train/sad/image0028230.jpg,Smutek
archive (3)/Test/sad/image0015143.jpg,Smutek
archive (3)/Test/Anger/image0014041.jpg,Złość
archive (3)/Train/fear/image0039238.jpg,Strach
archive (3)/Test/fear/image0035564.jpg,Strach
archive (3)/Train/anger/image0028344.jpg,Złość
archive (3)/Test/happy/ffhq_199.png,Szczęście
archive (3)/Train/surprise/image0031718.jpg,Zaskoczenie
archive (3)/Train/sad/image0023352.jpg,Smutek
archive (3)/Train/surprise/image0032842.jpg,Zaskoczenie
archive (3)/Train/surprise/image0033211.jpg,Zaskoczenie
archive (3)/Test/Anger/image0007125.jpg,Złość
archive (3)/Test/sad/image0002864.jpg,Smutek
archive (3)/Test/surprise/image0012430.jpg,Zaskoczenie
archive (3)/Test/sad/image0013521.jpg,Smutek
archive (3)/Test/surprise/image0014715.jpg,Zaskoczenie
archive (3)/Test/happy/ffhq_153.png,Szczęście
archive (3)/Train/sad/image0023257.jpg,Smutek
archive (3)/Train/happy/ffhq_3061.png,Szczęście
archive (3)/Train/happy/ffhq_3256.png,Szczęście
archive (3)/Train/surprise/image0026634.jpg,Zaskoczenie
archive (3)/Test/happy/ffhq_609.png,Szczęście
archive (3)/Test/sad/image0018561.jpg,Smutek
archive (3)/Train/happy/ffhq_4099.png,Szczęście
archive (3)/Test/Anger/image0001516.jpg,Złość
archive (3)/Train/surprise/image0033448.jpg,Zaskoczenie
archive (3)/Test/happy/ffhq_162.png,Szczęście
archive (3)/Test/Anger/image0017562.jpg,Złość
archive (3)/Train/fear/image0039769.jpg,Strach
archive (3)/Test/happy/ffhq_1014.png,Szczęście
archive (3)/Train/sad/image0025330.jpg,Smutek
archive (3)/Train/sad/image0008872.jpg,Smutek
archive (3)/Train/sad/image0022182.jpg,Smutek
archive (3)/Train/fear/image0037245.jpg,Strach
archive (3)/Test/sad/image0010597.jpg,Smutek
archive (3)/Train/sad/image0025047.jpg,Smutek
archive (3)/Train/sad/image0002924.jpg,Smutek
archive (3)/Train/sad/image0027691.jpg,Smutek
archive (3)/Test/surprise/image0022956.jpg,Zaskoczenie
archive (3)/Train/fear/image0035949.jpg,Strach
archive (3)/Train/surprise/image0034901.jpg,Zaskoczenie
archive (3)/Train/surprise/image0024159.jpg,Zaskoczenie
archive (3)/Test/surprise/image0010633.jpg,Zaskoczenie
archive (3)/Test/sad/image0002418.jpg,Smutek
archive (3)/Train/sad/image0030269.jpg,Smutek
archive (3)/Train/happy/ffhq_4471.png,Szczęście
archive (3)/Train/sad/image0017452.jpg,Smutek
archive (3)/Train/fear/image0040888.jpg,Strach
archive (3)/Test/fear/image0034596.jpg,Strach
archive (3)/Train/surprise/image0032436.jpg,Zaskoczenie
archive (3)/Train/surprise/image0033026.jpg,Zaskoczenie
archive (3)/Train/surprise/image0032948.jpg,Zaskoczenie
archive (3)/Test/surprise/image0007580.jpg,Zaskoczenie
archive (3)/Train/anger/image0026558.jpg,Złość
archive (3)/Train/fear/image0036659.jpg,Strach
archive (3)/Train/sad/image0000276.jpg,Smutek
archive (3)/Train/anger/image0030553.jpg,Złość
archive (3)/Train/happy/ffhq_3170.png,Szczęście
archive (3)/Train/anger/image0023992.jpg,Złość
archive (3)/Train/sad/image0016237.jpg,Smutek
archive (3)/Test/sad/image0005984.jpg,Smutek
archive (3)/Train/sad/image0026649.jpg,Smutek
archive (3)/Test/Anger/image0015644.jpg,Złość
archive (3)/Test/surprise/image0021135.jpg,Zaskoczenie
archive (3)/Train/happy/ffhq_4301.png,Szczęście
archive (3)/Train/surprise/image0024393.jpg,Zaskoczenie
archive (3)/Test/happy/ffhq_1026.png,Szczęście
archive (3)/Test/happy/ffhq_1713.png,Szczęście
archive (3)/Test/surprise/ffhq_570.png,Zaskoczenie
archive (3)/Test/Anger/image0020779.jpg,Złość
archive (3)/Train/sad/image0015134.jpg,Smutek
archive (3)/Train/happy/ffhq_3090.png,Szczęście
archive (3)/Test/Anger/image0019393.jpg,Złość
archive (3)/Test/fear/image0030585.jpg,Strach
archive (3)/Train/sad/image0029229.jpg,Smutek
archive (3)/Test/surprise/image0022620.jpg,Zaskoczenie
archive (3)/Test/sad/image0000276.jpg,Smutek
archive (3)/Train/fear/image0037694.jpg,Strach
archive (3)/Test/surprise/ffhq_170.png,Zaskoczenie
archive (3)/Test/Anger/image0018931.jpg,Złość
archive (3)/Test/fear/image0021008.jpg,Strach
archive (3)/Test/happy/ffhq_2406.png,Szczęście
archive (3)/Train/sad/image0017637.jpg,Smutek
archive (3)/Train/fear/image0038181.jpg,Strach
archive (3)/Test/happy/ffhq_2323.png,Szczęście
archive (3)/Test/surprise/ffhq_313.png,Zaskoczenie
archive (3)/Train/happy/ffhq_4149.png,Szczęście
archive (3)/Train/sad/image0002531.jpg,Smutek
archive (3)/Test/surprise/image0012735.jpg,Zaskoczenie
archive (3)/Test/fear/image0031421.jpg,Strach
archive (3)/Test/Anger/image0015798.jpg,Złość
archive (3)/Test/Anger/image0021736.jpg,Złość
archive (3)/Test/happy/ffhq_1807.png,Szczęście
archive (3)/Train/sad/image0024471.jpg,Smutek
archive (3)/Train/happy/ffhq_3835.png,Szczęście
archive (3)/Train/fear/image0038241.jpg,Strach
archive (3)/Test/surprise/image0010782.jpg,Zaskoczenie
archive (3)/Test/happy/ffhq_2163.png,Szczęście
archive (3)/Train/happy/ffhq_3211.png,Szczęście
archive (3)/Test/happy/ffhq_2311.png,Szczęście
archive (3)/Train/fear/image0038537.jpg,Strach
archive (3)/Test/happy/ffhq_2407.png,Szczęście
archive (3)/Train/sad/image0026195.jpg,Smutek
archive (3)/Train/happy/ffhq_3252.png,Szczęście
archive (3)/Train/surprise/image0031300.jpg,Zaskoczenie
archive (3)/Test/fear/image0032389.jpg,Strach
archive (3)/Test/happy/ffhq_966.png,Szczęście
archive (3)/Train/happy/ffhq_4962.png,Szczęście
archive (3)/Test/surprise/image0016846.jpg,Zaskoczenie
archive (3)/Train/sad/image0017496.jpg,Smutek
archive (3)/Train/sad/image0026444.jpg,Smutek
archive (3)/Test/surprise/image0020878.jpg,Zaskoczenie
archive (3)/Train/sad/image0029517.jpg,Smutek
archive (3)/Train/happy/ffhq_4468.png,Szczęście
archive (3)/Test/happy/ffhq_876.png,Szczęście
archive (3)/Train/sad/image0028747.jpg,Smutek
archive (3)/Train/sad/image0022245.jpg,Smutek
archive (3)/Train/happy/ffhq_3588.png,Szczęście
archive (3)/Train/surprise/image0032853.jpg,Zaskoczenie
archive (3)/Train/anger/image0024578.jpg,Złość
archive (3)/Test/Anger/image0014645.jpg,Złość
archive (3)/Test/Anger/image0014542.jpg,Złość
archive (3)/Train/sad/image0029059.jpg,Smutek
archive (3)/Train/anger/image0027190.jpg,Złość
archive (3)/Train/surprise/image0030641.jpg,Zaskoczenie
archive (3)/Train/sad/image0023422.jpg,Smutek
archive (3)/Train/happy/ffhq_3004.png,Szczęście
archive (3)/Test/fear/image0008313.jpg,Strach
archive (3)/Test/sad/image0018922.jpg,Smutek
archive (3)/Test/happy/ffhq_568.png,Szczęście
archive (3)/Test/happy/ffhq_2331.png,Szczęście
archive (3)/Train/sad/image0027158.jpg,Smutek
archive (3)/Train/happy/ffhq_3065.png,Szczęście
archive (3)/Train/happy/ffhq_3887.png,Szczęście
archive (3)/Test/Anger/image0020510.jpg,Złość
archive (3)/Train/fear/image0039049.jpg,Strach
archive (3)/Train/sad/image0022896.jpg,Smutek
archive (3)/Test/Anger/image0007566.jpg,Złość
archive (3)/Train/anger/image0027564.jpg,Złość
archive (3)/Train/surprise/image0031915.jpg,Zaskoczenie
archive (3)/Test/happy/ffhq_1558.png,Szczęście
archive (3)/Train/happy/ffhq_4355.png,Szczęście
archive (3)/Test/surprise/image0023314.jpg,Zaskoczenie
archive (3)/Test/sad/image0020925.jpg,Smutek
archive (3)/Train/sad/image0008422.jpg,Smutek
archive (3)/Test/happy/ffhq_2332.png,Szczęście
archive (3)/Test/surprise/image0018968.jpg,Zaskoczenie
archive (3)/Test/happy/ffhq_1800.png,Szczęście
archive (3)/Test/happy/ffhq_1590.png,Szczęście
archive (3)/Train/happy/ffhq_4081.png,Szczęście
archive (3)/Test/happy/ffhq_1036.png,Szczęście
archive (3)/Test/Anger/image0017679.jpg,Złość
archive (3)/Test/fear/image0018557.jpg,Strach
archive (3)/Test/fear/image0024060.jpg,Strach
archive (3)/Train/sad/image0005566.jpg,Smutek
archive (3)/Test/fear/image0026886.jpg,Strach
archive (3)/Test/happy/ffhq_585.png,Szczęście
archive (3)/Test/Anger/image0015183.jpg,Złość
archive (3)/Train/anger/image0028131.jpg,Złość
archive (3)/Test/Anger/image0021708.jpg,Złość
archive (3)/Test/fear/image0023570.jpg,Strach
archive (3)/Test/surprise/ffhq_201.png,Zaskoczenie
archive (3)/Train/happy/ffhq_4767.png,Szczęście
archive (3)/Test/sad/image0003774.jpg,Smutek
archive (3)/Train/fear/image0038090.jpg,Strach
archive (3)/Train/sad/image0012467.jpg,Smutek
archive (3)/Train/anger/image0027831.jpg,Złość
archive (3)/Train/fear/image0040837.jpg,Strach
archive (3)/Test/happy/ffhq_778.png,Szczęście
archive (3)/Test/fear/image0019181.jpg,Strach
archive (3)/Test/surprise/image0018789.jpg,Zaskoczenie
archive (3)/Train/fear/image0039380.jpg,Strach
archive (3)/Test/happy/ffhq_2541.png,Szczęście
archive (3)/Test/surprise/image0019264.jpg,Zaskoczenie
archive (3)/Train/happy/ffhq_3598.png,Szczęście
archive (3)/Test/happy/ffhq_2117.png,Szczęście
archive (3)/Test/surprise/ffhq_373.png,Zaskoczenie
archive (3)/Test/happy/ffhq_995.png,Szczęście
archive (3)/Train/anger/image0026470.jpg,Złość
archive (3)/Test/sad/image0001503.jpg,Smutek
archive (3)/Train/surprise/image0031879.jpg,Zaskoczenie
archive (3)/Test/happy/ffhq_1149.png,Szczęście
archive (3)/Test/Anger/image0004330.jpg,Złość
archive (3)/Train/sad/image0026984.jpg,Smutek
archive (3)/Test/happy/ffhq_453.png,Szczęście
archive (3)/Train/sad/image0003585.jpg,Smutek
archive (3)/Train/surprise/image0024672.jpg,Zaskoczenie
archive (3)/Test/surprise/ffhq_145.png,Zaskoczenie
archive (3)/Train/happy/ffhq_4432.png,Szczęście
archive (3)/Test/happy/ffhq_2168.png,Szczęście
archive (3)/Train/happy/ffhq_4775.png,Szczęście
archive (3)/Test/happy/ffhq_1281.png,Szczęście
archive (3)/Test/surprise/ffhq_142.png,Zaskoczenie
archive (3)/Test/Anger/image0013071.jpg,Złość
archive (3)/Test/Anger/image0009439.jpg,Złość
archive (3)/Train/surprise/image0034765.jpg,Zaskoczenie
archive (3)/Test/happy/ffhq_668.png,Szczęście
archive (3)/Test/happy/ffhq_2129.png,Szczęście
archive (3)/Train/anger/image0022042.jpg,Złość
archive (3)/Train/sad/image0025633.jpg,Smutek
archive (3)/Test/surprise/image0011088.jpg,Zaskoczenie
archive (3)/Test/sad/image0001266.jpg,Smutek
archive (3)/Test/Anger/image0007366.jpg,Złość
archive (3)/Test/surprise/image0015425.jpg,Zaskoczenie
archive (3)/Test/Anger/image0018651.jpg,Złość
archive (3)/Test/fear/image0034881.jpg,Strach
archive (3)/Train/surprise/image0024867.jpg,Zaskoczenie
archive (3)/Train/happy/ffhq_3435.png,Szczęście
archive (3)/Test/happy/ffhq_1837.png,Szczęście
archive (3)/Test/happy/ffhq_2192.png,Szczęście
archive (3)/Test/happy/ffhq_1702.png,Szczęście
archive (3)/Test/Anger/image0005156.jpg,Złość
archive (3)/Test/fear/image0031063.jpg,Strach
archive (3)/Test/fear/image0026583.jpg,Strach
archive (3)/Test/fear/image0033758.jpg,Strach
archive (3)/Test/Anger/image0018271.jpg,Złość
archive (3)/Train/sad/image0026069.jpg,Smutek
archive (3)/Test/happy/ffhq_2603.png,Szczęście
archive (3)/Train/sad/image0030059.jpg,Smutek
archive (3)/Train/fear/image0037085.jpg,Strach
archive (3)/Train/happy/ffhq_2944.png,Szczęście
archive (3)/Train/surprise/image0031028.jpg,Zaskoczenie
archive (3)/Train/surprise/image0028142.jpg,Zaskoczenie
archive (3)/Train/sad/image0028705.jpg,Smutek
archive (3)/Train/sad/image0004454.jpg,Smutek
archive (3)/Test/happy/ffhq_2305.png,Szczęście
archive (3)/Test/fear/image0033351.jpg,Strach
archive (3)/Test/happy/ffhq_2363.png,Szczęście
archive (3)/Train/sad/image0021441.jpg,Smutek
archive (3)/Train/surprise/image0024667.jpg,Zaskoczenie
archive (3)/Test/Anger/image0015683.jpg,Złość
archive (3)/Train/surprise/image0032617.jpg,Zaskoczenie
archive (3)/Test/fear/image0022493.jpg,Strach
archive (3)/Test/surprise/ffhq_186.png,Zaskoczenie
archive (3)/Test/Anger/image0015478.jpg,Złość
archive (3)/Train/sad/image0027445.jpg,Smutek
archive (3)/Train/happy/ffhq_3977.png,Szczęście
archive (3)/Train/happy/ffhq_4461.png,Szczęście
archive (3)/Test/sad/image0011407.jpg,Smutek
archive (3)/Train/anger/image0030610.jpg,Złość
archive (3)/Train/sad/image0006883.jpg,Smutek
archive (3)/Train/sad/image0030353.jpg,Smutek
archive (3)/Train/anger/image0027343.jpg,Złość
archive (3)/Test/surprise/image0014232.jpg,Zaskoczenie
archive (3)/Test/Anger/image0006339.jpg,Złość
archive (3)/Train/sad/image0026605.jpg,Smutek
archive (3)/Train/fear/image0036170.jpg,Strach
archive (3)/Test/fear/image0030501.jpg,Strach
archive (3)/Test/surprise/image0020828.jpg,Zaskoczenie
archive (3)/Test/fear/image0032339.jpg,Strach
archive (3)/Test/Anger/image0021368.jpg,Złość
archive (3)/Test/Anger/image0019773.jpg,Złość
archive (3)/Test/fear/image0019662.jpg,Strach
archive (3)/Train/surprise/image0031490.jpg,Zaskoczenie
archive (3)/Test/Anger/image0020372.jpg,Złość
archive (3)/Train/surprise/image0031111.jpg,Zaskoczenie
archive (3)/Train/happy/ffhq_4512.png,Szczęście
archive (3)/Train/surprise/image0026571.jpg,Zaskoczenie
archive (3)/Test/sad/image0013782.jpg,Smutek
archive (3)/Test/sad/image0011918.jpg,Smutek
archive (3)/Test/fear/image0031824.jpg,Strach
archive (3)/Test/fear/image0020241.jpg,Strach
archive (3)/Test/surprise/image0022007.jpg,Zaskoczenie
archive (3)/Test/fear/image0027386.jpg,Strach
archive (3)/Test/sad/image0014147.jpg,Smutek
archive (3)/Test/happy/ffhq_322.png,Szczęście
archive (3)/Train/happy/ffhq_4069.png,Szczęście
archive (3)/Test/surprise/image0021178.jpg,Zaskoczenie
archive (3)/Test/surprise/image0019777.jpg,Zaskoczenie
archive (3)/Test/Anger/image0001773.jpg,Złość
archive (3)/Train/sad/image0030311.jpg,Smutek
archive (3)/Test/fear/image0028403.jpg,Strach
archive (3)/Train/fear/image0040084.jpg,Strach
archive (3)/Test/sad/image0005613.jpg,Smutek
archive (3)/Test/surprise/image0006105.jpg,Zaskoczenie
archive (3)/Train/fear/image0037851.jpg,Strach
archive (3)/Train/sad/image0001030.jpg,Smutek
archive (3)/Test/fear/image0030656.jpg,Strach
archive (3)/Train/anger/image0024773.jpg,Złość
archive (3)/Train/surprise/image0034198.jpg,Zaskoczenie
archive (3)/Test/happy/ffhq_1150.png,Szczęście
archive (3)/Train/sad/image0026834.jpg,Smutek
archive (3)/Test/sad/image0013979.jpg,Smutek
archive (3)/Test/sad/image0005582.jpg,Smutek
archive (3)/Train/happy/ffhq_4266.png,Szczęście
archive (3)/Train/sad/image0026541.jpg,Smutek
archive (3)/Test/Anger/image0014029.jpg,Złość
archive (3)/Train/fear/image0035903.jpg,Strach
archive (3)/Train/surprise/image0024118.jpg,Zaskoczenie
archive (3)/Train/sad/image0029058.jpg,Smutek
archive (3)/Test/fear/image0032750.jpg,Strach
archive (3)/Test/surprise/ffhq_640.png,Zaskoczenie
archive (3)/Train/surprise/image0033880.jpg,Zaskoczenie
archive (3)/Train/fear/image0039651.jpg,Strach
archive (3)/Test/surprise/image0007874.jpg,Zaskoczenie
archive (3)/Test/sad/image0015134.jpg,Smutek
archive (3)/Train/anger/image0030636.jpg,Złość
archive (3)/Test/fear/image0029632.jpg,Strach
archive (3)/Test/happy/ffhq_1870.png,Szczęście
archive (3)/Train/anger/image0028372.jpg,Złość
archive (3)/Test/Anger/image0019379.jpg,Złość
archive (3)/Train/sad/image0012083.jpg,Smutek
archive (3)/Train/fear/image0039282.jpg,Strach
archive (3)/Train/sad/image0019904.jpg,Smutek
archive (3)/Train/fear/image0036076.jpg,Strach
archive (3)/Train/sad/image0019514.jpg,Smutek
archive (3)/Train/sad/image0023046.jpg,Smutek
archive (3)/Test/Anger/image0001161.jpg,Złość
archive (3)/Test/fear/image0011680.jpg,Strach
archive (3)/Test/fear/image0034708.jpg,Strach
archive (3)/Test/happy/ffhq_2218.png,Szczęście
archive (3)/Test/happy/ffhq_2226.png,Szczęście
archive (3)/Test/happy/ffhq_2052.png,Szczęście
archive (3)/Train/sad/image0024890.jpg,Smutek
archive (3)/Test/happy/ffhq_1605.png,Szczęście
archive (3)/Train/anger/image0028482.jpg,Złość
archive (3)/Train/surprise/image0033983.jpg,Zaskoczenie
archive (3)/Test/happy/ffhq_1650.png,Szczęście
archive (3)/Train/fear/image0036752.jpg,Strach
archive (3)/Train/anger/image0023702.jpg,Złość
archive (3)/Test/happy/ffhq_1104.png,Szczęście
archive (3)/Test/Anger/image0003295.jpg,Złość
archive (3)/Test/happy/ffhq_2474.png,Szczęście
archive (3)/Train/surprise/image0027578.jpg,Zaskoczenie
archive (3)/Test/surprise/image0018689.jpg,Zaskoczenie
archive (3)/Train/sad/image0021260.jpg,Smutek
archive (3)/Test/happy/ffhq_519.png,Szczęście
archive (3)/Train/anger/image0023378.jpg,Złość
archive (3)/Train/surprise/image0034817.jpg,Zaskoczenie
archive (3)/Test/fear/image0033813.jpg,Strach
archive (3)/Test/surprise/image0023376.jpg,Zaskoczenie
archive (3)/Test/Anger/image0002467.jpg,Złość
archive (3)/Test/surprise/ffhq_52.png,Zaskoczenie
archive (3)/Test/sad/image0017828.jpg,Smutek
archive (3)/Train/sad/image0009776.jpg,Smutek
archive (3)/Train/surprise/image0031180.jpg,Zaskoczenie
archive (3)/Train/happy/ffhq_2937.png,Szczęście
archive (3)/Test/surprise/image0004186.jpg,Zaskoczenie
archive (3)/Train/sad/image0024535.jpg,Smutek
archive (3)/Test/sad/image0010437.jpg,Smutek
archive (3)/Test/surprise/image0004419.jpg,Zaskoczenie
archive (3)/Train/sad/image0021922.jpg,Smutek
archive (3)/Test/fear/image0026551.jpg,Strach
archive (3)/Test/happy/ffhq_1543.png,Szczęście
archive (3)/Test/surprise/ffhq_371.png,Zaskoczenie
archive (3)/Test/surprise/image0019648.jpg,Zaskoczenie
archive (3)/Train/surprise/image0034255.jpg,Zaskoczenie
archive (3)/Train/surprise/image0030655.jpg,Zaskoczenie
archive (3)/Train/fear/image0036446.jpg,Strach
archive (3)/Test/fear/image0020132.jpg,Strach
archive (3)/Test/sad/image0020726.jpg,Smutek
archive (3)/Train/surprise/image0031985.jpg,Zaskoczenie
archive (3)/Train/fear/image0040440.jpg,Strach
archive (3)/Test/sad/image0012900.jpg,Smutek
archive (3)/Train/sad/image0017535.jpg,Smutek
archive (3)/Train/anger/image0024450.jpg,Złość
archive (3)/Test/sad/image0017044.jpg,Smutek
archive (3)/Train/fear/image0036670.jpg,Strach
archive (3)/Test/surprise/ffhq_320.png,Zaskoczenie
archive (3)/Test/Anger/image0013015.jpg,Złość
archive (3)/Test/happy/ffhq_124.png,Szczęście
archive (3)/Test/surprise/image0013532.jpg,Zaskoczenie
archive (3)/Train/anger/image0022277.jpg,Złość
archive (3)/Train/happy/ffhq_2788.png,Szczęście
archive (3)/Test/happy/ffhq_2601.png,Szczęście
archive (3)/Train/sad/image0021321.jpg,Smutek
archive (3)/Train/surprise/image0031540.jpg,Zaskoczenie
archive (3)/Test/happy/ffhq_853.png,Szczęście
archive (3)/Test/surprise/image0021917.jpg,Zaskoczenie
archive (3)/Train/sad/image0026656.jpg,Smutek
archive (3)/Test/sad/image0013354.jpg,Smutek
archive (3)/Train/fear/image0036952.jpg,Strach
archive (3)/Test/happy/ffhq_1999.png,Szczęście
archive (3)/Test/Anger/image0007124.jpg,Złość
archive (3)/Train/sad/image0013619.jpg,Smutek
archive (3)/Test/fear/image0034556.jpg,Strach
archive (3)/Test/surprise/image0005954.jpg,Zaskoczenie
archive (3)/Train/happy/ffhq_3926.png,Szczęście
archive (3)/Train/sad/image0005478.jpg,Smutek
archive (3)/Test/surprise/image0019106.jpg,Zaskoczenie
archive (3)/Test/fear/image0027551.jpg,Strach
archive (3)/Test/Anger/image0012827.jpg,Złość
archive (3)/Test/happy/ffhq_1208.png,Szczęście
archive (3)/Test/fear/image0030380.jpg,Strach
archive (3)/Train/anger/image0029928.jpg,Złość
archive (3)/Train/sad/image0020777.jpg,Smutek
archive (3)/Train/sad/image0019213.jpg,Smutek
archive (3)/Test/surprise/ffhq_612.png,Zaskoczenie
archive (3)/Train/anger/image0027074.jpg,Złość
archive (3)/Train/happy/ffhq_4152.png,Szczęście
archive (3)/Test/Anger/image0021507.jpg,Złość
archive (3)/Train/sad/image0018571.jpg,Smutek
archive (3)/Train/sad/image0026459.jpg,Smutek
archive (3)/Train/surprise/image0032492.jpg,Zaskoczenie
archive (3)/Train/fear/image0040158.jpg,Strach
archive (3)/Train/sad/image0028948.jpg,Smutek
archive (3)/Train/surprise/image0027789.jpg,Zaskoczenie
archive (3)/Train/sad/image0026648.jpg,Smutek
archive (3)/Train/sad/image0022310.jpg,Smutek
archive (3)/Test/surprise/ffhq_460.png,Zaskoczenie
archive (3)/Test/happy/ffhq_1161.png,Szczęście
archive (3)/Train/happy/ffhq_3279.png,Szczęście
archive (3)/Test/fear/image0032194.jpg,Strach
archive (3)/Train/fear/image0040054.jpg,Strach
archive (3)/Train/sad/image0026878.jpg,Smutek
archive (3)/Train/sad/image0024853.jpg,Smutek
archive (3)/Test/fear/image0032134.jpg,Strach
archive (3)/Test/happy/ffhq_818.png,Szczęście
archive (3)/Test/surprise/image0021345.jpg,Zaskoczenie
archive (3)/Test/surprise/image0021666.jpg,Zaskoczenie
archive (3)/Test/Anger/image0018989.jpg,Złość
archive (3)/Train/happy/ffhq_3084.png,Szczęście
archive (3)/Train/sad/image0000323.jpg,Smutek
archive (3)/Test/sad/image0004201.jpg,Smutek
archive (3)/Train/surprise/image0029986.jpg,Zaskoczenie
archive (3)/Train/anger/image0026372.jpg,Złość
archive (3)/Train/happy/ffhq_4696.png,Szczęście
archive (3)/Train/surprise/image0032973.jpg,Zaskoczenie
archive (3)/Train/fear/image0040173.jpg,Strach
archive (3)/Test/surprise/ffhq_218.png,Zaskoczenie
archive (3)/Train/happy/ffhq_3954.png,Szczęście
archive (3)/Train/surprise/image0025461.jpg,Zaskoczenie
archive (3)/Test/surprise/image0023511.jpg,Zaskoczenie
archive (3)/Train/happy/ffhq_4850.png,Szczęście
archive (3)/Train/surprise/image0030720.jpg,Zaskoczenie
archive (3)/Train/surprise/image0029564.jpg,Zaskoczenie
archive (3)/Test/happy/ffhq_791.png,Szczęście
archive (3)/Test/sad/image0018374.jpg,Smutek
archive (3)/Train/surprise/image0033436.jpg,Zaskoczenie
archive (3)/Test/sad/image0017604.jpg,Smutek
archive (3)/Test/sad/image0013264.jpg,Smutek
archive (3)/Train/sad/image0026080.jpg,Smutek
archive (3)/Train/sad/image0021849.jpg,Smutek
archive (3)/Train/sad/image0029341.jpg,Smutek
archive (3)/Test/sad/image0017050.jpg,Smutek
archive (3)/Test/surprise/ffhq_103.png,Zaskoczenie
archive (3)/Test/fear/image0022409.jpg,Strach
archive (3)/Test/Anger/image0017800.jpg,Złość
archive (3)/Train/happy/ffhq_4042.png,Szczęście
archive (3)/Train/happy/ffhq_2946.png,Szczęście
archive (3)/Train/fear/image0035682.jpg,Strach
archive (3)/Test/Anger/image0016809.jpg,Złość
archive (3)/Train/fear/image0038142.jpg,Strach
archive (3)/Test/surprise/image0006245.jpg,Zaskoczenie
archive (3)/Test/fear/image0027370.jpg,Strach
archive (3)/Test/happy/ffhq_2196.png,Szczęście
archive (3)/Test/happy/ffhq_2276.png,Szczęście
archive (3)/Test/fear/image0035408.jpg,Strach
archive (3)/Train/fear/image0040741.jpg,Strach
archive (3)/Test/happy/ffhq_2359.png,Szczęście
archive (3)/Train/anger/image0021982.jpg,Złość
archive (3)/Test/sad/image0020609.jpg,Smutek
archive (3)/Test/fear/image0022090.jpg,Strach
archive (3)/Train/sad/image0021185.jpg,Smutek
archive (3)/Train/fear/image0039848.jpg,Strach
archive (3)/Test/sad/image0011423.jpg,Smutek
archive (3)/Test/Anger/image0006896.jpg,Złość
archive (3)/Train/fear/image0038364.jpg,Strach
archive (3)/Train/sad/image0027748.jpg,Smutek
archive (3)/Train/fear/image0039465.jpg,Strach
archive (3)/Train/surprise/image0034853.jpg,Zaskoczenie
archive (3)/Train/happy/ffhq_4337.png,Szczęście
archive (3)/Train/anger/image0030619.jpg,Złość
archive (3)/Test/happy/ffhq_1201.png,Szczęście
archive (3)/Train/happy/ffhq_2796.png,Szczęście
archive (3)/Test/sad/image0012947.jpg,Smutek
archive (3)/Test/Anger/image0012225.jpg,Złość
archive (3)/Test/happy/ffhq_2124.png,Szczęście
archive (3)/Train/surprise/image0030052.jpg,Zaskoczenie
archive (3)/Train/happy/ffhq_4013.png,Szczęście
archive (3)/Test/happy/ffhq_1820.png,Szczęście
archive (3)/Test/happy/ffhq_2535.png,Szczęście
archive (3)/Test/surprise/image0021782.jpg,Zaskoczenie
archive (3)/Train/anger/image0024979.jpg,Złość
archive (3)/Train/happy/ffhq_4949.png,Szczęście
archive (3)/Train/happy/ffhq_2717.png,Szczęście
archive (3)/Train/anger/image0027923.jpg,Złość
archive (3)/Test/sad/image0020575.jpg,Smutek
archive (3)/Train/sad/image0019831.jpg,Smutek
archive (3)/Train/sad/image0023667.jpg,Smutek
archive (3)/Test/sad/image0019295.jpg,Smutek
archive (3)/Test/surprise/image0017538.jpg,Zaskoczenie
archive (3)/Test/Anger/image0018397.jpg,Złość
archive (3)/Train/sad/image0023142.jpg,Smutek
archive (3)/Test/Anger/image0017694.jpg,Złość
archive (3)/Train/fear/image0036903.jpg,Strach
archive (3)/Train/anger/image0024975.jpg,Złość
archive (3)/Train/happy/ffhq_4945.png,Szczęście
archive (3)/Train/surprise/image0032238.jpg,Zaskoczenie
archive (3)/Test/fear/image0033498.jpg,Strach
archive (3)/Train/happy/ffhq_4282.png,Szczęście
archive (3)/Train/surprise/image0030797.jpg,Zaskoczenie
archive (3)/Train/sad/image0028432.jpg,Smutek
archive (3)/Test/happy/ffhq_901.png,Szczęście
archive (3)/Train/sad/image0018540.jpg,Smutek
archive (3)/Train/sad/image0024106.jpg,Smutek
archive (3)/Test/sad/image0010198.jpg,Smutek
archive (3)/Train/sad/image0004551.jpg,Smutek
archive (3)/Train/sad/image0018219.jpg,Smutek
archive (3)/Test/surprise/ffhq_166.png,Zaskoczenie
archive (3)/Train/surprise/image0031096.jpg,Zaskoczenie
archive (3)/Train/fear/image0039109.jpg,Strach
archive (3)/Train/sad/image0021390.jpg,Smutek
archive (3)/Test/happy/ffhq_311.png,Szczęście
archive (3)/Train/happy/ffhq_4638.png,Szczęście
archive (3)/Test/fear/image0027888.jpg,Strach
archive (3)/Test/happy/ffhq_1868.png,Szczęście
archive (3)/Train/fear/image0040886.jpg,Strach
archive (3)/Test/sad/image0006623.jpg,Smutek
archive (3)/Train/happy/ffhq_4526.png,Szczęście
archive (3)/Train/sad/image0028941.jpg,Smutek
archive (3)/Test/happy/ffhq_285.png,Szczęście
archive (3)/Test/sad/image0018437.jpg,Smutek
archive (3)/Train/sad/image0028021.jpg,Smutek
archive (3)/Train/fear/image0036526.jpg,Strach
archive (3)/Test/surprise/ffhq_650.png,Zaskoczenie
archive (3)/Train/sad/image0003318.jpg,Smutek
archive (3)/Test/surprise/ffhq_86.png,Zaskoczenie
archive (3)/Test/happy/ffhq_2518.png,Szczęście
archive (3)/Test/fear/image0018384.jpg,Strach
archive (3)/Train/sad/image0027471.jpg,Smutek
archive (3)/Train/fear/image0036367.jpg,Strach
archive (3)/Train/surprise/image0027577.jpg,Zaskoczenie
archive (3)/Train/anger/image0025281.jpg,Złość
archive (3)/Train/fear/image0038617.jpg,Strach
archive (3)/Train/anger/image0025474.jpg,Złość
archive (3)/Test/fear/image0006207.jpg,Strach
archive (3)/Test/happy/ffhq_2151.png,Szczęście
archive (3)/Train/surprise/image0034294.jpg,Zaskoczenie
archive (3)/Test/happy/ffhq_200.png,Szczęście
archive (3)/Test/fear/image0032289.jpg,Strach
archive (3)/Test/surprise/ffhq_325.png,Zaskoczenie
archive (3)/Test/surprise/image0009814.jpg,Zaskoczenie
archive (3)/Test/happy/ffhq_784.png,Szczęście
archive (3)/Test/sad/image0007074.jpg,Smutek
archive (3)/Train/happy/image0031806.jpg,Szczęście
archive (3)/Test/Anger/image0013733.jpg,Złość
archive (3)/Train/surprise/image0034223.jpg,Zaskoczenie
archive (3)/Test/surprise/image0000533.jpg,Zaskoczenie
archive (3)/Test/sad/image0019170.jpg,Smutek
archive (3)/Train/anger/image0022800.jpg,Złość
archive (3)/Test/happy/ffhq_29.png,Szczęście
archive (3)/Test/surprise/ffhq_41.png,Zaskoczenie
archive (3)/Test/fear/image0019291.jpg,Strach
archive (3)/Train/sad/image0027744.jpg,Smutek
archive (3)/Train/surprise/image0031796.jpg,Zaskoczenie
archive (3)/Test/surprise/image0012378.jpg,Zaskoczenie
archive (3)/Train/sad/image0029364.jpg,Smutek
archive (3)/Test/surprise/image0023432.jpg,Zaskoczenie
archive (3)/Train/sad/image0018501.jpg,Smutek
archive (3)/Train/sad/image0017170.jpg,Smutek
archive (3)/Test/fear/image0003057.jpg,Strach
archive (3)/Test/happy/ffhq_2693.png,Szczęście
archive (3)/Test/fear/image0033192.jpg,Strach
archive (3)/Test/fear/image0032137.jpg,Strach
archive (3)/Test/Anger/image0011869.jpg,Złość
archive (3)/Test/happy/ffhq_1178.png,Szczęście
archive (3)/Test/surprise/image0021787.jpg,Zaskoczenie
archive (3)/Train/surprise/image0028392.jpg,Zaskoczenie
archive (3)/Train/fear/image0035782.jpg,Strach
archive (3)/Test/surprise/image0011824.jpg,Zaskoczenie
archive (3)/Train/happy/ffhq_3158.png,Szczęście
archive (3)/Test/Anger/image0009502.jpg,Złość
archive (3)/Train/surprise/image0031876.jpg,Zaskoczenie
archive (3)/Test/sad/image0011162.jpg,Smutek
archive (3)/Test/happy/ffhq_1950.png,Szczęście
archive (3)/Train/surprise/image0027054.jpg,Zaskoczenie
archive (3)/Test/Anger/image0019880.jpg,Złość
archive (3)/Train/sad/image0005639.jpg,Smutek
archive (3)/Test/Anger/image0012536.jpg,Złość
archive (3)/Train/anger/image0022105.jpg,Złość
archive (3)/Test/sad/image0020774.jpg,Smutek
archive (3)/Test/fear/image0030819.jpg,Strach
archive (3)/Test/surprise/image0023860.jpg,Zaskoczenie
archive (3)/Train/sad/image0016938.jpg,Smutek
archive (3)/Test/fear/image0032890.jpg,Strach
archive (3)/Train/fear/image0037837.jpg,Strach
archive (3)/Test/surprise/image0019031.jpg,Zaskoczenie
archive (3)/Train/anger/image0029201.jpg,Złość
archive (3)/Train/sad/image0030491.jpg,Smutek
archive (3)/Test/sad/image0002531.jpg,Smutek
archive (3)/Train/anger/image0022600.jpg,Złość
archive (3)/Test/surprise/image0019426.jpg,Zaskoczenie
archive (3)/Test/sad/image0007355.jpg,Smutek
archive (3)/Test/happy/ffhq_1092.png,Szczęście
archive (3)/Test/fear/image0020819.jpg,Strach
archive (3)/Train/sad/image0003386.jpg,Smutek
archive (3)/Train/sad/image0016555.jpg,Smutek
archive (3)/Test/Anger/image0015572.jpg,Złość
archive (3)/Test/surprise/image0017449.jpg,Zaskoczenie
archive (3)/Test/happy/ffhq_1211.png,Szczęście
archive (3)/Train/surprise/image0033711.jpg,Zaskoczenie
archive (3)/Train/happy/ffhq_4928.png,Szczęście
archive (3)/Test/Anger/image0016740.jpg,Złość
archive (3)/Test/surprise/ffhq_276.png,Zaskoczenie
archive (3)/Test/happy/ffhq_1370.png,Szczęście
archive (3)/Train/fear/image0039202.jpg,Strach
archive (3)/Test/happy/ffhq_335.png,Szczęście
archive (3)/Train/happy/ffhq_4068.png,Szczęście
archive (3)/Test/Anger/image0009551.jpg,Złość
archive (3)/Train/sad/image0017673.jpg,Smutek
archive (3)/Test/happy/ffhq_812.png,Szczęście
archive (3)/Train/fear/image0036444.jpg,Strach
archive (3)/Train/happy/ffhq_3371.png,Szczęście
archive (3)/Train/sad/image0007545.jpg,Smutek
archive (3)/Test/fear/image0018741.jpg,Strach
archive (3)/Train/fear/image0040298.jpg,Strach
archive (3)/Train/happy/ffhq_4475.png,Szczęście
archive (3)/Test/fear/image0024525.jpg,Strach
archive (3)/Test/Anger/image0012173.jpg,Złość
archive (3)/Test/happy/ffhq_2162.png,Szczęście
archive (3)/Test/surprise/ffhq_585.png,Zaskoczenie
archive (3)/Test/fear/image0034663.jpg,Strach
archive (3)/Test/sad/image0006593.jpg,Smutek
archive (3)/Train/anger/image0024202.jpg,Złość
archive (3)/Test/happy/ffhq_991.png,Szczęście
archive (3)/Test/happy/ffhq_2063.png,Szczęście
archive (3)/Train/surprise/image0034378.jpg,Zaskoczenie
archive (3)/Test/surprise/image0014740.jpg,Zaskoczenie
archive (3)/Test/Anger/image0006540.jpg,Złość
archive (3)/Test/happy/ffhq_640.png,Szczęście
archive (3)/Test/fear/image0013837.jpg,Strach
archive (3)/Train/happy/ffhq_3817.png,Szczęście
archive (3)/Test/happy/ffhq_1771.png,Szczęście
archive (3)/Train/happy/ffhq_2776.png,Szczęście
archive (3)/Test/fear/image0031572.jpg,Strach
archive (3)/Train/surprise/image0029631.jpg,Zaskoczenie
archive (3)/Test/sad/image0007601.jpg,Smutek
archive (3)/Test/sad/image0019510.jpg,Smutek
archive (3)/Test/happy/ffhq_603.png,Szczęście
archive (3)/Train/anger/image0030364.jpg,Złość
archive (3)/Train/anger/image0029497.jpg,Złość
archive (3)/Test/Anger/image0000923.jpg,Złość
archive (3)/Test/Anger/image0018045.jpg,Złość
archive (3)/Train/happy/ffhq_3920.png,Szczęście
archive (3)/Train/anger/image0028745.jpg,Złość
archive (3)/Test/happy/ffhq_1435.png,Szczęście
archive (3)/Test/fear/image0025663.jpg,Strach
archive (3)/Test/happy/ffhq_1062.png,Szczęście
archive (3)/Train/sad/image0023883.jpg,Smutek
archive (3)/Train/anger/image0027699.jpg,Złość
archive (3)/Train/fear/image0037173.jpg,Strach
archive (3)/Test/happy/ffhq_377.png,Szczęście
archive (3)/Train/sad/image0002843.jpg,Smutek
archive (3)/Train/sad/image0018764.jpg,Smutek
archive (3)/Train/sad/image0028189.jpg,Smutek
archive (3)/Train/sad/image0025761.jpg,Smutek
archive (3)/Train/fear/image0040039.jpg,Strach
archive (3)/Train/anger/image0027502.jpg,Złość
archive (3)/Test/Anger/image0014896.jpg,Złość
archive (3)/Test/fear/image0029278.jpg,Strach
archive (3)/Test/happy/ffhq_1774.png,Szczęście
archive (3)/Train/surprise/image0027769.jpg,Zaskoczenie
archive (3)/Test/Anger/image0006477.jpg,Złość
archive (3)/Train/surprise/image0031637.jpg,Zaskoczenie
archive (3)/Test/fear/image0034489.jpg,Strach
archive (3)/Test/sad/image0012305.jpg,Smutek
archive (3)/Test/Anger/image0019567.jpg,Złość
archive (3)/Train/anger/image0022688.jpg,Złość
archive (3)/Train/sad/image0021989.jpg,Smutek
archive (3)/Test/Anger/image0018962.jpg,Złość
archive (3)/Train/sad/image0016799.jpg,Smutek
archive (3)/Test/surprise/image0021801.jpg,Zaskoczenie
archive (3)/Train/anger/image0028550.jpg,Złość
archive (3)/Train/happy/ffhq_4460.png,Szczęście
archive (3)/Train/happy/image0032221.jpg,Szczęście
archive (3)/Test/sad/image0010972.jpg,Smutek
archive (3)/Test/fear/image0034124.jpg,Strach
archive (3)/Train/fear/image0037930.jpg,Strach
archive (3)/Train/sad/image0028609.jpg,Smutek
archive (3)/Test/Anger/image0020331.jpg,Złość
archive (3)/Test/Anger/image0015095.jpg,Złość
archive (3)/Test/surprise/image0001603.jpg,Zaskoczenie
archive (3)/Train/sad/image0026282.jpg,Smutek
archive (3)/Test/happy/ffhq_2015.png,Szczęście
archive (3)/Test/happy/ffhq_745.png,Szczęście
archive (3)/Train/anger/image0026181.jpg,Złość
archive (3)/Train/sad/image0005941.jpg,Smutek
archive (3)/Train/happy/ffhq_4260.png,Szczęście
archive (3)/Train/fear/image0040214.jpg,Strach
archive (3)/Train/sad/image0012828.jpg,Smutek
archive (3)/Train/surprise/image0032909.jpg,Zaskoczenie
archive (3)/Train/sad/image0027702.jpg,Smutek
archive (3)/Train/happy/ffhq_2714.png,Szczęście
archive (3)/Test/happy/ffhq_310.png,Szczęście
archive (3)/Train/happy/ffhq_4397.png,Szczęście
archive (3)/Test/Anger/image0014497.jpg,Złość
archive (3)/Test/surprise/image0021570.jpg,Zaskoczenie
archive (3)/Train/fear/image0035882.jpg,Strach
archive (3)/Train/anger/image0029027.jpg,Złość
archive (3)/Test/happy/ffhq_978.png,Szczęście
archive (3)/Test/sad/image0021202.jpg,Smutek
archive (3)/Train/sad/image0019644.jpg,Smutek
archive (3)/Test/happy/ffhq_835.png,Szczęście
archive (3)/Test/surprise/ffhq_445.png,Zaskoczenie
archive (3)/Test/happy/ffhq_49.png,Szczęście
archive (3)/Train/surprise/image0026562.jpg,Zaskoczenie
archive (3)/Train/surprise/image0032824.jpg,Zaskoczenie
archive (3)/Train/anger/image0026036.jpg,Złość
archive (3)/Train/surprise/image0024012.jpg,Zaskoczenie
archive (3)/Train/happy/ffhq_4359.png,Szczęście
archive (3)/Test/Anger/image0018033.jpg,Złość
archive (3)/Train/surprise/image0024457.jpg,Zaskoczenie
archive (3)/Train/sad/image0018308.jpg,Smutek
archive (3)/Train/sad/image0027652.jpg,Smutek
archive (3)/Train/sad/image0030346.jpg,Smutek
archive (3)/Train/surprise/image0031446.jpg,Zaskoczenie
archive (3)/Test/fear/image0014095.jpg,Strach
archive (3)/Train/fear/image0039289.jpg,Strach
archive (3)/Test/happy/ffhq_578.png,Szczęście
archive (3)/Train/sad/image0023119.jpg,Smutek
archive (3)/Test/surprise/image0022373.jpg,Zaskoczenie
archive (3)/Test/surprise/image0004224.jpg,Zaskoczenie
archive (3)/Train/anger/image0027909.jpg,Złość
archive (3)/Train/sad/image0030036.jpg,Smutek
archive (3)/Test/surprise/image0001862.jpg,Zaskoczenie
archive (3)/Test/happy/ffhq_2061.png,Szczęście
archive (3)/Train/happy/ffhq_3069.png,Szczęście
archive (3)/Test/surprise/image0022757.jpg,Zaskoczenie
archive (3)/Train/sad/image0024063.jpg,Smutek
archive (3)/Train/surprise/image0031434.jpg,Zaskoczenie
archive (3)/Test/fear/image0034867.jpg,Strach
archive (3)/Test/surprise/image0022469.jpg,Zaskoczenie
archive (3)/Train/sad/image0013019.jpg,Smutek
archive (3)/Train/fear/image0039590.jpg,Strach
archive (3)/Test/surprise/ffhq_583.png,Zaskoczenie
archive (3)/Train/happy/ffhq_3506.png,Szczęście
archive (3)/Train/surprise/image0028659.jpg,Zaskoczenie
archive (3)/Test/sad/image0005639.jpg,Smutek
archive (3)/Test/surprise/image0011945.jpg,Zaskoczenie
archive (3)/Train/sad/image0016627.jpg,Smutek
archive (3)/Test/sad/image0015157.jpg,Smutek
archive (3)/Test/happy/ffhq_1332.png,Szczęście
archive (3)/Test/surprise/image0010219.jpg,Zaskoczenie
archive (3)/Train/fear/image0038898.jpg,Strach
archive (3)/Test/fear/image0006740.jpg,Strach
archive (3)/Test/sad/image0014592.jpg,Smutek
archive (3)/Train/happy/ffhq_4418.png,Szczęście
archive (3)/Train/anger/image0027175.jpg,Złość
archive (3)/Train/happy/ffhq_4466.png,Szczęście
archive (3)/Train/happy/ffhq_2957.png,Szczęście
archive (3)/Train/surprise/image0026780.jpg,Zaskoczenie
archive (3)/Train/happy/ffhq_4131.png,Szczęście
archive (3)/Test/surprise/image0018964.jpg,Zaskoczenie
archive (3)/Test/surprise/image0019754.jpg,Zaskoczenie
archive (3)/Train/anger/image0028202.jpg,Złość
archive (3)/Train/sad/image0008549.jpg,Smutek
archive (3)/Test/Anger/image0016292.jpg,Złość
archive (3)/Train/surprise/image0027579.jpg,Zaskoczenie
archive (3)/Train/sad/image0019282.jpg,Smutek
archive (3)/Test/happy/ffhq_764.png,Szczęście
archive (3)/Test/happy/ffhq_1199.png,Szczęście
archive (3)/Test/fear/image0023706.jpg,Strach
archive (3)/Train/sad/image0026905.jpg,Smutek
archive (3)/Train/surprise/image0034147.jpg,Zaskoczenie
archive (3)/Train/anger/image0030751.jpg,Złość
archive (3)/Train/fear/image0037269.jpg,Strach
archive (3)/Train/sad/image0022086.jpg,Smutek
archive (3)/Train/sad/image0024502.jpg,Smutek
archive (3)/Test/happy/ffhq_218.png,Szczęście
archive (3)/Test/happy/ffhq_161.png,Szczęście
archive (3)/Test/Anger/image0015512.jpg,Złość
archive (3)/Test/fear/image0029463.jpg,Strach
archive (3)/Test/happy/ffhq_1394.png,Szczęście
archive (3)/Test/Anger/image0004970.jpg,Złość
archive (3)/Train/anger/image0029594.jpg,Złość
archive (3)/Train/fear/image0040932.jpg,Strach
archive (3)/Train/fear/image0036622.jpg,Strach
archive (3)/Test/sad/image0012795.jpg,Smutek
archive (3)/Train/surprise/image0027037.jpg,Zaskoczenie
archive (3)/Test/happy/ffhq_1782.png,Szczęście
archive (3)/Train/surprise/image0024310.jpg,Zaskoczenie
archive (3)/Test/surprise/ffhq_400.png,Zaskoczenie
archive (3)/Test/surprise/image0016700.jpg,Zaskoczenie
archive (3)/Train/sad/image0027051.jpg,Smutek
archive (3)/Test/surprise/ffhq_379.png,Zaskoczenie
archive (3)/Train/happy/ffhq_4018.png,Szczęście
archive (3)/Train/happy/image0036991.jpg,Szczęście
archive (3)/Test/happy/ffhq_1090.png,Szczęście
archive (3)/Test/Anger/image0017840.jpg,Złość
archive (3)/Train/sad/image0030056.jpg,Smutek
archive (3)/Test/surprise/image0017343.jpg,Zaskoczenie
archive (3)/Train/sad/image0010272.jpg,Smutek
archive (3)/Test/happy/ffhq_413.png,Szczęście
archive (3)/Test/surprise/image0002912.jpg,Zaskoczenie
archive (3)/Test/happy/ffhq_692.png,Szczęście
archive (3)/Test/Anger/image0015097.jpg,Złość
archive (3)/Test/happy/ffhq_897.png,Szczęście
archive (3)/Train/fear/image0037660.jpg,Strach
archive (3)/Test/sad/image0018801.jpg,Smutek
archive (3)/Test/happy/ffhq_465.png,Szczęście
archive (3)/Train/anger/image0027880.jpg,Złość
archive (3)/Train/surprise/image0032682.jpg,Zaskoczenie
archive (3)/Test/happy/ffhq_95.png,Szczęście
archive (3)/Train/surprise/image0034903.jpg,Zaskoczenie
archive (3)/Train/sad/image0020461.jpg,Smutek
archive (3)/Train/anger/image0028597.jpg,Złość
archive (3)/Test/fear/image0029075.jpg,Strach
archive (3)/Test/fear/image0012501.jpg,Strach
archive (3)/Train/anger/image0028373.jpg,Złość
archive (3)/Train/surprise/image0026040.jpg,Zaskoczenie
archive (3)/Test/sad/image0003123.jpg,Smutek
archive (3)/Train/fear/image0038490.jpg,Strach
archive (3)/Train/fear/image0037309.jpg,Strach
archive (3)/Test/surprise/image0018870.jpg,Zaskoczenie
archive (3)/Train/sad/image0012985.jpg,Smutek
archive (3)/Test/happy/ffhq_875.png,Szczęście
archive (3)/Train/happy/ffhq_4661.png,Szczęście
archive (3)/Train/happy/ffhq_4586.png,Szczęście
archive (3)/Test/happy/ffhq_579.png,Szczęście
archive (3)/Train/surprise/image0034258.jpg,Zaskoczenie
archive (3)/Train/fear/image0039899.jpg,Strach
archive (3)/Test/fear/image0035251.jpg,Strach
archive (3)/Test/happy/ffhq_2085.png,Szczęście
archive (3)/Train/fear/image0040700.jpg,Strach
archive (3)/Train/fear/image0040616.jpg,Strach
archive (3)/Test/surprise/image0023395.jpg,Zaskoczenie
archive (3)/Test/fear/image0032241.jpg,Strach
archive (3)/Train/sad/image0020196.jpg,Smutek
archive (3)/Test/Anger/image0013245.jpg,Złość
archive (3)/Test/surprise/image0010062.jpg,Zaskoczenie
archive (3)/Test/fear/image0034145.jpg,Strach
archive (3)/Train/happy/ffhq_3942.png,Szczęście
archive (3)/Train/surprise/image0034886.jpg,Zaskoczenie
archive (3)/Test/sad/image0018920.jpg,Smutek
archive (3)/Test/happy/ffhq_1698.png,Szczęście
archive (3)/Test/Anger/image0001529.jpg,Złość
archive (3)/Train/fear/image0036734.jpg,Strach
archive (3)/Train/surprise/image0033106.jpg,Zaskoczenie
archive (3)/Test/happy/ffhq_189.png,Szczęście
archive (3)/Test/happy/ffhq_242.png,Szczęście
archive (3)/Test/surprise/ffhq_447.png,Zaskoczenie
archive (3)/Train/sad/image0016908.jpg,Smutek
archive (3)/Train/happy/ffhq_3193.png,Szczęście
archive (3)/Train/happy/ffhq_2749.png,Szczęście
archive (3)/Test/Anger/image0001538.jpg,Złość
archive (3)/Test/happy/ffhq_2383.png,Szczęście
archive (3)/Test/fear/image0012116.jpg,Strach
archive (3)/Train/sad/image0014778.jpg,Smutek
archive (3)/Train/surprise/image0031473.jpg,Zaskoczenie
archive (3)/Train/happy/ffhq_3292.png,Szczęście
archive (3)/Test/sad/image0017914.jpg,Smutek
archive (3)/Test/surprise/image0011074.jpg,Zaskoczenie
archive (3)/Test/surprise/image0002870.jpg,Zaskoczenie
archive (3)/Test/surprise/image0022835.jpg,Zaskoczenie
archive (3)/Test/surprise/image0006002.jpg,Zaskoczenie
archive (3)/Test/sad/image0017684.jpg,Smutek
archive (3)/Train/fear/image0040622.jpg,Strach
archive (3)/Train/anger/image0027303.jpg,Złość
archive (3)/Train/sad/image0007103.jpg,Smutek
archive (3)/Test/happy/ffhq_551.png,Szczęście
archive (3)/Train/surprise/image0024559.jpg,Zaskoczenie
archive (3)/Train/anger/image0024153.jpg,Złość
archive (3)/Test/sad/image0008980.jpg,Smutek
archive (3)/Train/happy/ffhq_3302.png,Szczęście
archive (3)/Train/fear/image0036811.jpg,Strach
archive (3)/Train/anger/image0023068.jpg,Złość
archive (3)/Train/surprise/image0026130.jpg,Zaskoczenie
archive (3)/Test/happy/ffhq_1624.png,Szczęście
archive (3)/Train/sad/image0016561.jpg,Smutek
archive (3)/Test/Anger/image0005594.jpg,Złość
archive (3)/Train/fear/image0039133.jpg,Strach
archive (3)/Test/happy/ffhq_264.png,Szczęście
archive (3)/Test/Anger/image0018956.jpg,Złość
archive (3)/Train/sad/image0018103.jpg,Smutek
archive (3)/Train/sad/image0016065.jpg,Smutek
archive (3)/Test/fear/image0026256.jpg,Strach
archive (3)/Train/happy/ffhq_3190.png,Szczęście
archive (3)/Train/fear/image0040208.jpg,Strach
archive (3)/Train/sad/image0013698.jpg,Smutek
archive (3)/Train/surprise/image0032953.jpg,Zaskoczenie
archive (3)/Test/Anger/image0013329.jpg,Złość
archive (3)/Train/fear/image0036086.jpg,Strach
archive (3)/Test/Anger/image0017209.jpg,Złość
archive (3)/Train/fear/image0039689.jpg,Strach
archive (3)/Test/sad/image0018167.jpg,Smutek
archive (3)/Train/sad/image0019154.jpg,Smutek
archive (3)/Train/fear/image0040308.jpg,Strach
archive (3)/Test/sad/image0018047.jpg,Smutek
archive (3)/Train/sad/image0023932.jpg,Smutek
archive (3)/Test/surprise/image0017749.jpg,Zaskoczenie
archive (3)/Test/happy/ffhq_1174.png,Szczęście
archive (3)/Train/fear/image0038907.jpg,Strach
archive (3)/Train/surprise/image0033050.jpg,Zaskoczenie
archive (3)/Train/sad/image0022791.jpg,Smutek
archive (3)/Train/anger/image0025216.jpg,Złość
archive (3)/Train/anger/image0024055.jpg,Złość
archive (3)/Test/happy/ffhq_1035.png,Szczęście
archive (3)/Test/sad/image0014050.jpg,Smutek
archive (3)/Test/fear/image0034976.jpg,Strach
archive (3)/Test/sad/image0015485.jpg,Smutek
archive (3)/Train/happy/ffhq_3518.png,Szczęście
archive (3)/Train/happy/ffhq_3387.png,Szczęście
archive (3)/Train/sad/image0011170.jpg,Smutek
archive (3)/Train/happy/ffhq_3168.png,Szczęście
archive (3)/Train/surprise/image0026520.jpg,Zaskoczenie
archive (3)/Train/fear/image0037353.jpg,Strach
archive (3)/Train/fear/image0038808.jpg,Strach
archive (3)/Test/happy/ffhq_866.png,Szczęście
archive (3)/Test/happy/ffhq_1193.png,Szczęście
archive (3)/Train/surprise/image0032765.jpg,Zaskoczenie
archive (3)/Test/sad/image0008991.jpg,Smutek
archive (3)/Train/surprise/image0030203.jpg,Zaskoczenie
archive (3)/Train/surprise/image0034209.jpg,Zaskoczenie
archive (3)/Train/sad/image0012180.jpg,Smutek
archive (3)/Test/surprise/image0021662.jpg,Zaskoczenie
archive (3)/Test/Anger/image0010001.jpg,Złość
archive (3)/Test/sad/image0020164.jpg,Smutek
archive (3)/Train/sad/image0024641.jpg,Smutek
archive (3)/Train/sad/image0019097.jpg,Smutek
archive (3)/Test/fear/image0034350.jpg,Strach
archive (3)/Test/fear/image0034847.jpg,Strach
archive (3)/Train/surprise/image0031363.jpg,Zaskoczenie
archive (3)/Train/happy/image0027260.jpg,Szczęście
archive (3)/Test/sad/image0018548.jpg,Smutek
archive (3)/Train/sad/image0028239.jpg,Smutek
archive (3)/Train/sad/image0025726.jpg,Smutek
archive (3)/Train/fear/image0037105.jpg,Strach
archive (3)/Test/sad/image0017904.jpg,Smutek
archive (3)/Train/sad/image0013487.jpg,Smutek
archive (3)/Train/anger/image0023832.jpg,Złość
archive (3)/Test/Anger/image0005660.jpg,Złość
archive (3)/Train/anger/image0029553.jpg,Złość
archive (3)/Test/sad/image0001948.jpg,Smutek
archive (3)/Test/fear/image0018285.jpg,Strach
archive (3)/Train/anger/image0028000.jpg,Złość
archive (3)/Train/sad/image0029951.jpg,Smutek
archive (3)/Test/Anger/image0012251.jpg,Złość
archive (3)/Train/sad/image0012343.jpg,Smutek
archive (3)/Train/sad/image0029520.jpg,Smutek
archive (3)/Test/Anger/image0014066.jpg,Złość
archive (3)/Test/sad/image0019213.jpg,Smutek
archive (3)/Test/Anger/image0019621.jpg,Złość
archive (3)/Test/happy/ffhq_1745.png,Szczęście
archive (3)/Train/surprise/image0029011.jpg,Zaskoczenie
archive (3)/Test/happy/ffhq_2482.png,Szczęście
archive (3)/Test/happy/ffhq_998.png,Szczęście
archive (3)/Test/happy/ffhq_528.png,Szczęście
archive (3)/Test/fear/image0031694.jpg,Strach
archive (3)/Train/anger/image0027032.jpg,Złość
archive (3)/Train/sad/image0014395.jpg,Smutek
archive (3)/Test/happy/ffhq_1747.png,Szczęście
archive (3)/Train/happy/ffhq_2720.png,Szczęście
archive (3)/Train/fear/image0039432.jpg,Strach
archive (3)/Test/fear/image0034652.jpg,Strach
archive (3)/Test/fear/image0029778.jpg,Strach
archive (3)/Test/Anger/image0003411.jpg,Złość
archive (3)/Test/Anger/image0021140.jpg,Złość
archive (3)/Train/anger/image0025241.jpg,Złość
archive (3)/Train/happy/ffhq_2872.png,Szczęście
archive (3)/Test/happy/ffhq_1724.png,Szczęście
archive (3)/Train/happy/ffhq_3343.png,Szczęście
archive (3)/Test/sad/image0002731.jpg,Smutek
archive (3)/Train/anger/image0023531.jpg,Złość
archive (3)/Train/sad/image0015467.jpg,Smutek
archive (3)/Test/sad/image0012445.jpg,Smutek
archive (3)/Test/fear/image0032832.jpg,Strach
archive (3)/Train/happy/ffhq_3903.png,Szczęście
archive (3)/Train/anger/image0028840.jpg,Złość
archive (3)/Test/Anger/image0020435.jpg,Złość
archive (3)/Train/happy/ffhq_4201.png,Szczęście
archive (3)/Test/happy/ffhq_447.png,Szczęście
archive (3)/Train/sad/image0029292.jpg,Smutek
archive (3)/Test/fear/image0029339.jpg,Strach
archive (3)/Train/sad/image0005833.jpg,Smutek
archive (3)/Train/sad/image0005120.jpg,Smutek
archive (3)/Test/sad/image0020940.jpg,Smutek
archive (3)/Train/anger/image0026557.jpg,Złość
archive (3)/Test/sad/image0008999.jpg,Smutek
archive (3)/Test/fear/image0010872.jpg,Strach
archive (3)/Test/surprise/image0011600.jpg,Zaskoczenie
archive (3)/Train/anger/image0024579.jpg,Złość
archive (3)/Test/happy/ffhq_1266.png,Szczęście
archive (3)/Train/surprise/image0031245.jpg,Zaskoczenie
archive (3)/Train/surprise/image0034573.jpg,Zaskoczenie
archive (3)/Test/surprise/image0022489.jpg,Zaskoczenie
archive (3)/Train/happy/ffhq_4389.png,Szczęście
archive (3)/Train/sad/image0027883.jpg,Smutek
archive (3)/Test/fear/image0025767.jpg,Strach
archive (3)/Train/fear/image0039800.jpg,Strach
archive (3)/Train/sad/image0023973.jpg,Smutek
archive (3)/Test/happy/ffhq_2670.png,Szczęście
archive (3)/Train/fear/image0039459.jpg,Strach
archive (3)/Test/Anger/image0000415.jpg,Złość
archive (3)/Train/surprise/image0029239.jpg,Zaskoczenie
archive (3)/Train/surprise/image0027612.jpg,Zaskoczenie
archive (3)/Test/fear/image0005463.jpg,Strach
archive (3)/Test/sad/image0000382.jpg,Smutek
archive (3)/Test/happy/ffhq_1815.png,Szczęście
archive (3)/Test/happy/ffhq_893.png,Szczęście
archive (3)/Train/fear/image0038212.jpg,Strach
archive (3)/Train/anger/image0024263.jpg,Złość
archive (3)/Test/Anger/image0021469.jpg,Złość
archive (3)/Train/surprise/image0034301.jpg,Zaskoczenie
archive (3)/Test/happy/ffhq_1660.png,Szczęście
archive (3)/Test/sad/image0015769.jpg,Smutek
archive (3)/Train/sad/image0012135.jpg,Smutek
archive (3)/Test/fear/image0034205.jpg,Strach
archive (3)/Test/happy/ffhq_1980.png,Szczęście
archive (3)/Train/sad/image0016946.jpg,Smutek
archive (3)/Test/sad/image0015146.jpg,Smutek
archive (3)/Train/fear/image0036352.jpg,Strach
archive (3)/Train/surprise/image0029767.jpg,Zaskoczenie
archive (3)/Test/surprise/image0012148.jpg,Zaskoczenie
archive (3)/Test/surprise/image0019172.jpg,Zaskoczenie
archive (3)/Test/happy/ffhq_1739.png,Szczęście
archive (3)/Train/sad/image0030462.jpg,Smutek
archive (3)/Test/fear/image0034858.jpg,Strach
archive (3)/Test/surprise/ffhq_391.png,Zaskoczenie
archive (3)/Test/surprise/image0019738.jpg,Zaskoczenie
archive (3)/Train/sad/image0008305.jpg,Smutek
archive (3)/Train/anger/image0024261.jpg,Złość
archive (3)/Train/surprise/image0033730.jpg,Zaskoczenie
archive (3)/Test/happy/ffhq_1763.png,Szczęście
archive (3)/Test/Anger/image0000138.jpg,Złość
archive (3)/Test/happy/ffhq_1540.png,Szczęście
archive (3)/Train/surprise/image0031449.jpg,Zaskoczenie
archive (3)/Train/sad/image0021001.jpg,Smutek
archive (3)/Train/surprise/image0028138.jpg,Zaskoczenie
archive (3)/Train/surprise/image0027404.jpg,Zaskoczenie
archive (3)/Test/happy/ffhq_1417.png,Szczęście
archive (3)/Train/happy/ffhq_3340.png,Szczęście
archive (3)/Test/happy/ffhq_290.png,Szczęście
archive (3)/Train/anger/image0030215.jpg,Złość
archive (3)/Train/surprise/image0033656.jpg,Zaskoczenie
archive (3)/Train/anger/image0027397.jpg,Złość
archive (3)/Test/surprise/image0019140.jpg,Zaskoczenie
archive (3)/Train/fear/image0035760.jpg,Strach
archive (3)/Train/surprise/image0027098.jpg,Zaskoczenie
archive (3)/Train/surprise/image0032963.jpg,Zaskoczenie
archive (3)/Test/happy/ffhq_1023.png,Szczęście
archive (3)/Train/happy/ffhq_2844.png,Szczęście
archive (3)/Train/surprise/image0027377.jpg,Zaskoczenie
archive (3)/Train/fear/image0038154.jpg,Strach
archive (3)/Test/happy/ffhq_2566.png,Szczęście
archive (3)/Test/surprise/image0000500.jpg,Zaskoczenie
archive (3)/Test/fear/image0034431.jpg,Strach
archive (3)/Test/fear/image0021453.jpg,Strach
archive (3)/Train/surprise/image0030917.jpg,Zaskoczenie
archive (3)/Test/fear/image0003525.jpg,Strach
archive (3)/Test/happy/ffhq_2308.png,Szczęście
archive (3)/Test/surprise/image0020776.jpg,Zaskoczenie
archive (3)/Train/anger/image0025144.jpg,Złość
archive (3)/Train/anger/image0028916.jpg,Złość
archive (3)/Train/sad/image0030262.jpg,Smutek
archive (3)/Train/sad/image0022714.jpg,Smutek
archive (3)/Train/sad/image0028655.jpg,Smutek
archive (3)/Train/surprise/image0029187.jpg,Zaskoczenie
archive (3)/Test/fear/image0034269.jpg,Strach
archive (3)/Test/happy/ffhq_4.png,Szczęście
archive (3)/Train/surprise/image0023995.jpg,Zaskoczenie
archive (3)/Train/surprise/image0026791.jpg,Zaskoczenie
archive (3)/Test/happy/ffhq_863.png,Szczęście
archive (3)/Train/sad/image0016596.jpg,Smutek
archive (3)/Train/anger/image0026911.jpg,Złość
archive (3)/Train/sad/image0022410.jpg,Smutek
archive (3)/Train/fear/image0035597.jpg,Strach
archive (3)/Test/fear/image0012039.jpg,Strach
archive (3)/Train/anger/image0027024.jpg,Złość
archive (3)/Test/sad/image0019282.jpg,Smutek
archive (3)/Test/surprise/ffhq_399.png,Zaskoczenie
archive (3)/Train/sad/image0017657.jpg,Smutek
archive (3)/Train/sad/image0007955.jpg,Smutek
archive (3)/Test/surprise/image0022834.jpg,Zaskoczenie
archive (3)/Test/surprise/image0013304.jpg,Zaskoczenie
archive (3)/Test/fear/image0032350.jpg,Strach
archive (3)/Test/sad/image0008899.jpg,Smutek
archive (3)/Test/surprise/image0004039.jpg,Zaskoczenie
archive (3)/Test/happy/ffhq_317.png,Szczęście
archive (3)/Test/surprise/ffhq_57.png,Zaskoczenie
archive (3)/Train/surprise/image0029832.jpg,Zaskoczenie
archive (3)/Train/happy/ffhq_3148.png,Szczęście
archive (3)/Train/fear/image0037287.jpg,Strach
archive (3)/Train/sad/image0028181.jpg,Smutek
archive (3)/Test/sad/image0007870.jpg,Smutek
archive (3)/Train/anger/image0022730.jpg,Złość
archive (3)/Train/happy/ffhq_4546.png,Szczęście
archive (3)/Train/happy/ffhq_3038.png,Szczęście
archive (3)/Train/surprise/image0032678.jpg,Zaskoczenie
archive (3)/Test/surprise/ffhq_501.png,Zaskoczenie
archive (3)/Train/surprise/image0031264.jpg,Zaskoczenie
archive (3)/Train/happy/ffhq_3026.png,Szczęście
archive (3)/Train/surprise/image0026912.jpg,Zaskoczenie
archive (3)/Train/sad/image0014757.jpg,Smutek
archive (3)/Test/surprise/ffhq_62.png,Zaskoczenie
archive (3)/Test/Anger/image0020956.jpg,Złość
archive (3)/Train/sad/image0018595.jpg,Smutek
archive (3)/Test/surprise/image0017451.jpg,Zaskoczenie
archive (3)/Test/sad/image0018735.jpg,Smutek
archive (3)/Train/sad/image0024735.jpg,Smutek
archive (3)/Train/sad/image0019807.jpg,Smutek
archive (3)/Test/happy/ffhq_2617.png,Szczęście
archive (3)/Test/fear/image0026580.jpg,Strach
archive (3)/Test/Anger/image0019460.jpg,Złość
archive (3)/Test/Anger/image0012395.jpg,Złość
archive (3)/Test/surprise/image0023598.jpg,Zaskoczenie
archive (3)/Test/happy/ffhq_272.png,Szczęście
archive (3)/Train/sad/image0028600.jpg,Smutek
archive (3)/Test/fear/image0019286.jpg,Strach
archive (3)/Train/anger/image0023634.jpg,Złość
archive (3)/Test/Anger/image0015888.jpg,Złość
archive (3)/Train/sad/image0029539.jpg,Smutek
archive (3)/Test/sad/image0015632.jpg,Smutek
archive (3)/Train/surprise/image0032969.jpg,Zaskoczenie
archive (3)/Test/Anger/image0006364.jpg,Złość
archive (3)/Test/Anger/image0020013.jpg,Złość
archive (3)/Test/surprise/image0018944.jpg,Zaskoczenie
archive (3)/Train/happy/ffhq_4863.png,Szczęście
archive (3)/Test/happy/ffhq_676.png,Szczęście
archive (3)/Train/sad/image0027111.jpg,Smutek
archive (3)/Test/happy/ffhq_338.png,Szczęście
archive (3)/Test/fear/image0020918.jpg,Strach
archive (3)/Test/sad/image0020582.jpg,Smutek
archive (3)/Test/Anger/image0004459.jpg,Złość
archive (3)/Train/sad/image0027286.jpg,Smutek
archive (3)/Test/fear/image0026578.jpg,Strach
archive (3)/Train/sad/image0025679.jpg,Smutek
archive (3)/Train/sad/image0019074.jpg,Smutek
archive (3)/Train/fear/image0040790.jpg,Strach
archive (3)/Test/happy/ffhq_2136.png,Szczęście
archive (3)/Train/happy/ffhq_3268.png,Szczęście
archive (3)/Train/sad/image0029572.jpg,Smutek
archive (3)/Train/fear/image0037465.jpg,Strach
archive (3)/Test/happy/ffhq_1043.png,Szczęście
archive (3)/Train/sad/image0030370.jpg,Smutek
archive (3)/Train/surprise/image0030853.jpg,Zaskoczenie
archive (3)/Train/sad/image0024476.jpg,Smutek
archive (3)/Test/surprise/ffhq_345.png,Zaskoczenie
archive (3)/Train/happy/ffhq_3775.png,Szczęście
archive (3)/Train/anger/image0023705.jpg,Złość
archive (3)/Train/fear/image0036880.jpg,Strach
archive (3)/Test/surprise/ffhq_314.png,Zaskoczenie
archive (3)/Train/happy/ffhq_3649.png,Szczęście
archive (3)/Train/fear/image0038237.jpg,Strach
archive (3)/Train/anger/image0023187.jpg,Złość
archive (3)/Train/happy/ffhq_4970.png,Szczęście
archive (3)/Train/sad/image0010206.jpg,Smutek
archive (3)/Train/anger/image0028833.jpg,Złość
archive (3)/Test/happy/ffhq_1851.png,Szczęście
archive (3)/Train/anger/image0022443.jpg,Złość
archive (3)/Test/surprise/ffhq_222.png,Zaskoczenie
archive (3)/Train/happy/ffhq_2996.png,Szczęście
archive (3)/Test/happy/ffhq_1898.png,Szczęście
archive (3)/Train/sad/image0027487.jpg,Smutek
archive (3)/Train/fear/image0037646.jpg,Strach
archive (3)/Test/happy/ffhq_2480.png,Szczęście
archive (3)/Train/anger/image0027439.jpg,Złość
archive (3)/Test/sad/image0008693.jpg,Smutek
archive (3)/Train/sad/image0007946.jpg,Smutek
archive (3)/Train/surprise/image0025675.jpg,Zaskoczenie
archive (3)/Test/sad/image0012352.jpg,Smutek
archive (3)/Test/fear/image0032111.jpg,Strach
archive (3)/Train/surprise/image0034261.jpg,Zaskoczenie
archive (3)/Test/happy/ffhq_100.png,Szczęście
archive (3)/Test/Anger/image0004342.jpg,Złość
archive (3)/Train/surprise/image0034874.jpg,Zaskoczenie
archive (3)/Train/sad/image0027534.jpg,Smutek
archive (3)/Train/happy/ffhq_2851.png,Szczęście
archive (3)/Test/fear/image0033893.jpg,Strach
archive (3)/Train/surprise/image0033291.jpg,Zaskoczenie
archive (3)/Train/surprise/image0034481.jpg,Zaskoczenie
archive (3)/Train/happy/ffhq_2761.png,Szczęście
archive (3)/Test/happy/ffhq_2616.png,Szczęście
archive (3)/Train/fear/image0037098.jpg,Strach
archive (3)/Test/Anger/image0019225.jpg,Złość
archive (3)/Train/fear/image0039365.jpg,Strach
archive (3)/Test/Anger/image0007389.jpg,Złość
archive (3)/Train/happy/ffhq_4079.png,Szczęście
archive (3)/Train/surprise/image0032323.jpg,Zaskoczenie
archive (3)/Test/Anger/image0000368.jpg,Złość
archive (3)/Test/fear/image0024808.jpg,Strach
archive (3)/Test/happy/ffhq_1359.png,Szczęście
archive (3)/Test/happy/ffhq_833.png,Szczęście
archive (3)/Test/surprise/image0022540.jpg,Zaskoczenie
archive (3)/Test/surprise/image0017199.jpg,Zaskoczenie
archive (3)/Test/surprise/image0020145.jpg,Zaskoczenie
archive (3)/Test/surprise/image0023246.jpg,Zaskoczenie
archive (3)/Train/happy/ffhq_2735.png,Szczęście
archive (3)/Train/surprise/image0029085.jpg,Zaskoczenie
archive (3)/Train/fear/image0038756.jpg,Strach
archive (3)/Train/sad/image0025645.jpg,Smutek
archive (3)/Train/anger/image0026192.jpg,Złość
archive (3)/Test/Anger/image0018408.jpg,Złość
archive (3)/Train/happy/ffhq_4755.png,Szczęście
archive (3)/Train/anger/image0023221.jpg,Złość
archive (3)/Train/happy/ffhq_2722.png,Szczęście
archive (3)/Train/happy/ffhq_3624.png,Szczęście
archive (3)/Train/sad/image0014799.jpg,Smutek
archive (3)/Train/happy/ffhq_4987.png,Szczęście
archive (3)/Train/happy/ffhq_3601.png,Szczęście
archive (3)/Train/sad/image0030470.jpg,Smutek
archive (3)/Test/Anger/image0020783.jpg,Złość
archive (3)/Test/Anger/image0006167.jpg,Złość
archive (3)/Test/happy/ffhq_225.png,Szczęście
archive (3)/Train/sad/image0030383.jpg,Smutek
archive (3)/Train/happy/ffhq_3284.png,Szczęście
archive (3)/Train/fear/image0038496.jpg,Strach
archive (3)/Train/surprise/image0031970.jpg,Zaskoczenie
archive (3)/Train/anger/image0029369.jpg,Złość
archive (3)/Train/happy/ffhq_3175.png,Szczęście
archive (3)/Test/surprise/image0015796.jpg,Zaskoczenie
archive (3)/Train/surprise/image0029489.jpg,Zaskoczenie
archive (3)/Train/sad/image0015218.jpg,Smutek
archive (3)/Train/happy/ffhq_3397.png,Szczęście
archive (3)/Train/surprise/image0031622.jpg,Zaskoczenie
archive (3)/Train/surprise/image0031133.jpg,Zaskoczenie
archive (3)/Train/surprise/image0028489.jpg,Zaskoczenie
archive (3)/Test/happy/ffhq_2484.png,Szczęście
archive (3)/Train/fear/image0036631.jpg,Strach
archive (3)/Test/surprise/image0001922.jpg,Zaskoczenie
archive (3)/Train/surprise/image0031988.jpg,Zaskoczenie
archive (3)/Train/fear/image0040541.jpg,Strach
archive (3)/Train/anger/image0028815.jpg,Złość
archive (3)/Train/happy/ffhq_3553.png,Szczęście
archive (3)/Train/anger/image0024260.jpg,Złość
archive (3)/Test/sad/image0013249.jpg,Smutek
archive (3)/Test/fear/image0024372.jpg,Strach
archive (3)/Test/fear/image0033355.jpg,Strach
archive (3)/Test/fear/image0033356.jpg,Strach
archive (3)/Test/happy/ffhq_1897.png,Szczęście
archive (3)/Train/fear/image0035776.jpg,Strach
archive (3)/Train/happy/ffhq_3267.png,Szczęście
archive (3)/Test/happy/ffhq_1529.png,Szczęście
archive (3)/Test/surprise/image0020619.jpg,Zaskoczenie
archive (3)/Train/happy/ffhq_4412.png,Szczęście
archive (3)/Train/happy/ffhq_4932.png,Szczęście
archive (3)/Train/fear/image0037300.jpg,Strach
archive (3)/Train/anger/image0024278.jpg,Złość
archive (3)/Train/happy/ffhq_2881.png,Szczęście
archive (3)/Train/anger/image0028974.jpg,Złość
archive (3)/Train/sad/image0029645.jpg,Smutek
archive (3)/Test/happy/ffhq_2194.png,Szczęście
archive (3)/Train/surprise/image0028847.jpg,Zaskoczenie
archive (3)/Test/Anger/image0019908.jpg,Złość
archive (3)/Test/Anger/image0011091.jpg,Złość
archive (3)/Test/happy/ffhq_2069.png,Szczęście
archive (3)/Test/happy/ffhq_2032.png,Szczęście
archive (3)/Train/sad/image0024264.jpg,Smutek
archive (3)/Train/anger/image0028174.jpg,Złość
archive (3)/Test/Anger/image0015369.jpg,Złość
archive (3)/Test/sad/image0001294.jpg,Smutek
archive (3)/Test/sad/image0014479.jpg,Smutek
archive (3)/Train/anger/image0025869.jpg,Złość
archive (3)/Test/surprise/image0006228.jpg,Zaskoczenie
archive (3)/Test/happy/ffhq_502.png,Szczęście
archive (3)/Test/fear/image0028855.jpg,Strach
archive (3)/Test/Anger/image0014440.jpg,Złość
archive (3)/Train/fear/image0036217.jpg,Strach
archive (3)/Train/sad/image0017875.jpg,Smutek
archive (3)/Test/Anger/image0017015.jpg,Złość
archive (3)/Test/surprise/image0003470.jpg,Zaskoczenie
archive (3)/Test/Anger/image0019529.jpg,Złość
archive (3)/Train/happy/ffhq_3002.png,Szczęście
archive (3)/Train/sad/image0020330.jpg,Smutek
archive (3)/Test/fear/image0021774.jpg,Strach
archive (3)/Train/surprise/image0028118.jpg,Zaskoczenie
archive (3)/Train/sad/image0013685.jpg,Smutek
archive (3)/Train/surprise/image0032775.jpg,Zaskoczenie
archive (3)/Train/sad/image0027736.jpg,Smutek
archive (3)/Test/surprise/image0023930.jpg,Zaskoczenie
archive (3)/Test/Anger/image0004049.jpg,Złość
archive (3)/Test/happy/ffhq_1366.png,Szczęście
archive (3)/Test/surprise/ffhq_641.png,Zaskoczenie
archive (3)/Test/surprise/image0023909.jpg,Zaskoczenie
archive (3)/Test/fear/image0034683.jpg,Strach
archive (3)/Test/sad/image0014854.jpg,Smutek
archive (3)/Test/sad/image0016553.jpg,Smutek
archive (3)/Train/sad/image0012126.jpg,Smutek
archive (3)/Test/surprise/image0018938.jpg,Zaskoczenie
archive (3)/Train/fear/image0036252.jpg,Strach
archive (3)/Train/anger/image0025315.jpg,Złość
archive (3)/Test/Anger/image0013437.jpg,Złość
archive (3)/Train/happy/ffhq_3828.png,Szczęście
archive (3)/Test/Anger/image0017891.jpg,Złość
archive (3)/Train/happy/ffhq_3956.png,Szczęście
archive (3)/Train/happy/ffhq_2880.png,Szczęście
archive (3)/Train/happy/ffhq_2954.png,Szczęście
archive (3)/Test/surprise/image0018399.jpg,Zaskoczenie
archive (3)/Test/Anger/image0000697.jpg,Złość
archive (3)/Test/surprise/image0017268.jpg,Zaskoczenie
archive (3)/Test/surprise/image0001172.jpg,Zaskoczenie
archive (3)/Test/happy/ffhq_273.png,Szczęście
archive (3)/Train/fear/image0037754.jpg,Strach
archive (3)/Test/happy/ffhq_503.png,Szczęście
archive (3)/Train/happy/ffhq_2805.png,Szczęście
archive (3)/Train/anger/image0028357.jpg,Złość
archive (3)/Train/anger/image0022125.jpg,Złość
archive (3)/Test/sad/image0016995.jpg,Smutek
archive (3)/Train/anger/image0022156.jpg,Złość
archive (3)/Train/sad/image0018739.jpg,Smutek
archive (3)/Test/happy/ffhq_1806.png,Szczęście
archive (3)/Test/Anger/image0017731.jpg,Złość
archive (3)/Train/surprise/image0032936.jpg,Zaskoczenie
archive (3)/Train/anger/image0023247.jpg,Złość
archive (3)/Test/surprise/image0019873.jpg,Zaskoczenie
archive (3)/Test/happy/ffhq_2379.png,Szczęście
archive (3)/Train/sad/image0003461.jpg,Smutek
archive (3)/Test/happy/ffhq_2005.png,Szczęście
archive (3)/Test/sad/image0018103.jpg,Smutek
archive (3)/Train/anger/image0026941.jpg,Złość
archive (3)/Test/surprise/ffhq_595.png,Zaskoczenie
archive (3)/Test/Anger/image0020216.jpg,Złość
archive (3)/Test/happy/ffhq_1693.png,Szczęście
archive (3)/Train/sad/image0012754.jpg,Smutek
archive (3)/Test/happy/ffhq_1517.png,Szczęście
archive (3)/Train/surprise/image0034194.jpg,Zaskoczenie
archive (3)/Test/fear/image0035447.jpg,Strach
archive (3)/Test/happy/ffhq_595.png,Szczęście
archive (3)/Test/surprise/ffhq_502.png,Zaskoczenie
archive (3)/Train/surprise/image0034528.jpg,Zaskoczenie
archive (3)/Test/sad/image0002601.jpg,Smutek
archive (3)/Test/happy/ffhq_1875.png,Szczęście
archive (3)/Train/happy/ffhq_2710.png,Szczęście
archive (3)/Train/surprise/image0033705.jpg,Zaskoczenie
archive (3)/Train/happy/ffhq_3436.png,Szczęście
archive (3)/Test/fear/image0032821.jpg,Strach
archive (3)/Test/happy/ffhq_1218.png,Szczęście
archive (3)/Test/Anger/image0019993.jpg,Złość
archive (3)/Train/anger/image0021881.jpg,Złość
archive (3)/Test/happy/ffhq_1943.png,Szczęście
archive (3)/Train/sad/image0012795.jpg,Smutek
archive (3)/Train/sad/image0027532.jpg,Smutek
archive (3)/Test/fear/image0022644.jpg,Strach
archive (3)/Train/sad/image0024470.jpg,Smutek
archive (3)/Test/sad/image0001569.jpg,Smutek
archive (3)/Test/happy/ffhq_1520.png,Szczęście
archive (3)/Test/fear/image0034550.jpg,Strach
archive (3)/Train/fear/image0037847.jpg,Strach
archive (3)/Test/sad/image0013306.jpg,Smutek
archive (3)/Train/surprise/image0029785.jpg,Zaskoczenie
archive (3)/Train/sad/image0029406.jpg,Smutek
archive (3)/Test/fear/image0034737.jpg,Strach
archive (3)/Train/sad/image0022406.jpg,Smutek
archive (3)/Train/fear/image0039631.jpg,Strach
archive (3)/Test/fear/image0021494.jpg,Strach
archive (3)/Train/happy/ffhq_4237.png,Szczęście
archive (3)/Test/sad/image0008872.jpg,Smutek
archive (3)/Test/surprise/image0004230.jpg,Zaskoczenie
archive (3)/Train/surprise/image0024449.jpg,Zaskoczenie
archive (3)/Test/surprise/image0014551.jpg,Zaskoczenie
archive (3)/Test/surprise/image0012168.jpg,Zaskoczenie
archive (3)/Test/Anger/image0021412.jpg,Złość
archive (3)/Train/anger/image0026324.jpg,Złość
archive (3)/Test/sad/image0017535.jpg,Smutek
archive (3)/Train/happy/ffhq_3790.png,Szczęście
archive (3)/Test/surprise/image0011643.jpg,Zaskoczenie
archive (3)/Test/Anger/image0013877.jpg,Złość
archive (3)/Train/happy/ffhq_3736.png,Szczęście
archive (3)/Train/happy/image0032279.jpg,Szczęście
archive (3)/Train/sad/image0028333.jpg,Smutek
archive (3)/Train/sad/image0020392.jpg,Smutek
archive (3)/Train/sad/image0003644.jpg,Smutek
archive (3)/Test/happy/ffhq_394.png,Szczęście
archive (3)/Test/fear/image0015274.jpg,Strach
archive (3)/Train/happy/ffhq_2865.png,Szczęście
archive (3)/Train/surprise/image0033167.jpg,Zaskoczenie
archive (3)/Train/surprise/image0029122.jpg,Zaskoczenie
archive (3)/Train/sad/image0026907.jpg,Smutek
archive (3)/Train/anger/image0026334.jpg,Złość
archive (3)/Train/anger/image0025498.jpg,Złość
archive (3)/Train/surprise/image0030784.jpg,Zaskoczenie
archive (3)/Train/anger/image0029456.jpg,Złość
archive (3)/Train/surprise/image0033883.jpg,Zaskoczenie
archive (3)/Test/surprise/ffhq_521.png,Zaskoczenie
archive (3)/Test/sad/image0015023.jpg,Smutek
archive (3)/Test/fear/image0014252.jpg,Strach
archive (3)/Train/anger/image0030532.jpg,Złość
archive (3)/Train/happy/ffhq_4992.png,Szczęście
archive (3)/Test/Anger/image0014428.jpg,Złość
archive (3)/Train/anger/image0028330.jpg,Złość
archive (3)/Train/sad/image0025248.jpg,Smutek
archive (3)/Test/happy/ffhq_2396.png,Szczęście
archive (3)/Test/sad/image0015136.jpg,Smutek
archive (3)/Test/Anger/image0021704.jpg,Złość
archive (3)/Test/sad/image0015754.jpg,Smutek
archive (3)/Train/happy/ffhq_3780.png,Szczęście
archive (3)/Train/surprise/image0031140.jpg,Zaskoczenie
archive (3)/Test/Anger/image0011411.jpg,Złość
archive (3)/Test/sad/image0015467.jpg,Smutek
archive (3)/Train/anger/image0022154.jpg,Złość
archive (3)/Test/Anger/image0013193.jpg,Złość
archive (3)/Test/surprise/image0021431.jpg,Zaskoczenie
archive (3)/Test/sad/image0002086.jpg,Smutek
archive (3)/Train/happy/ffhq_2975.png,Szczęście
archive (3)/Train/sad/image0016675.jpg,Smutek
archive (3)/Test/Anger/image0010473.jpg,Złość
archive (3)/Train/surprise/image0034203.jpg,Zaskoczenie
archive (3)/Test/surprise/image0017872.jpg,Zaskoczenie
archive (3)/Train/anger/image0028977.jpg,Złość
archive (3)/Test/surprise/image0000079.jpg,Zaskoczenie
archive (3)/Test/Anger/image0008226.jpg,Złość
archive (3)/Train/surprise/image0034854.jpg,Zaskoczenie
archive (3)/Train/happy/ffhq_2791.png,Szczęście
archive (3)/Train/happy/ffhq_3838.png,Szczęście
archive (3)/Test/surprise/image0022885.jpg,Zaskoczenie
archive (3)/Train/fear/image0040624.jpg,Strach
archive (3)/Test/sad/image0019119.jpg,Smutek
archive (3)/Test/sad/image0000354.jpg,Smutek
archive (3)/Test/surprise/image0014501.jpg,Zaskoczenie
archive (3)/Test/surprise/image0002194.jpg,Zaskoczenie
archive (3)/Test/sad/image0015131.jpg,Smutek
archive (3)/Train/anger/image0023013.jpg,Złość
archive (3)/Train/anger/image0028068.jpg,Złość
archive (3)/Test/sad/image0007965.jpg,Smutek
archive (3)/Train/happy/ffhq_3607.png,Szczęście
archive (3)/Test/Anger/image0021425.jpg,Złość
archive (3)/Train/anger/image0022139.jpg,Złość
archive (3)/Train/happy/ffhq_3982.png,Szczęście
archive (3)/Train/surprise/image0029283.jpg,Zaskoczenie
archive (3)/Train/fear/image0035909.jpg,Strach
archive (3)/Test/fear/image0026947.jpg,Strach
archive (3)/Test/happy/ffhq_43.png,Szczęście
archive (3)/Train/surprise/image0031775.jpg,Zaskoczenie
archive (3)/Test/sad/image0002726.jpg,Smutek
archive (3)/Test/fear/image0028288.jpg,Strach
archive (3)/Train/anger/image0024862.jpg,Złość
archive (3)/Train/surprise/image0026300.jpg,Zaskoczenie
archive (3)/Test/fear/image0030400.jpg,Strach
archive (3)/Test/happy/ffhq_2321.png,Szczęście
archive (3)/Train/happy/ffhq_2807.png,Szczęście
archive (3)/Test/happy/ffhq_1124.png,Szczęście
archive (3)/Train/sad/image0014050.jpg,Smutek
archive (3)/Test/happy/ffhq_819.png,Szczęście
archive (3)/Train/fear/image0040172.jpg,Strach
archive (3)/Test/happy/ffhq_1472.png,Szczęście
archive (3)/Test/fear/image0024124.jpg,Strach
archive (3)/Train/happy/ffhq_2727.png,Szczęście
archive (3)/Test/Anger/image0007308.jpg,Złość
archive (3)/Train/sad/image0019857.jpg,Smutek
archive (3)/Train/anger/image0028802.jpg,Złość
archive (3)/Test/Anger/image0001341.jpg,Złość
archive (3)/Test/Anger/image0018276.jpg,Złość
archive (3)/Test/Anger/image0016882.jpg,Złość
archive (3)/Train/fear/image0038795.jpg,Strach
archive (3)/Train/sad/image0026433.jpg,Smutek
archive (3)/Test/fear/image0031399.jpg,Strach
archive (3)/Test/sad/image0018645.jpg,Smutek
archive (3)/Train/happy/ffhq_4813.png,Szczęście
archive (3)/Test/fear/image0018881.jpg,Strach
archive (3)/Test/happy/ffhq_92.png,Szczęście
archive (3)/Test/surprise/image0023670.jpg,Zaskoczenie
archive (3)/Test/fear/image0030912.jpg,Strach
archive (3)/Test/Anger/image0001861.jpg,Złość
archive (3)/Test/happy/ffhq_2114.png,Szczęście
archive (3)/Test/Anger/image0020809.jpg,Złość
archive (3)/Test/happy/ffhq_511.png,Szczęście
archive (3)/Test/happy/ffhq_2315.png,Szczęście
archive (3)/Test/sad/image0017524.jpg,Smutek
archive (3)/Train/anger/image0030021.jpg,Złość
archive (3)/Test/happy/ffhq_2562.png,Szczęście
archive (3)/Test/happy/ffhq_1216.png,Szczęście
archive (3)/Train/surprise/image0028137.jpg,Zaskoczenie
archive (3)/Test/surprise/image0020104.jpg,Zaskoczenie
archive (3)/Test/surprise/image0020767.jpg,Zaskoczenie
archive (3)/Test/Anger/image0016293.jpg,Złość
archive (3)/Test/surprise/image0003418.jpg,Zaskoczenie
archive (3)/Train/anger/image0022924.jpg,Złość
archive (3)/Test/happy/ffhq_32.png,Szczęście
archive (3)/Test/Anger/image0021762.jpg,Złość
archive (3)/Train/anger/image0027829.jpg,Złość
archive (3)/Train/happy/ffhq_2829.png,Szczęście
archive (3)/Train/fear/image0038483.jpg,Strach
archive (3)/Test/happy/ffhq_1779.png,Szczęście
archive (3)/Train/sad/image0029115.jpg,Smutek
archive (3)/Train/surprise/image0027890.jpg,Zaskoczenie
archive (3)/Train/sad/image0027978.jpg,Smutek
archive (3)/Train/surprise/image0032844.jpg,Zaskoczenie
archive (3)/Train/surprise/image0033265.jpg,Zaskoczenie
archive (3)/Train/anger/image0022779.jpg,Złość
archive (3)/Test/happy/ffhq_2402.png,Szczęście
archive (3)/Test/surprise/image0023262.jpg,Zaskoczenie
archive (3)/Train/sad/image0029535.jpg,Smutek
archive (3)/Test/fear/image0022315.jpg,Strach
archive (3)/Test/fear/image0031969.jpg,Strach
archive (3)/Train/sad/image0027178.jpg,Smutek
archive (3)/Test/Anger/image0017191.jpg,Złość
archive (3)/Test/happy/ffhq_1055.png,Szczęście
archive (3)/Test/surprise/ffhq_657.png,Zaskoczenie
archive (3)/Test/Anger/image0017479.jpg,Złość
archive (3)/Train/sad/image0020925.jpg,Smutek
archive (3)/Test/surprise/ffhq_29.png,Zaskoczenie
archive (3)/Test/Anger/image0006335.jpg,Złość
archive (3)/Test/fear/image0006492.jpg,Strach
archive (3)/Test/surprise/image0012017.jpg,Zaskoczenie
archive (3)/Train/happy/ffhq_3137.png,Szczęście
archive (3)/Test/surprise/image0017728.jpg,Zaskoczenie
archive (3)/Train/fear/image0036740.jpg,Strach
archive (3)/Train/happy/ffhq_2755.png,Szczęście
archive (3)/Test/sad/image0003967.jpg,Smutek
archive (3)/Test/fear/image0003796.jpg,Strach
archive (3)/Train/surprise/image0032801.jpg,Zaskoczenie
archive (3)/Test/happy/ffhq_872.png,Szczęście
archive (3)/Train/surprise/image0034303.jpg,Zaskoczenie
archive (3)/Train/sad/image0026601.jpg,Smutek
archive (3)/Test/fear/image0030135.jpg,Strach
archive (3)/Test/surprise/ffhq_607.png,Zaskoczenie
archive (3)/Test/surprise/ffhq_289.png,Zaskoczenie
archive (3)/Train/anger/image0029806.jpg,Złość
archive (3)/Train/surprise/image0030274.jpg,Zaskoczenie
archive (3)/Test/happy/ffhq_1286.png,Szczęście
archive (3)/Test/sad/image0015218.jpg,Smutek
archive (3)/Train/anger/image0024990.jpg,Złość
archive (3)/Train/sad/image0019856.jpg,Smutek
archive (3)/Test/fear/image0033920.jpg,Strach
archive (3)/Train/surprise/image0033702.jpg,Zaskoczenie
archive (3)/Test/surprise/image0023286.jpg,Zaskoczenie
archive (3)/Train/happy/ffhq_2871.png,Szczęście
archive (3)/Train/fear/image0036318.jpg,Strach
archive (3)/Test/surprise/image0023495.jpg,Zaskoczenie
archive (3)/Train/sad/image0030488.jpg,Smutek
archive (3)/Test/Anger/image0017987.jpg,Złość
archive (3)/Train/sad/image0019744.jpg,Smutek
archive (3)/Test/Anger/image0021790.jpg,Złość
archive (3)/Train/happy/ffhq_4078.png,Szczęście
archive (3)/Test/fear/image0034949.jpg,Strach
archive (3)/Train/sad/image0018695.jpg,Smutek
archive (3)/Test/surprise/ffhq_317.png,Zaskoczenie
archive (3)/Test/happy/ffhq_1253.png,Szczęście
archive (3)/Train/sad/image0026327.jpg,Smutek
archive (3)/Train/surprise/image0030880.jpg,Zaskoczenie
archive (3)/Test/fear/image0034130.jpg,Strach
archive (3)/Train/surprise/image0025981.jpg,Zaskoczenie
archive (3)/Test/surprise/image0001492.jpg,Zaskoczenie
archive (3)/Train/surprise/image0034628.jpg,Zaskoczenie
archive (3)/Train/happy/ffhq_3702.png,Szczęście
archive (3)/Test/fear/image0014998.jpg,Strach
archive (3)/Test/happy/ffhq_2263.png,Szczęście
archive (3)/Train/sad/image0017297.jpg,Smutek
archive (3)/Train/fear/image0037151.jpg,Strach
archive (3)/Test/happy/ffhq_227.png,Szczęście
archive (3)/Test/fear/image0033728.jpg,Strach
archive (3)/Test/happy/ffhq_643.png,Szczęście
archive (3)/Train/anger/image0028563.jpg,Złość
archive (3)/Train/sad/image0014157.jpg,Smutek
archive (3)/Train/happy/ffhq_4241.png,Szczęście
archive (3)/Train/happy/ffhq_4494.png,Szczęście
archive (3)/Test/Anger/image0017141.jpg,Złość
archive (3)/Test/happy/ffhq_2657.png,Szczęście
archive (3)/Train/sad/image0027853.jpg,Smutek
archive (3)/Train/fear/image0040446.jpg,Strach
archive (3)/Train/happy/ffhq_3604.png,Szczęście
archive (3)/Train/sad/image0016832.jpg,Smutek
archive (3)/Train/anger/image0024826.jpg,Złość
archive (3)/Train/sad/image0015357.jpg,Smutek
archive (3)/Train/fear/image0039349.jpg,Strach
archive (3)/Test/fear/image0014334.jpg,Strach
archive (3)/Train/happy/ffhq_4480.png,Szczęście
archive (3)/Train/sad/image0028741.jpg,Smutek
archive (3)/Train/surprise/image0031151.jpg,Zaskoczenie
archive (3)/Train/happy/ffhq_4774.png,Szczęście
archive (3)/Train/surprise/image0031870.jpg,Zaskoczenie
archive (3)/Train/anger/image0026288.jpg,Złość
archive (3)/Train/sad/image0019832.jpg,Smutek
archive (3)/Train/sad/image0024548.jpg,Smutek
archive (3)/Train/happy/ffhq_2728.png,Szczęście
archive (3)/Train/anger/image0028194.jpg,Złość
archive (3)/Test/happy/ffhq_2596.png,Szczęście
archive (3)/Test/happy/ffhq_1222.png,Szczęście
archive (3)/Test/sad/image0019795.jpg,Smutek
archive (3)/Test/sad/image0021420.jpg,Smutek
archive (3)/Test/surprise/ffhq_497.png,Zaskoczenie
archive (3)/Train/sad/image0030394.jpg,Smutek
archive (3)/Test/Anger/image0004298.jpg,Złość
archive (3)/Test/sad/image0018415.jpg,Smutek
archive (3)/Train/happy/ffhq_3370.png,Szczęście
archive (3)/Train/surprise/image0033264.jpg,Zaskoczenie
archive (3)/Test/Anger/image0012090.jpg,Złość
archive (3)/Train/anger/image0030538.jpg,Złość
archive (3)/Train/surprise/image0034772.jpg,Zaskoczenie
archive (3)/Test/Anger/image0020027.jpg,Złość
archive (3)/Test/surprise/image0019265.jpg,Zaskoczenie
archive (3)/Train/surprise/image0027315.jpg,Zaskoczenie
archive (3)/Train/anger/image0027955.jpg,Złość
archive (3)/Test/happy/ffhq_2414.png,Szczęście
archive (3)/Test/surprise/image0011883.jpg,Zaskoczenie
archive (3)/Train/fear/image0037586.jpg,Strach
archive (3)/Test/surprise/image0020766.jpg,Zaskoczenie
archive (3)/Test/surprise/image0001295.jpg,Zaskoczenie
archive (3)/Train/surprise/image0033077.jpg,Zaskoczenie
archive (3)/Test/Anger/image0011938.jpg,Złość
archive (3)/Train/sad/image0002276.jpg,Smutek
archive (3)/Test/fear/image0028046.jpg,Strach
archive (3)/Test/happy/ffhq_973.png,Szczęście
archive (3)/Test/fear/image0030254.jpg,Strach
archive (3)/Test/fear/image0022614.jpg,Strach
archive (3)/Train/happy/ffhq_3825.png,Szczęście
archive (3)/Train/surprise/image0031054.jpg,Zaskoczenie
archive (3)/Test/Anger/image0021783.jpg,Złość
archive (3)/Test/sad/image0019644.jpg,Smutek
archive (3)/Test/surprise/image0011511.jpg,Zaskoczenie
archive (3)/Test/fear/image0031652.jpg,Strach
archive (3)/Test/sad/image0015357.jpg,Smutek
archive (3)/Test/surprise/ffhq_427.png,Zaskoczenie
archive (3)/Test/Anger/image0002046.jpg,Złość
archive (3)/Train/anger/image0027317.jpg,Złość
archive (3)/Test/happy/ffhq_881.png,Szczęście
archive (3)/Train/sad/image0020609.jpg,Smutek
archive (3)/Train/anger/image0026835.jpg,Złość
archive (3)/Train/fear/image0038814.jpg,Strach
archive (3)/Train/happy/ffhq_4204.png,Szczęście
archive (3)/Train/sad/image0019936.jpg,Smutek
archive (3)/Train/happy/ffhq_2895.png,Szczęście
archive (3)/Train/sad/image0030165.jpg,Smutek
archive (3)/Train/happy/ffhq_3295.png,Szczęście
archive (3)/Train/surprise/image0033236.jpg,Zaskoczenie
archive (3)/Test/surprise/image0010343.jpg,Zaskoczenie
archive (3)/Train/sad/image0028462.jpg,Smutek
archive (3)/Train/happy/ffhq_4986.png,Szczęście
archive (3)/Train/happy/ffhq_3761.png,Szczęście
archive (3)/Test/happy/ffhq_2147.png,Szczęście
archive (3)/Test/surprise/ffhq_93.png,Zaskoczenie
archive (3)/Train/fear/image0036305.jpg,Strach
archive (3)/Train/anger/image0025445.jpg,Złość
archive (3)/Train/sad/image0012283.jpg,Smutek
archive (3)/Train/sad/image0019988.jpg,Smutek
archive (3)/Test/Anger/image0007453.jpg,Złość
archive (3)/Test/surprise/ffhq_415.png,Zaskoczenie
archive (3)/Test/happy/ffhq_979.png,Szczęście
archive (3)/Test/surprise/image0013882.jpg,Zaskoczenie
archive (3)/Test/Anger/image0016889.jpg,Złość
archive (3)/Train/sad/image0019765.jpg,Smutek
archive (3)/Test/happy/ffhq_292.png,Szczęście
archive (3)/Test/surprise/ffhq_163.png,Zaskoczenie
archive (3)/Test/happy/ffhq_1134.png,Szczęście
archive (3)/Test/surprise/ffhq_534.png,Zaskoczenie
archive (3)/Train/fear/image0039720.jpg,Strach
archive (3)/Test/surprise/image0004137.jpg,Zaskoczenie
archive (3)/Test/sad/image0009161.jpg,Smutek
archive (3)/Train/anger/image0030679.jpg,Złość
archive (3)/Test/Anger/image0018015.jpg,Złość
archive (3)/Train/happy/ffhq_4584.png,Szczęście
archive (3)/Test/surprise/image0017807.jpg,Zaskoczenie
archive (3)/Test/sad/image0012540.jpg,Smutek
archive (3)/Test/surprise/ffhq_656.png,Zaskoczenie
archive (3)/Test/surprise/image0013083.jpg,Zaskoczenie
archive (3)/Test/fear/image0024852.jpg,Strach
archive (3)/Test/surprise/image0016518.jpg,Zaskoczenie
archive (3)/Test/fear/image0022597.jpg,Strach
archive (3)/Train/anger/image0028537.jpg,Złość
archive (3)/Train/surprise/image0028838.jpg,Zaskoczenie
archive (3)/Test/happy/ffhq_1686.png,Szczęście
archive (3)/Test/surprise/image0023166.jpg,Zaskoczenie
archive (3)/Test/sad/image0017797.jpg,Smutek
archive (3)/Test/fear/image0017873.jpg,Strach
archive (3)/Test/Anger/image0019118.jpg,Złość
archive (3)/Test/Anger/image0018937.jpg,Złość
archive (3)/Train/sad/image0027102.jpg,Smutek
archive (3)/Test/sad/image0019700.jpg,Smutek
archive (3)/Test/happy/ffhq_188.png,Szczęście
archive (3)/Test/Anger/image0006900.jpg,Złość
archive (3)/Train/happy/ffhq_3078.png,Szczęście
archive (3)/Test/fear/image0035082.jpg,Strach
archive (3)/Train/surprise/image0034304.jpg,Zaskoczenie
archive (3)/Test/happy/ffhq_2630.png,Szczęście
archive (3)/Train/fear/image0040285.jpg,Strach
archive (3)/Train/anger/image0030171.jpg,Złość
archive (3)/Train/sad/image0005489.jpg,Smutek
archive (3)/Test/Anger/image0001061.jpg,Złość
archive (3)/Test/fear/image0029914.jpg,Strach
archive (3)/Test/sad/image0001227.jpg,Smutek
archive (3)/Train/surprise/image0032036.jpg,Zaskoczenie
archive (3)/Train/sad/image0013202.jpg,Smutek
archive (3)/Train/happy/ffhq_4792.png,Szczęście
archive (3)/Train/sad/image0023100.jpg,Smutek
archive (3)/Test/surprise/image0012068.jpg,Zaskoczenie
archive (3)/Test/sad/image0006787.jpg,Smutek
archive (3)/Train/surprise/image0025289.jpg,Zaskoczenie
archive (3)/Train/happy/ffhq_4891.png,Szczęście
archive (3)/Test/Anger/image0019816.jpg,Złość
archive (3)/Test/surprise/image0020427.jpg,Zaskoczenie
archive (3)/Test/Anger/image0021353.jpg,Złość
archive (3)/Test/surprise/image0005614.jpg,Zaskoczenie
archive (3)/Train/anger/image0024920.jpg,Złość
archive (3)/Test/happy/ffhq_2495.png,Szczęście
archive (3)/Test/fear/image0030584.jpg,Strach
archive (3)/Train/anger/image0023264.jpg,Złość
archive (3)/Test/happy/ffhq_2281.png,Szczęście
archive (3)/Train/surprise/image0033147.jpg,Zaskoczenie
archive (3)/Train/anger/image0027593.jpg,Złość
archive (3)/Test/surprise/image0022169.jpg,Zaskoczenie
archive (3)/Train/anger/image0028572.jpg,Złość
archive (3)/Train/anger/image0023066.jpg,Złość
archive (3)/Test/happy/ffhq_2188.png,Szczęście
archive (3)/Train/sad/image0020246.jpg,Smutek
archive (3)/Test/happy/ffhq_129.png,Szczęście
archive (3)/Test/sad/image0015162.jpg,Smutek
archive (3)/Test/happy/ffhq_652.png,Szczęście
archive (3)/Train/surprise/image0033429.jpg,Zaskoczenie
archive (3)/Train/sad/image0024883.jpg,Smutek
archive (3)/Test/fear/image0016010.jpg,Strach
archive (3)/Train/sad/image0020275.jpg,Smutek
archive (3)/Train/surprise/image0033619.jpg,Zaskoczenie
archive (3)/Test/fear/image0031825.jpg,Strach
archive (3)/Train/fear/image0035705.jpg,Strach
archive (3)/Train/sad/image0027380.jpg,Smutek
archive (3)/Test/fear/image0030893.jpg,Strach
archive (3)/Test/sad/image0015266.jpg,Smutek
archive (3)/Train/fear/image0038761.jpg,Strach
archive (3)/Train/sad/image0006395.jpg,Smutek
archive (3)/Test/happy/ffhq_854.png,Szczęście
archive (3)/Test/happy/ffhq_1378.png,Szczęście
archive (3)/Train/happy/ffhq_4830.png,Szczęście
archive (3)/Test/sad/image0015009.jpg,Smutek
archive (3)/Test/Anger/image0015108.jpg,Złość
archive (3)/Train/fear/image0039007.jpg,Strach
archive (3)/Train/sad/image0011536.jpg,Smutek
archive (3)/Train/surprise/image0031710.jpg,Zaskoczenie
archive (3)/Test/Anger/image0007579.jpg,Złość
archive (3)/Test/surprise/image0015364.jpg,Zaskoczenie
archive (3)/Train/anger/image0028235.jpg,Złość
archive (3)/Train/fear/image0035743.jpg,Strach
archive (3)/Test/happy/ffhq_1458.png,Szczęście
archive (3)/Test/Anger/image0015714.jpg,Złość
archive (3)/Train/surprise/image0034784.jpg,Zaskoczenie
archive (3)/Train/sad/image0002255.jpg,Smutek
archive (3)/Train/happy/ffhq_3342.png,Szczęście
archive (3)/Train/sad/image0024624.jpg,Smutek
archive (3)/Train/sad/image0024748.jpg,Smutek
archive (3)/Train/sad/image0025363.jpg,Smutek
archive (3)/Test/happy/ffhq_320.png,Szczęście
archive (3)/Train/sad/image0025591.jpg,Smutek
archive (3)/Test/Anger/image0007015.jpg,Złość
archive (3)/Train/sad/image0025517.jpg,Smutek
archive (3)/Test/surprise/image0021829.jpg,Zaskoczenie
archive (3)/Train/anger/image0025255.jpg,Złość
archive (3)/Test/surprise/image0003012.jpg,Zaskoczenie
archive (3)/Test/happy/ffhq_1137.png,Szczęście
archive (3)/Train/surprise/image0033782.jpg,Zaskoczenie
archive (3)/Train/surprise/image0034080.jpg,Zaskoczenie
archive (3)/Test/sad/image0007659.jpg,Smutek
archive (3)/Test/fear/image0031519.jpg,Strach
archive (3)/Test/sad/image0016619.jpg,Smutek
archive (3)/Train/sad/image0009996.jpg,Smutek
archive (3)/Train/anger/image0024469.jpg,Złość
archive (3)/Train/anger/image0028913.jpg,Złość
archive (3)/Test/surprise/image0020203.jpg,Zaskoczenie
archive (3)/Test/sad/image0016607.jpg,Smutek
archive (3)/Test/fear/image0033019.jpg,Strach
archive (3)/Train/fear/image0035832.jpg,Strach
archive (3)/Train/surprise/image0029725.jpg,Zaskoczenie
archive (3)/Test/surprise/ffhq_207.png,Zaskoczenie
archive (3)/Train/happy/ffhq_3324.png,Szczęście
archive (3)/Train/surprise/image0028789.jpg,Zaskoczenie
archive (3)/Test/happy/ffhq_2669.png,Szczęście
archive (3)/Train/fear/image0035648.jpg,Strach
archive (3)/Train/anger/image0028595.jpg,Złość
archive (3)/Train/anger/image0029677.jpg,Złość
archive (3)/Test/happy/ffhq_332.png,Szczęście
archive (3)/Test/fear/image0019454.jpg,Strach
archive (3)/Train/fear/image0039850.jpg,Strach
archive (3)/Train/happy/ffhq_4598.png,Szczęście
archive (3)/Test/happy/ffhq_1853.png,Szczęście
archive (3)/Test/surprise/ffhq_168.png,Zaskoczenie
archive (3)/Train/sad/image0014198.jpg,Smutek
archive (3)/Train/sad/image0027547.jpg,Smutek
archive (3)/Train/surprise/image0032246.jpg,Zaskoczenie
archive (3)/Train/anger/image0029690.jpg,Złość
archive (3)/Train/happy/ffhq_4989.png,Szczęście
archive (3)/Train/anger/image0028069.jpg,Złość
archive (3)/Test/Anger/image0014444.jpg,Złość
archive (3)/Test/fear/image0034571.jpg,Strach
archive (3)/Train/happy/ffhq_4319.png,Szczęście
archive (3)/Train/anger/image0023717.jpg,Złość
archive (3)/Train/surprise/image0034731.jpg,Zaskoczenie
archive (3)/Train/surprise/image0032875.jpg,Zaskoczenie
archive (3)/Train/sad/image0017194.jpg,Smutek
archive (3)/Test/sad/image0020587.jpg,Smutek
archive (3)/Train/happy/ffhq_3227.png,Szczęście
archive (3)/Test/fear/image0033067.jpg,Strach
archive (3)/Test/surprise/image0017941.jpg,Zaskoczenie
archive (3)/Train/anger/image0027265.jpg,Złość
archive (3)/Test/happy/ffhq_1187.png,Szczęście
archive (3)/Train/happy/ffhq_4838.png,Szczęście
archive (3)/Test/happy/ffhq_2560.png,Szczęście
archive (3)/Test/sad/image0003547.jpg,Smutek
archive (3)/Test/sad/image0017994.jpg,Smutek
archive (3)/Train/happy/ffhq_2726.png,Szczęście
archive (3)/Test/happy/ffhq_602.png,Szczęście
archive (3)/Test/sad/image0020432.jpg,Smutek
archive (3)/Train/sad/image0016787.jpg,Smutek
archive (3)/Test/fear/image0019375.jpg,Strach
archive (3)/Test/fear/image0024297.jpg,Strach
archive (3)/Test/happy/ffhq_213.png,Szczęście
archive (3)/Test/surprise/image0006016.jpg,Zaskoczenie
archive (3)/Test/Anger/image0004866.jpg,Złość
archive (3)/Test/surprise/image0006672.jpg,Zaskoczenie
archive (3)/Test/surprise/ffhq_380.png,Zaskoczenie
archive (3)/Test/sad/image0018805.jpg,Smutek
archive (3)/Test/fear/image0014221.jpg,Strach
archive (3)/Train/sad/image0025044.jpg,Smutek
archive (3)/Test/fear/image0015950.jpg,Strach
archive (3)/Test/happy/ffhq_190.png,Szczęście
archive (3)/Train/happy/ffhq_2961.png,Szczęście
archive (3)/Train/surprise/image0033055.jpg,Zaskoczenie
archive (3)/Test/surprise/image0022073.jpg,Zaskoczenie
archive (3)/Train/anger/image0029110.jpg,Złość
archive (3)/Train/fear/image0039569.jpg,Strach
archive (3)/Train/anger/image0022944.jpg,Złość
archive (3)/Test/Anger/image0016473.jpg,Złość
archive (3)/Test/sad/image0017030.jpg,Smutek
archive (3)/Test/fear/image0033897.jpg,Strach
archive (3)/Train/happy/ffhq_4803.png,Szczęście
archive (3)/Train/sad/image0028536.jpg,Smutek
archive (3)/Train/happy/ffhq_3180.png,Szczęście
archive (3)/Train/sad/image0028711.jpg,Smutek
archive (3)/Train/happy/ffhq_3605.png,Szczęście
archive (3)/Test/Anger/image0015541.jpg,Złość
archive (3)/Train/sad/image0008064.jpg,Smutek
archive (3)/Train/surprise/image0032525.jpg,Zaskoczenie
archive (3)/Train/fear/image0035856.jpg,Strach
archive (3)/Train/anger/image0029134.jpg,Złość
archive (3)/Train/sad/image0027757.jpg,Smutek
archive (3)/Test/sad/image0007162.jpg,Smutek
archive (3)/Train/fear/image0039719.jpg,Strach
archive (3)/Test/Anger/image0010984.jpg,Złość
archive (3)/Train/anger/image0028356.jpg,Złość
archive (3)/Test/fear/image0034996.jpg,Strach
archive (3)/Train/fear/image0040331.jpg,Strach
archive (3)/Train/anger/image0028037.jpg,Złość
archive (3)/Train/sad/image0018696.jpg,Smutek
archive (3)/Train/fear/image0038701.jpg,Strach
archive (3)/Test/sad/image0019226.jpg,Smutek
archive (3)/Test/Anger/image0017626.jpg,Złość
archive (3)/Test/happy/ffhq_2618.png,Szczęście
archive (3)/Test/surprise/image0018668.jpg,Zaskoczenie
archive (3)/Train/sad/image0029772.jpg,Smutek
archive (3)/Train/fear/image0040167.jpg,Strach
archive (3)/Test/sad/image0004570.jpg,Smutek
archive (3)/Train/fear/image0039786.jpg,Strach
archive (3)/Test/happy/ffhq_2290.png,Szczęście
archive (3)/Train/sad/image0024755.jpg,Smutek
archive (3)/Test/sad/image0015546.jpg,Smutek
archive (3)/Train/happy/ffhq_4561.png,Szczęście
archive (3)/Train/fear/image0039094.jpg,Strach
archive (3)/Test/happy/ffhq_1463.png,Szczęście
archive (3)/Train/sad/image0002723.jpg,Smutek
archive (3)/Test/sad/image0019304.jpg,Smutek
archive (3)/Train/sad/image0029021.jpg,Smutek
archive (3)/Test/happy/ffhq_2125.png,Szczęście
archive (3)/Train/anger/image0029088.jpg,Złość
archive (3)/Train/happy/ffhq_4454.png,Szczęście
archive (3)/Test/Anger/image0021336.jpg,Złość
archive (3)/Train/sad/image0021424.jpg,Smutek
archive (3)/Train/anger/image0030604.jpg,Złość
archive (3)/Test/surprise/image0000826.jpg,Zaskoczenie
archive (3)/Train/surprise/image0031587.jpg,Zaskoczenie
archive (3)/Train/sad/image0028791.jpg,Smutek
archive (3)/Test/Anger/image0019911.jpg,Złość
archive (3)/Test/happy/ffhq_159.png,Szczęście
archive (3)/Test/happy/ffhq_248.png,Szczęście
archive (3)/Test/fear/image0034254.jpg,Strach
archive (3)/Train/happy/ffhq_3726.png,Szczęście
archive (3)/Train/happy/ffhq_4401.png,Szczęście
archive (3)/Test/fear/image0026329.jpg,Strach
archive (3)/Train/happy/ffhq_4001.png,Szczęście
archive (3)/Train/surprise/image0026010.jpg,Zaskoczenie
archive (3)/Train/surprise/image0029939.jpg,Zaskoczenie
archive (3)/Train/sad/image0002127.jpg,Smutek
archive (3)/Test/surprise/image0004714.jpg,Zaskoczenie
archive (3)/Train/surprise/image0034302.jpg,Zaskoczenie
archive (3)/Test/sad/image0010272.jpg,Smutek
archive (3)/Train/anger/image0028085.jpg,Złość
archive (3)/Train/anger/image0023756.jpg,Złość
archive (3)/Train/sad/image0026347.jpg,Smutek
archive (3)/Test/sad/image0013707.jpg,Smutek
archive (3)/Test/sad/image0014002.jpg,Smutek
archive (3)/Test/happy/ffhq_308.png,Szczęście
archive (3)/Test/surprise/ffhq_441.png,Zaskoczenie
archive (3)/Test/Anger/image0018506.jpg,Złość
archive (3)/Test/fear/image0012671.jpg,Strach
archive (3)/Test/surprise/image0020419.jpg,Zaskoczenie
archive (3)/Test/fear/image0030143.jpg,Strach
archive (3)/Train/sad/image0028520.jpg,Smutek
archive (3)/Train/fear/image0040132.jpg,Strach
archive (3)/Test/sad/image0001602.jpg,Smutek
archive (3)/Test/happy/ffhq_96.png,Szczęście
archive (3)/Train/sad/image0027916.jpg,Smutek
archive (3)/Train/fear/image0036550.jpg,Strach
archive (3)/Train/sad/image0005028.jpg,Smutek
archive (3)/Test/fear/image0033096.jpg,Strach
archive (3)/Test/happy/ffhq_345.png,Szczęście
archive (3)/Train/sad/image0010653.jpg,Smutek
archive (3)/Train/surprise/image0034183.jpg,Zaskoczenie
archive (3)/Test/fear/image0031472.jpg,Strach
archive (3)/Test/surprise/ffhq_179.png,Zaskoczenie
archive (3)/Test/surprise/ffhq_560.png,Zaskoczenie
archive (3)/Train/surprise/image0028420.jpg,Zaskoczenie
archive (3)/Train/surprise/image0031193.jpg,Zaskoczenie
archive (3)/Train/fear/image0040497.jpg,Strach
archive (3)/Test/happy/ffhq_1783.png,Szczęście
archive (3)/Test/fear/image0028312.jpg,Strach
archive (3)/Test/happy/ffhq_2521.png,Szczęście
archive (3)/Train/sad/image0003547.jpg,Smutek
archive (3)/Train/anger/image0022281.jpg,Złość
archive (3)/Train/fear/image0036502.jpg,Strach
archive (3)/Test/happy/ffhq_2225.png,Szczęście
archive (3)/Train/happy/ffhq_4578.png,Szczęście
archive (3)/Test/surprise/image0007761.jpg,Zaskoczenie
archive (3)/Train/fear/image0036221.jpg,Strach
archive (3)/Train/happy/ffhq_4082.png,Szczęście
archive (3)/Train/anger/image0027095.jpg,Złość
archive (3)/Train/fear/image0035853.jpg,Strach
archive (3)/Test/surprise/image0000716.jpg,Zaskoczenie
archive (3)/Test/Anger/image0021444.jpg,Złość
archive (3)/Train/fear/image0040791.jpg,Strach
archive (3)/Test/sad/image0017060.jpg,Smutek
archive (3)/Train/happy/ffhq_3331.png,Szczęście
archive (3)/Train/sad/image0023760.jpg,Smutek
archive (3)/Train/sad/image0029855.jpg,Smutek
archive (3)/Test/Anger/image0014035.jpg,Złość
archive (3)/Test/sad/image0016237.jpg,Smutek
archive (3)/Train/fear/image0039124.jpg,Strach
archive (3)/Train/surprise/image0028327.jpg,Zaskoczenie
archive (3)/Test/happy/ffhq_1718.png,Szczęście
archive (3)/Test/happy/ffhq_1954.png,Szczęście
archive (3)/Train/happy/ffhq_4178.png,Szczęście
archive (3)/Train/happy/ffhq_3445.png,Szczęście
archive (3)/Test/fear/image0033419.jpg,Strach
archive (3)/Test/happy/ffhq_1069.png,Szczęście
archive (3)/Test/happy/ffhq_2288.png,Szczęście
archive (3)/Train/anger/image0030032.jpg,Złość
archive (3)/Test/happy/ffhq_486.png,Szczęście
archive (3)/Train/fear/image0037379.jpg,Strach
archive (3)/Train/fear/image0037481.jpg,Strach
archive (3)/Test/Anger/image0013615.jpg,Złość
archive (3)/Train/fear/image0038468.jpg,Strach
archive (3)/Train/surprise/image0025346.jpg,Zaskoczenie
archive (3)/Train/sad/image0006196.jpg,Smutek
archive (3)/Test/Anger/image0021230.jpg,Złość
archive (3)/Train/surprise/image0029988.jpg,Zaskoczenie
archive (3)/Train/surprise/image0032060.jpg,Zaskoczenie
archive (3)/Train/anger/image0024244.jpg,Złość
archive (3)/Train/happy/ffhq_4991.png,Szczęście
archive (3)/Test/fear/image0031746.jpg,Strach
archive (3)/Train/surprise/image0030937.jpg,Zaskoczenie
archive (3)/Train/happy/ffhq_4279.png,Szczęście
archive (3)/Train/fear/image0035663.jpg,Strach
archive (3)/Test/surprise/ffhq_526.png,Zaskoczenie
archive (3)/Train/happy/ffhq_4186.png,Szczęście
archive (3)/Train/sad/image0028504.jpg,Smutek
archive (3)/Test/sad/image0017852.jpg,Smutek
archive (3)/Train/sad/image0020911.jpg,Smutek
archive (3)/Train/surprise/image0031442.jpg,Zaskoczenie
archive (3)/Test/happy/ffhq_531.png,Szczęście
archive (3)/Train/fear/image0036573.jpg,Strach
archive (3)/Train/sad/image0009856.jpg,Smutek
archive (3)/Train/sad/image0028295.jpg,Smutek
archive (3)/Test/sad/image0017630.jpg,Smutek
archive (3)/Test/Anger/image0007271.jpg,Złość
archive (3)/Train/sad/image0019836.jpg,Smutek
archive (3)/Train/fear/image0036997.jpg,Strach
archive (3)/Test/Anger/image0015814.jpg,Złość
archive (3)/Train/sad/image0022106.jpg,Smutek
archive (3)/Train/sad/image0017235.jpg,Smutek
archive (3)/Train/surprise/image0034388.jpg,Zaskoczenie
archive (3)/Train/fear/image0039872.jpg,Strach
archive (3)/Test/surprise/ffhq_618.png,Zaskoczenie
archive (3)/Test/surprise/ffhq_523.png,Zaskoczenie
archive (3)/Train/surprise/image0032253.jpg,Zaskoczenie
archive (3)/Train/fear/image0036178.jpg,Strach
archive (3)/Test/surprise/image0016841.jpg,Zaskoczenie
archive (3)/Train/fear/image0039504.jpg,Strach
archive (3)/Test/sad/image0018501.jpg,Smutek
archive (3)/Train/happy/ffhq_4797.png,Szczęście
archive (3)/Train/surprise/image0032063.jpg,Zaskoczenie
archive (3)/Train/happy/ffhq_4484.png,Szczęście
archive (3)/Train/sad/image0030431.jpg,Smutek
archive (3)/Test/sad/image0013123.jpg,Smutek
archive (3)/Test/sad/image0005809.jpg,Smutek
archive (3)/Train/fear/image0040345.jpg,Strach
archive (3)/Train/happy/ffhq_3842.png,Szczęście
archive (3)/Train/surprise/image0032163.jpg,Zaskoczenie
archive (3)/Test/surprise/image0009825.jpg,Zaskoczenie
archive (3)/Test/surprise/image0007584.jpg,Zaskoczenie
archive (3)/Train/sad/image0024083.jpg,Smutek
archive (3)/Train/sad/image0004123.jpg,Smutek
archive (3)/Test/happy/ffhq_2083.png,Szczęście
archive (3)/Test/fear/image0033440.jpg,Strach
archive (3)/Test/surprise/image0021057.jpg,Zaskoczenie
archive (3)/Test/Anger/image0001568.jpg,Złość
archive (3)/Train/happy/ffhq_4485.png,Szczęście
archive (3)/Train/happy/ffhq_4910.png,Szczęście
archive (3)/Train/sad/image0020005.jpg,Smutek
archive (3)/Test/sad/image0016713.jpg,Smutek
archive (3)/Train/sad/image0024411.jpg,Smutek
archive (3)/Test/surprise/image0016554.jpg,Zaskoczenie
archive (3)/Test/sad/image0015015.jpg,Smutek
archive (3)/Train/fear/image0035687.jpg,Strach
archive (3)/Test/happy/ffhq_2660.png,Szczęście
archive (3)/Train/anger/image0029251.jpg,Złość
archive (3)/Test/surprise/ffhq_20.png,Zaskoczenie
archive (3)/Train/sad/image0011199.jpg,Smutek
archive (3)/Train/sad/image0021757.jpg,Smutek
archive (3)/Train/fear/image0037250.jpg,Strach
archive (3)/Test/happy/ffhq_1249.png,Szczęście
archive (3)/Train/happy/ffhq_2804.png,Szczęście
archive (3)/Train/sad/image0029505.jpg,Smutek
archive (3)/Train/fear/image0037990.jpg,Strach
archive (3)/Train/sad/image0001800.jpg,Smutek
archive (3)/Test/surprise/ffhq_286.png,Zaskoczenie
archive (3)/Train/happy/ffhq_3619.png,Szczęście
archive (3)/Test/surprise/image0003583.jpg,Zaskoczenie
archive (3)/Train/sad/image0020152.jpg,Smutek
archive (3)/Test/happy/ffhq_1944.png,Szczęście
archive (3)/Train/fear/image0038492.jpg,Strach
archive (3)/Train/happy/ffhq_4358.png,Szczęście
archive (3)/Test/Anger/image0016940.jpg,Złość
archive (3)/Train/sad/image0001176.jpg,Smutek
archive (3)/Test/sad/image0006897.jpg,Smutek
archive (3)/Train/sad/image0030113.jpg,Smutek
archive (3)/Train/happy/ffhq_4668.png,Szczęście
archive (3)/Test/Anger/image0020500.jpg,Złość
archive (3)/Test/happy/ffhq_787.png,Szczęście
archive (3)/Test/sad/image0014946.jpg,Smutek
archive (3)/Train/sad/image0024627.jpg,Smutek
archive (3)/Test/sad/image0020644.jpg,Smutek
archive (3)/Train/happy/ffhq_3711.png,Szczęście
archive (3)/Test/Anger/image0000399.jpg,Złość
archive (3)/Train/happy/ffhq_3157.png,Szczęście
archive (3)/Train/happy/ffhq_3767.png,Szczęście
archive (3)/Test/surprise/ffhq_455.png,Zaskoczenie
archive (3)/Train/surprise/image0031209.jpg,Zaskoczenie
archive (3)/Train/surprise/image0030850.jpg,Zaskoczenie
archive (3)/Test/sad/image0020281.jpg,Smutek
archive (3)/Test/fear/image0031594.jpg,Strach
archive (3)/Test/Anger/image0017186.jpg,Złość
archive (3)/Test/happy/ffhq_2537.png,Szczęście
archive (3)/Train/surprise/image0027367.jpg,Zaskoczenie
archive (3)/Test/sad/image0012990.jpg,Smutek
archive (3)/Train/happy/ffhq_3092.png,Szczęście
archive (3)/Train/sad/image0028371.jpg,Smutek
archive (3)/Train/fear/image0037174.jpg,Strach
archive (3)/Train/anger/image0027944.jpg,Złość
archive (3)/Train/sad/image0025673.jpg,Smutek
archive (3)/Test/fear/image0034519.jpg,Strach
archive (3)/Train/anger/image0026680.jpg,Złość
archive (3)/Train/anger/image0024160.jpg,Złość
archive (3)/Test/sad/image0001501.jpg,Smutek
archive (3)/Test/Anger/image0003330.jpg,Złość
archive (3)/Train/fear/image0040295.jpg,Strach
archive (3)/Test/sad/image0014421.jpg,Smutek
archive (3)/Train/happy/ffhq_4670.png,Szczęście
archive (3)/Test/surprise/ffhq_387.png,Zaskoczenie
archive (3)/Test/Anger/image0019815.jpg,Złość
archive (3)/Test/Anger/image0021837.jpg,Złość
archive (3)/Train/anger/image0023731.jpg,Złość
archive (3)/Train/happy/ffhq_3305.png,Szczęście
archive (3)/Train/fear/image0038941.jpg,Strach
archive (3)/Test/surprise/ffhq_591.png,Zaskoczenie
archive (3)/Test/sad/image0019077.jpg,Smutek
archive (3)/Test/happy/ffhq_2587.png,Szczęście
archive (3)/Test/Anger/image0001990.jpg,Złość
archive (3)/Train/sad/image0005806.jpg,Smutek
archive (3)/Test/happy/ffhq_1334.png,Szczęście
archive (3)/Train/surprise/image0032482.jpg,Zaskoczenie
archive (3)/Train/fear/image0035824.jpg,Strach
archive (3)/Train/happy/ffhq_4914.png,Szczęście
archive (3)/Train/happy/ffhq_2889.png,Szczęście
archive (3)/Test/happy/ffhq_780.png,Szczęście
archive (3)/Test/happy/ffhq_315.png,Szczęście
archive (3)/Train/fear/image0039434.jpg,Strach
archive (3)/Test/Anger/image0010613.jpg,Złość
archive (3)/Train/sad/image0022808.jpg,Smutek
archive (3)/Test/fear/image0031277.jpg,Strach
archive (3)/Test/happy/ffhq_1102.png,Szczęście
archive (3)/Test/fear/image0031875.jpg,Strach
archive (3)/Train/surprise/image0025877.jpg,Zaskoczenie
archive (3)/Train/happy/ffhq_3220.png,Szczęście
archive (3)/Train/fear/image0036971.jpg,Strach
archive (3)/Test/happy/ffhq_703.png,Szczęście
archive (3)/Test/sad/image0019790.jpg,Smutek
archive (3)/Test/surprise/ffhq_156.png,Zaskoczenie
archive (3)/Train/surprise/image0031939.jpg,Zaskoczenie
archive (3)/Train/surprise/image0031533.jpg,Zaskoczenie
archive (3)/Test/happy/ffhq_228.png,Szczęście
archive (3)/Train/sad/image0027055.jpg,Smutek
archive (3)/Train/sad/image0018663.jpg,Smutek
archive (3)/Train/fear/image0038766.jpg,Strach
archive (3)/Test/happy/ffhq_1361.png,Szczęście
archive (3)/Train/fear/image0037502.jpg,Strach
archive (3)/Train/surprise/image0029067.jpg,Zaskoczenie
archive (3)/Test/sad/image0011890.jpg,Smutek
archive (3)/Train/anger/image0030192.jpg,Złość
archive (3)/Test/fear/image0015481.jpg,Strach
archive (3)/Train/anger/image0026397.jpg,Złość
archive (3)/Test/Anger/image0002740.jpg,Złość
archive (3)/Train/anger/image0028585.jpg,Złość
archive (3)/Train/happy/ffhq_4817.png,Szczęście
archive (3)/Test/fear/image0023676.jpg,Strach
archive (3)/Test/Anger/image0021429.jpg,Złość
archive (3)/Train/fear/image0037006.jpg,Strach
archive (3)/Train/anger/image0030677.jpg,Złość
archive (3)/Test/Anger/image0010760.jpg,Złość
archive (3)/Train/surprise/image0033114.jpg,Zaskoczenie
archive (3)/Test/Anger/image0013009.jpg,Złość
archive (3)/Train/sad/image0011166.jpg,Smutek
archive (3)/Train/happy/ffhq_4840.png,Szczęście
archive (3)/Train/happy/ffhq_2959.png,Szczęście
archive (3)/Test/surprise/image0002170.jpg,Zaskoczenie
archive (3)/Test/fear/image0002309.jpg,Strach
archive (3)/Test/happy/ffhq_1904.png,Szczęście
archive (3)/Train/anger/image0024085.jpg,Złość
archive (3)/Test/happy/ffhq_1308.png,Szczęście
archive (3)/Test/sad/image0020686.jpg,Smutek
archive (3)/Train/happy/ffhq_3925.png,Szczęście
archive (3)/Train/sad/image0025238.jpg,Smutek
archive (3)/Test/happy/ffhq_186.png,Szczęście
archive (3)/Train/fear/image0035614.jpg,Strach
archive (3)/Train/happy/ffhq_2824.png,Szczęście
archive (3)/Test/happy/ffhq_1511.png,Szczęście
archive (3)/Test/Anger/image0018424.jpg,Złość
archive (3)/Train/happy/ffhq_3039.png,Szczęście
archive (3)/Train/sad/image0022842.jpg,Smutek
archive (3)/Test/sad/image0009974.jpg,Smutek
archive (3)/Test/Anger/image0010824.jpg,Złość
archive (3)/Test/happy/ffhq_2437.png,Szczęście
archive (3)/Train/surprise/image0030144.jpg,Zaskoczenie
archive (3)/Train/fear/image0037058.jpg,Strach
archive (3)/Train/surprise/image0034042.jpg,Zaskoczenie
archive (3)/Train/happy/ffhq_4864.png,Szczęście
archive (3)/Test/fear/image0020782.jpg,Strach
archive (3)/Test/Anger/image0015215.jpg,Złość
archive (3)/Train/fear/image0040061.jpg,Strach
archive (3)/Test/sad/image0009299.jpg,Smutek
archive (3)/Train/sad/image0023994.jpg,Smutek
archive (3)/Train/fear/image0036017.jpg,Strach
archive (3)/Train/fear/image0040717.jpg,Strach
archive (3)/Test/surprise/image0003342.jpg,Zaskoczenie
archive (3)/Train/surprise/image0031958.jpg,Zaskoczenie
archive (3)/Test/fear/image0003616.jpg,Strach
archive (3)/Train/happy/ffhq_4839.png,Szczęście
archive (3)/Test/fear/image0028369.jpg,Strach
archive (3)/Train/happy/ffhq_2798.png,Szczęście
archive (3)/Train/fear/image0039363.jpg,Strach
archive (3)/Train/surprise/image0030974.jpg,Zaskoczenie
archive (3)/Train/happy/ffhq_3707.png,Szczęście
archive (3)/Test/happy/ffhq_352.png,Szczęście
archive (3)/Train/fear/image0035940.jpg,Strach
archive (3)/Test/happy/ffhq_283.png,Szczęście
archive (3)/Train/anger/image0029990.jpg,Złość
archive (3)/Train/anger/image0024280.jpg,Złość
archive (3)/Test/surprise/image0021859.jpg,Zaskoczenie
archive (3)/Train/sad/image0028231.jpg,Smutek
archive (3)/Test/fear/image0008215.jpg,Strach
archive (3)/Test/sad/image0003585.jpg,Smutek
archive (3)/Train/sad/image0007113.jpg,Smutek
archive (3)/Train/happy/ffhq_2842.png,Szczęście
archive (3)/Train/happy/ffhq_3672.png,Szczęście
archive (3)/Train/sad/image0011890.jpg,Smutek
archive (3)/Train/happy/ffhq_4823.png,Szczęście
archive (3)/Train/sad/image0028305.jpg,Smutek
archive (3)/Train/surprise/image0031250.jpg,Zaskoczenie
archive (3)/Train/sad/image0023864.jpg,Smutek
archive (3)/Train/sad/image0016524.jpg,Smutek
archive (3)/Train/fear/image0039135.jpg,Strach
archive (3)/Train/surprise/image0034769.jpg,Zaskoczenie
archive (3)/Test/fear/image0027913.jpg,Strach
archive (3)/Test/fear/image0034097.jpg,Strach
archive (3)/Train/fear/image0037405.jpg,Strach
archive (3)/Train/sad/image0026977.jpg,Smutek
archive (3)/Test/surprise/image0022619.jpg,Zaskoczenie
archive (3)/Train/surprise/image0024412.jpg,Zaskoczenie
archive (3)/Test/fear/image0034877.jpg,Strach
archive (3)/Train/surprise/image0034286.jpg,Zaskoczenie
archive (3)/Train/anger/image0027364.jpg,Złość
archive (3)/Train/anger/image0026349.jpg,Złość
archive (3)/Test/happy/ffhq_1146.png,Szczęście
archive (3)/Test/surprise/ffhq_31.png,Zaskoczenie
archive (3)/Test/fear/image0032022.jpg,Strach
archive (3)/Test/happy/ffhq_1288.png,Szczęście
archive (3)/Train/happy/ffhq_2799.png,Szczęście
archive (3)/Train/surprise/image0033071.jpg,Zaskoczenie
archive (3)/Train/anger/image0026914.jpg,Złość
archive (3)/Train/sad/image0003600.jpg,Smutek
archive (3)/Test/fear/image0035390.jpg,Strach
archive (3)/Train/happy/ffhq_4934.png,Szczęście
archive (3)/Test/sad/image0005667.jpg,Smutek
archive (3)/Test/surprise/image0021595.jpg,Zaskoczenie
archive (3)/Train/happy/ffhq_3793.png,Szczęście
archive (3)/Train/surprise/image0026151.jpg,Zaskoczenie
archive (3)/Train/surprise/image0031865.jpg,Zaskoczenie
archive (3)/Test/surprise/ffhq_75.png,Zaskoczenie
archive (3)/Train/sad/image0028499.jpg,Smutek
archive (3)/Test/Anger/image0010707.jpg,Złość
archive (3)/Train/sad/image0018791.jpg,Smutek
archive (3)/Test/surprise/ffhq_254.png,Zaskoczenie
archive (3)/Train/surprise/image0024102.jpg,Zaskoczenie
archive (3)/Test/fear/image0031189.jpg,Strach
archive (3)/Test/surprise/ffhq_12.png,Zaskoczenie
archive (3)/Test/happy/ffhq_543.png,Szczęście
archive (3)/Train/anger/image0029977.jpg,Złość
archive (3)/Test/sad/image0003241.jpg,Smutek
archive (3)/Test/fear/image0026554.jpg,Strach
archive (3)/Train/surprise/image0031984.jpg,Zaskoczenie
archive (3)/Test/surprise/ffhq_108.png,Zaskoczenie
archive (3)/Train/happy/ffhq_3029.png,Szczęście
archive (3)/Test/happy/ffhq_882.png,Szczęście
archive (3)/Test/happy/ffhq_399.png,Szczęście
archive (3)/Test/surprise/image0004284.jpg,Zaskoczenie
archive (3)/Train/sad/image0018700.jpg,Smutek
archive (3)/Train/sad/image0028886.jpg,Smutek
archive (3)/Test/Anger/image0001305.jpg,Złość
archive (3)/Train/anger/image0029641.jpg,Złość
archive (3)/Test/Anger/image0014096.jpg,Złość
archive (3)/Train/sad/image0015055.jpg,Smutek
archive (3)/Train/happy/ffhq_3333.png,Szczęście
archive (3)/Train/happy/ffhq_4115.png,Szczęście
archive (3)/Test/surprise/image0009244.jpg,Zaskoczenie
archive (3)/Test/fear/image0018353.jpg,Strach
archive (3)/Test/happy/ffhq_2358.png,Szczęście
archive (3)/Test/Anger/image0015247.jpg,Złość
archive (3)/Train/happy/ffhq_3935.png,Szczęście
archive (3)/Train/happy/ffhq_3263.png,Szczęście
archive (3)/Train/surprise/image0032021.jpg,Zaskoczenie
archive (3)/Test/happy/ffhq_1925.png,Szczęście
archive (3)/Test/happy/ffhq_46.png,Szczęście
archive (3)/Test/happy/ffhq_2060.png,Szczęście
archive (3)/Train/anger/image0027681.jpg,Złość
archive (3)/Test/fear/image0027257.jpg,Strach
archive (3)/Train/anger/image0029398.jpg,Złość
archive (3)/Train/sad/image0027617.jpg,Smutek
archive (3)/Test/happy/ffhq_1024.png,Szczęście
archive (3)/Test/surprise/image0021965.jpg,Zaskoczenie
archive (3)/Test/fear/image0029390.jpg,Strach
archive (3)/Test/Anger/image0004947.jpg,Złość
archive (3)/Test/surprise/image0007765.jpg,Zaskoczenie
archive (3)/Test/Anger/image0005865.jpg,Złość
archive (3)/Train/fear/image0038748.jpg,Strach
archive (3)/Test/fear/image0031418.jpg,Strach
archive (3)/Test/fear/image0015472.jpg,Strach
archive (3)/Test/happy/ffhq_1744.png,Szczęście
archive (3)/Test/happy/ffhq_1628.png,Szczęście
archive (3)/Train/happy/ffhq_2821.png,Szczęście
archive (3)/Test/surprise/image0023340.jpg,Zaskoczenie
archive (3)/Train/surprise/image0025664.jpg,Zaskoczenie
archive (3)/Test/sad/image0016059.jpg,Smutek
archive (3)/Test/sad/image0003990.jpg,Smutek
archive (3)/Test/fear/image0032929.jpg,Strach
archive (3)/Train/fear/image0037254.jpg,Strach
archive (3)/Train/anger/image0025619.jpg,Złość
archive (3)/Test/fear/image0024605.jpg,Strach
archive (3)/Test/happy/ffhq_1927.png,Szczęście
archive (3)/Train/happy/ffhq_4205.png,Szczęście
archive (3)/Test/Anger/image0012969.jpg,Złość
archive (3)/Train/surprise/image0027166.jpg,Zaskoczenie
archive (3)/Test/Anger/image0009347.jpg,Złość
archive (3)/Test/happy/ffhq_2511.png,Szczęście
archive (3)/Train/happy/image0027123.jpg,Szczęście
archive (3)/Test/Anger/image0008695.jpg,Złość
archive (3)/Test/fear/image0031573.jpg,Strach
archive (3)/Test/happy/ffhq_484.png,Szczęście
archive (3)/Train/happy/ffhq_4254.png,Szczęście
archive (3)/Train/sad/image0014214.jpg,Smutek
archive (3)/Train/sad/image0012784.jpg,Smutek
archive (3)/Test/Anger/image0021299.jpg,Złość
archive (3)/Train/fear/image0038616.jpg,Strach
archive (3)/Test/sad/image0006202.jpg,Smutek
archive (3)/Train/anger/image0030080.jpg,Złość
archive (3)/Test/Anger/image0003387.jpg,Złość
archive (3)/Test/fear/image0004578.jpg,Strach
archive (3)/Test/Anger/image0006880.jpg,Złość
archive (3)/Test/Anger/image0019984.jpg,Złość
archive (3)/Train/happy/ffhq_3947.png,Szczęście
archive (3)/Test/surprise/image0018965.jpg,Zaskoczenie
archive (3)/Test/happy/ffhq_2009.png,Szczęście
archive (3)/Test/sad/image0003323.jpg,Smutek
archive (3)/Test/Anger/image0021262.jpg,Złość
archive (3)/Train/happy/ffhq_2708.png,Szczęście
archive (3)/Test/happy/ffhq_23.png,Szczęście
archive (3)/Train/happy/ffhq_4660.png,Szczęście
archive (3)/Train/sad/image0027259.jpg,Smutek
archive (3)/Test/sad/image0017297.jpg,Smutek
archive (3)/Train/sad/image0028574.jpg,Smutek
archive (3)/Train/sad/image0028266.jpg,Smutek
archive (3)/Test/surprise/image0005353.jpg,Zaskoczenie
archive (3)/Test/fear/image0035155.jpg,Strach
archive (3)/Test/happy/ffhq_1822.png,Szczęście
archive (3)/Train/sad/image0015325.jpg,Smutek
archive (3)/Train/surprise/image0031306.jpg,Zaskoczenie
archive (3)/Test/fear/image0013323.jpg,Strach
archive (3)/Train/fear/image0040595.jpg,Strach
archive (3)/Train/happy/ffhq_3514.png,Szczęście
archive (3)/Train/fear/image0037927.jpg,Strach
archive (3)/Train/fear/image0038842.jpg,Strach
archive (3)/Test/sad/image0007561.jpg,Smutek
archive (3)/Train/happy/ffhq_3087.png,Szczęście
archive (3)/Train/sad/image0023431.jpg,Smutek
archive (3)/Test/surprise/ffhq_260.png,Zaskoczenie
archive (3)/Train/surprise/image0029073.jpg,Zaskoczenie
archive (3)/Test/happy/ffhq_1876.png,Szczęście
archive (3)/Test/surprise/image0013909.jpg,Zaskoczenie
archive (3)/Test/fear/image0035112.jpg,Strach
archive (3)/Test/Anger/image0002105.jpg,Złość
archive (3)/Train/happy/ffhq_4451.png,Szczęście
archive (3)/Train/anger/image0029788.jpg,Złość
archive (3)/Train/sad/image0018287.jpg,Smutek
archive (3)/Test/Anger/image0017553.jpg,Złość
archive (3)/Train/sad/image0002651.jpg,Smutek
archive (3)/Train/happy/ffhq_3535.png,Szczęście
archive (3)/Test/happy/ffhq_2320.png,Szczęście
archive (3)/Test/surprise/image0021329.jpg,Zaskoczenie
archive (3)/Train/happy/ffhq_3187.png,Szczęście
archive (3)/Train/fear/image0035678.jpg,Strach
archive (3)/Test/fear/image0025432.jpg,Strach
archive (3)/Test/surprise/image0009518.jpg,Zaskoczenie
archive (3)/Train/anger/image0028656.jpg,Złość
archive (3)/Train/surprise/image0034075.jpg,Zaskoczenie
archive (3)/Train/surprise/image0033282.jpg,Zaskoczenie
archive (3)/Train/anger/image0026613.jpg,Złość
archive (3)/Test/happy/ffhq_857.png,Szczęście
archive (3)/Test/happy/ffhq_2674.png,Szczęście
archive (3)/Test/Anger/image0002532.jpg,Złość
archive (3)/Train/anger/image0025499.jpg,Złość
archive (3)/Test/surprise/image0006040.jpg,Zaskoczenie
archive (3)/Train/happy/ffhq_3739.png,Szczęście
archive (3)/Train/anger/image0025722.jpg,Złość
archive (3)/Test/happy/ffhq_680.png,Szczęście
archive (3)/Test/happy/ffhq_1040.png,Szczęście
archive (3)/Test/sad/image0003489.jpg,Smutek
archive (3)/Test/surprise/image0019127.jpg,Zaskoczenie
archive (3)/Test/happy/ffhq_1905.png,Szczęście
archive (3)/Train/sad/image0028817.jpg,Smutek
archive (3)/Test/happy/ffhq_747.png,Szczęście
archive (3)/Train/sad/image0028195.jpg,Smutek
archive (3)/Test/fear/image0027136.jpg,Strach
archive (3)/Train/anger/image0028129.jpg,Złość
archive (3)/Test/surprise/image0019895.jpg,Zaskoczenie
archive (3)/Train/sad/image0000518.jpg,Smutek
archive (3)/Test/Anger/image0010724.jpg,Złość
archive (3)/Train/fear/image0035800.jpg,Strach
archive (3)/Test/fear/image0003474.jpg,Strach
archive (3)/Train/sad/image0030044.jpg,Smutek
archive (3)/Test/Anger/image0011953.jpg,Złość
archive (3)/Test/happy/ffhq_1122.png,Szczęście
archive (3)/Train/anger/image0026810.jpg,Złość
archive (3)/Test/fear/image0033725.jpg,Strach
archive (3)/Train/fear/image0037041.jpg,Strach
archive (3)/Train/sad/image0013824.jpg,Smutek
archive (3)/Test/happy/ffhq_331.png,Szczęście
archive (3)/Train/fear/image0038360.jpg,Strach
archive (3)/Train/surprise/image0033790.jpg,Zaskoczenie
archive (3)/Train/happy/ffhq_4506.png,Szczęście
archive (3)/Test/Anger/image0021319.jpg,Złość
archive (3)/Test/fear/image0021418.jpg,Strach
archive (3)/Test/happy/ffhq_70.png,Szczęście
archive (3)/Train/surprise/image0026504.jpg,Zaskoczenie
archive (3)/Train/anger/image0024003.jpg,Złość
archive (3)/Test/sad/image0012782.jpg,Smutek
archive (3)/Train/fear/image0035768.jpg,Strach
archive (3)/Test/sad/image0001002.jpg,Smutek
archive (3)/Train/anger/image0027399.jpg,Złość
archive (3)/Train/sad/image0020011.jpg,Smutek
archive (3)/Train/sad/image0023763.jpg,Smutek
archive (3)/Train/anger/image0026821.jpg,Złość
archive (3)/Train/happy/ffhq_2951.png,Szczęście
archive (3)/Train/fear/image0040613.jpg,Strach
archive (3)/Test/happy/ffhq_1704.png,Szczęście
archive (3)/Test/surprise/ffhq_164.png,Zaskoczenie
archive (3)/Train/fear/image0037913.jpg,Strach
archive (3)/Train/sad/image0027091.jpg,Smutek
archive (3)/Train/happy/ffhq_4239.png,Szczęście
archive (3)/Test/fear/image0035570.jpg,Strach
archive (3)/Train/sad/image0005451.jpg,Smutek
archive (3)/Test/happy/ffhq_626.png,Szczęście
archive (3)/Train/sad/image0001227.jpg,Smutek
archive (3)/Train/sad/image0016551.jpg,Smutek
archive (3)/Train/happy/ffhq_4707.png,Szczęście
archive (3)/Train/surprise/image0032116.jpg,Zaskoczenie
archive (3)/Train/happy/ffhq_3785.png,Szczęście
archive (3)/Test/happy/ffhq_77.png,Szczęście
archive (3)/Train/sad/image0024596.jpg,Smutek
archive (3)/Test/happy/ffhq_1596.png,Szczęście
archive (3)/Test/surprise/image0019562.jpg,Zaskoczenie
archive (3)/Train/sad/image0021981.jpg,Smutek
archive (3)/Train/sad/image0010331.jpg,Smutek
archive (3)/Test/fear/image0029974.jpg,Strach
archive (3)/Test/happy/ffhq_2679.png,Szczęście
archive (3)/Test/happy/ffhq_342.png,Szczęście
archive (3)/Test/sad/image0016714.jpg,Smutek
archive (3)/Test/Anger/image0019449.jpg,Złość
archive (3)/Test/surprise/ffhq_307.png,Zaskoczenie
archive (3)/Train/happy/ffhq_3030.png,Szczęście
archive (3)/Train/fear/image0039795.jpg,Strach
archive (3)/Test/surprise/image0004070.jpg,Zaskoczenie
archive (3)/Test/surprise/image0013904.jpg,Zaskoczenie
archive (3)/Train/fear/image0038141.jpg,Strach
archive (3)/Test/Anger/image0009249.jpg,Złość
archive (3)/Train/anger/image0027444.jpg,Złość
archive (3)/Train/anger/image0026774.jpg,Złość
archive (3)/Train/sad/image0017552.jpg,Smutek
archive (3)/Train/sad/image0022055.jpg,Smutek
archive (3)/Test/happy/ffhq_499.png,Szczęście
archive (3)/Train/fear/image0040009.jpg,Strach
archive (3)/Train/sad/image0014485.jpg,Smutek
archive (3)/Train/sad/image0024330.jpg,Smutek
archive (3)/Train/anger/image0028678.jpg,Złość
archive (3)/Test/happy/ffhq_1939.png,Szczęście
archive (3)/Test/Anger/image0000470.jpg,Złość
archive (3)/Train/fear/image0040321.jpg,Strach
archive (3)/Test/sad/image0018117.jpg,Smutek
archive (3)/Train/surprise/image0033529.jpg,Zaskoczenie
archive (3)/Test/happy/ffhq_2077.png,Szczęście
archive (3)/Train/surprise/image0026499.jpg,Zaskoczenie
archive (3)/Test/surprise/image0013603.jpg,Zaskoczenie
archive (3)/Train/surprise/image0033349.jpg,Zaskoczenie
archive (3)/Train/anger/image0030435.jpg,Złość
archive (3)/Test/sad/image0018900.jpg,Smutek
archive (3)/Test/Anger/image0002894.jpg,Złość
archive (3)/Train/fear/image0038685.jpg,Strach
archive (3)/Test/surprise/ffhq_312.png,Zaskoczenie
archive (3)/Test/happy/ffhq_562.png,Szczęście
archive (3)/Train/happy/ffhq_3819.png,Szczęście
archive (3)/Test/surprise/image0004469.jpg,Zaskoczenie
archive (3)/Train/anger/image0024516.jpg,Złość
archive (3)/Test/surprise/image0010804.jpg,Zaskoczenie
archive (3)/Test/happy/ffhq_1936.png,Szczęście
archive (3)/Test/fear/image0019200.jpg,Strach
archive (3)/Train/happy/ffhq_4481.png,Szczęście
archive (3)/Train/surprise/image0031177.jpg,Zaskoczenie
archive (3)/Test/surprise/image0021824.jpg,Zaskoczenie
archive (3)/Test/surprise/image0018985.jpg,Zaskoczenie
archive (3)/Train/sad/image0020726.jpg,Smutek
archive (3)/Test/happy/ffhq_1252.png,Szczęście
archive (3)/Train/sad/image0025233.jpg,Smutek
archive (3)/Train/surprise/image0034790.jpg,Zaskoczenie
archive (3)/Test/Anger/image0011569.jpg,Złość
archive (3)/Train/fear/image0038057.jpg,Strach
archive (3)/Train/surprise/image0027739.jpg,Zaskoczenie
archive (3)/Test/Anger/image0010329.jpg,Złość
archive (3)/Train/surprise/image0033943.jpg,Zaskoczenie
archive (3)/Train/sad/image0010536.jpg,Smutek
archive (3)/Train/surprise/image0034415.jpg,Zaskoczenie
archive (3)/Train/surprise/image0025620.jpg,Zaskoczenie
archive (3)/Train/sad/image0016020.jpg,Smutek
archive (3)/Test/surprise/image0000788.jpg,Zaskoczenie
archive (3)/Train/fear/image0036870.jpg,Strach
archive (3)/Test/sad/image0019936.jpg,Smutek
archive (3)/Train/surprise/image0029225.jpg,Zaskoczenie
archive (3)/Test/sad/image0014849.jpg,Smutek
archive (3)/Train/surprise/image0030350.jpg,Zaskoczenie
archive (3)/Test/fear/image0032360.jpg,Strach
archive (3)/Train/anger/image0030737.jpg,Złość
archive (3)/Train/sad/image0017792.jpg,Smutek
archive (3)/Train/sad/image0019253.jpg,Smutek
archive (3)/Test/Anger/image0015112.jpg,Złość
archive (3)/Test/surprise/ffhq_206.png,Zaskoczenie
archive (3)/Test/surprise/ffhq_45.png,Zaskoczenie
archive (3)/Train/happy/ffhq_4062.png,Szczęście
archive (3)/Train/sad/image0023758.jpg,Smutek
archive (3)/Train/surprise/image0032066.jpg,Zaskoczenie
archive (3)/Test/Anger/image0017999.jpg,Złość
archive (3)/Test/surprise/ffhq_194.png,Zaskoczenie
archive (3)/Train/happy/ffhq_4689.png,Szczęście
archive (3)/Train/sad/image0022159.jpg,Smutek
archive (3)/Train/happy/ffhq_4304.png,Szczęście
archive (3)/Train/sad/image0008581.jpg,Smutek
archive (3)/Test/fear/image0013449.jpg,Strach
archive (3)/Test/surprise/image0000159.jpg,Zaskoczenie
archive (3)/Test/Anger/image0006756.jpg,Złość
archive (3)/Test/happy/ffhq_989.png,Szczęście
archive (3)/Train/sad/image0019212.jpg,Smutek
archive (3)/Test/fear/image0023268.jpg,Strach
archive (3)/Train/anger/image0022332.jpg,Złość
archive (3)/Test/Anger/image0017488.jpg,Złość
archive (3)/Test/sad/image0006612.jpg,Smutek
archive (3)/Test/Anger/image0007604.jpg,Złość
archive (3)/Test/surprise/image0017555.jpg,Zaskoczenie
archive (3)/Test/happy/ffhq_2097.png,Szczęście
archive (3)/Test/sad/image0018376.jpg,Smutek
archive (3)/Test/fear/image0028323.jpg,Strach
archive (3)/Train/anger/image0029864.jpg,Złość
archive (3)/Test/Anger/image0000294.jpg,Złość
archive (3)/Test/surprise/image0018530.jpg,Zaskoczenie
archive (3)/Train/surprise/image0032062.jpg,Zaskoczenie
archive (3)/Train/fear/image0040802.jpg,Strach
archive (3)/Train/surprise/image0033427.jpg,Zaskoczenie
archive (3)/Test/Anger/image0018892.jpg,Złość
archive (3)/Test/happy/ffhq_1470.png,Szczęście
archive (3)/Test/surprise/ffhq_58.png,Zaskoczenie
archive (3)/Train/fear/image0036819.jpg,Strach
archive (3)/Train/fear/image0038826.jpg,Strach
archive (3)/Test/sad/image0016731.jpg,Smutek
archive (3)/Train/sad/image0014592.jpg,Smutek
archive (3)/Train/surprise/image0033180.jpg,Zaskoczenie
archive (3)/Test/Anger/image0003305.jpg,Złość
archive (3)/Test/fear/image0032891.jpg,Strach
archive (3)/Test/surprise/image0019283.jpg,Zaskoczenie
archive (3)/Test/happy/ffhq_828.png,Szczęście
archive (3)/Train/happy/ffhq_3869.png,Szczęście
archive (3)/Test/sad/image0004794.jpg,Smutek
archive (3)/Test/fear/image0018158.jpg,Strach
archive (3)/Test/sad/image0018822.jpg,Smutek
archive (3)/Test/happy/ffhq_1581.png,Szczęście
archive (3)/Train/sad/image0018454.jpg,Smutek
archive (3)/Test/Anger/image0004550.jpg,Złość
archive (3)/Train/surprise/image0026876.jpg,Zaskoczenie
archive (3)/Test/Anger/image0010727.jpg,Złość
archive (3)/Test/sad/image0014387.jpg,Smutek
archive (3)/Test/happy/ffhq_921.png,Szczęście
archive (3)/Test/happy/ffhq_2171.png,Szczęście
archive (3)/Test/happy/ffhq_1135.png,Szczęście
archive (3)/Test/sad/image0015685.jpg,Smutek
archive (3)/Train/anger/image0027554.jpg,Złość
archive (3)/Train/sad/image0000933.jpg,Smutek
archive (3)/Train/fear/image0037850.jpg,Strach
archive (3)/Train/fear/image0039278.jpg,Strach
archive (3)/Test/Anger/image0021747.jpg,Złość
archive (3)/Train/sad/image0017804.jpg,Smutek
archive (3)/Test/sad/image0002385.jpg,Smutek
archive (3)/Test/happy/ffhq_2395.png,Szczęście
archive (3)/Test/fear/image0035068.jpg,Strach
archive (3)/Train/anger/image0025635.jpg,Złość
archive (3)/Train/fear/image0040906.jpg,Strach
archive (3)/Train/fear/image0038807.jpg,Strach
archive (3)/Train/fear/image0040014.jpg,Strach
archive (3)/Train/happy/ffhq_3128.png,Szczęście
archive (3)/Train/anger/image0026804.jpg,Złość
archive (3)/Train/anger/image0030534.jpg,Złość
archive (3)/Test/fear/image0032299.jpg,Strach
archive (3)/Train/anger/image0029651.jpg,Złość
archive (3)/Test/sad/image0018098.jpg,Smutek
archive (3)/Train/anger/image0029469.jpg,Złość
archive (3)/Test/fear/image0024249.jpg,Strach
archive (3)/Train/happy/ffhq_4809.png,Szczęście
archive (3)/Test/happy/ffhq_1688.png,Szczęście
archive (3)/Train/happy/ffhq_4519.png,Szczęście
archive (3)/Test/happy/ffhq_1561.png,Szczęście
archive (3)/Train/surprise/image0030842.jpg,Zaskoczenie
archive (3)/Test/sad/image0020152.jpg,Smutek
archive (3)/Train/sad/image0023695.jpg,Smutek
archive (3)/Test/sad/image0014531.jpg,Smutek
archive (3)/Train/surprise/image0034733.jpg,Zaskoczenie
archive (3)/Train/happy/ffhq_3430.png,Szczęście
archive (3)/Train/sad/image0019742.jpg,Smutek
archive (3)/Test/sad/image0008305.jpg,Smutek
archive (3)/Test/happy/ffhq_1057.png,Szczęście
archive (3)/Train/surprise/image0033811.jpg,Zaskoczenie
archive (3)/Train/happy/ffhq_4280.png,Szczęście
archive (3)/Test/happy/ffhq_1333.png,Szczęście
archive (3)/Test/happy/ffhq_1802.png,Szczęście
archive (3)/Test/surprise/image0012381.jpg,Zaskoczenie
archive (3)/Train/fear/image0038594.jpg,Strach
archive (3)/Test/fear/image0031364.jpg,Strach
archive (3)/Test/happy/ffhq_922.png,Szczęście
archive (3)/Test/sad/image0009428.jpg,Smutek
archive (3)/Train/sad/image0025715.jpg,Smutek
archive (3)/Train/sad/image0027542.jpg,Smutek
archive (3)/Test/happy/ffhq_2356.png,Szczęście
archive (3)/Test/happy/ffhq_1323.png,Szczęście
archive (3)/Test/fear/image0032820.jpg,Strach
archive (3)/Test/surprise/image0022712.jpg,Zaskoczenie
archive (3)/Train/surprise/image0032337.jpg,Zaskoczenie
archive (3)/Train/surprise/image0034605.jpg,Zaskoczenie
archive (3)/Train/anger/image0028136.jpg,Złość
archive (3)/Test/sad/image0012151.jpg,Smutek
archive (3)/Train/sad/image0021071.jpg,Smutek
archive (3)/Train/fear/image0036310.jpg,Strach
archive (3)/Test/fear/image0030247.jpg,Strach
archive (3)/Train/happy/ffhq_2874.png,Szczęście
archive (3)/Train/sad/image0029402.jpg,Smutek
archive (3)/Test/fear/image0020324.jpg,Strach
archive (3)/Test/sad/image0004533.jpg,Smutek
archive (3)/Train/sad/image0012377.jpg,Smutek
archive (3)/Train/fear/image0036846.jpg,Strach
archive (3)/Train/surprise/image0031717.jpg,Zaskoczenie
archive (3)/Train/surprise/image0028223.jpg,Zaskoczenie
archive (3)/Train/fear/image0040027.jpg,Strach
archive (3)/Test/surprise/image0019772.jpg,Zaskoczenie
archive (3)/Train/surprise/image0030922.jpg,Zaskoczenie
archive (3)/Test/sad/image0020288.jpg,Smutek
archive (3)/Train/sad/image0013306.jpg,Smutek
archive (3)/Test/Anger/image0002140.jpg,Złość
archive (3)/Test/Anger/image0008086.jpg,Złość
archive (3)/Train/happy/ffhq_2999.png,Szczęście
archive (3)/Train/surprise/image0033161.jpg,Zaskoczenie
archive (3)/Train/happy/ffhq_3457.png,Szczęście
archive (3)/Test/sad/image0015867.jpg,Smutek
archive (3)/Train/sad/image0025774.jpg,Smutek
archive (3)/Train/sad/image0026172.jpg,Smutek
archive (3)/Train/happy/ffhq_3276.png,Szczęście
archive (3)/Train/sad/image0030161.jpg,Smutek
archive (3)/Train/anger/image0030429.jpg,Złość
archive (3)/Train/surprise/image0034383.jpg,Zaskoczenie
archive (3)/Train/happy/ffhq_4674.png,Szczęście
archive (3)/Test/sad/image0010753.jpg,Smutek
archive (3)/Test/fear/image0034199.jpg,Strach
archive (3)/Train/sad/image0010801.jpg,Smutek
archive (3)/Train/sad/image0013529.jpg,Smutek
archive (3)/Train/sad/image0024292.jpg,Smutek
archive (3)/Train/sad/image0020472.jpg,Smutek
archive (3)/Test/happy/ffhq_581.png,Szczęście
archive (3)/Train/surprise/image0025333.jpg,Zaskoczenie
archive (3)/Train/happy/ffhq_3033.png,Szczęście
archive (3)/Train/sad/image0024144.jpg,Smutek
archive (3)/Test/sad/image0010769.jpg,Smutek
archive (3)/Test/Anger/image0020892.jpg,Złość
archive (3)/Train/anger/image0022189.jpg,Złość
archive (3)/Train/anger/image0027031.jpg,Złość
archive (3)/Train/happy/ffhq_3266.png,Szczęście
archive (3)/Train/fear/image0036883.jpg,Strach
archive (3)/Test/fear/image0031092.jpg,Strach
archive (3)/Test/happy/ffhq_1685.png,Szczęście
archive (3)/Test/surprise/ffhq_25.png,Zaskoczenie
archive (3)/Test/happy/ffhq_1871.png,Szczęście
archive (3)/Train/surprise/image0031930.jpg,Zaskoczenie
archive (3)/Train/sad/image0029481.jpg,Smutek
archive (3)/Train/surprise/image0028564.jpg,Zaskoczenie
archive (3)/Test/happy/ffhq_684.png,Szczęście
archive (3)/Test/fear/image0032150.jpg,Strach
archive (3)/Train/happy/ffhq_4500.png,Szczęście
archive (3)/Train/fear/image0039166.jpg,Strach
archive (3)/Train/surprise/image0024527.jpg,Zaskoczenie
archive (3)/Test/fear/image0035522.jpg,Strach
archive (3)/Test/Anger/image0017911.jpg,Złość
archive (3)/Train/anger/image0028992.jpg,Złość
archive (3)/Test/Anger/image0018499.jpg,Złość
archive (3)/Train/happy/ffhq_2809.png,Szczęście
archive (3)/Train/anger/image0025562.jpg,Złość
archive (3)/Test/happy/ffhq_1462.png,Szczęście
archive (3)/Test/sad/image0016398.jpg,Smutek
archive (3)/Test/Anger/image0001600.jpg,Złość
archive (3)/Train/happy/ffhq_4745.png,Szczęście
archive (3)/Train/sad/image0019285.jpg,Smutek
archive (3)/Train/happy/ffhq_3862.png,Szczęście
archive (3)/Train/anger/image0026186.jpg,Złość
archive (3)/Train/surprise/image0031598.jpg,Zaskoczenie
archive (3)/Test/surprise/image0005440.jpg,Zaskoczenie
archive (3)/Train/surprise/image0034161.jpg,Zaskoczenie
archive (3)/Train/sad/image0028614.jpg,Smutek
archive (3)/Train/happy/ffhq_4332.png,Szczęście
archive (3)/Train/fear/image0035829.jpg,Strach
archive (3)/Test/Anger/image0019371.jpg,Złość
archive (3)/Train/sad/image0015494.jpg,Smutek
archive (3)/Train/sad/image0020258.jpg,Smutek
archive (3)/Train/sad/image0025875.jpg,Smutek
archive (3)/Test/happy/ffhq_2476.png,Szczęście
archive (3)/Train/sad/image0015865.jpg,Smutek
archive (3)/Test/sad/image0020548.jpg,Smutek
archive (3)/Train/sad/image0015157.jpg,Smutek
archive (3)/Test/sad/image0009996.jpg,Smutek
archive (3)/Test/Anger/image0020955.jpg,Złość
archive (3)/Train/sad/image0021369.jpg,Smutek
archive (3)/Test/sad/image0006308.jpg,Smutek
archive (3)/Test/happy/ffhq_1777.png,Szczęście
archive (3)/Test/happy/ffhq_983.png,Szczęście
archive (3)/Train/happy/ffhq_4618.png,Szczęście
archive (3)/Test/sad/image0019821.jpg,Smutek
archive (3)/Test/sad/image0009776.jpg,Smutek
archive (3)/Train/anger/image0028225.jpg,Złość
archive (3)/Train/sad/image0021451.jpg,Smutek
archive (3)/Train/happy/ffhq_4605.png,Szczęście
archive (3)/Test/surprise/image0003327.jpg,Zaskoczenie
archive (3)/Train/happy/ffhq_3777.png,Szczęście
archive (3)/Test/surprise/image0022077.jpg,Zaskoczenie
archive (3)/Train/sad/image0009657.jpg,Smutek
archive (3)/Test/happy/ffhq_620.png,Szczęście
archive (3)/Train/surprise/image0029692.jpg,Zaskoczenie
archive (3)/Train/happy/ffhq_3968.png,Szczęście
archive (3)/Test/happy/ffhq_1326.png,Szczęście
archive (3)/Test/fear/image0034361.jpg,Strach
archive (3)/Train/sad/image0030379.jpg,Smutek
archive (3)/Test/happy/ffhq_106.png,Szczęście
archive (3)/Test/surprise/ffhq_275.png,Zaskoczenie
archive (3)/Train/happy/ffhq_4535.png,Szczęście
archive (3)/Train/happy/ffhq_4054.png,Szczęście
archive (3)/Test/surprise/image0014448.jpg,Zaskoczenie
archive (3)/Train/sad/image0002256.jpg,Smutek
archive (3)/Test/fear/image0033761.jpg,Strach
archive (3)/Train/surprise/image0034727.jpg,Zaskoczenie
archive (3)/Train/fear/image0040578.jpg,Strach
archive (3)/Train/happy/ffhq_3640.png,Szczęście
archive (3)/Train/sad/image0009932.jpg,Smutek
archive (3)/Train/sad/image0029592.jpg,Smutek
archive (3)/Test/happy/ffhq_1502.png,Szczęście
archive (3)/Test/happy/ffhq_2156.png,Szczęście
archive (3)/Train/fear/image0039537.jpg,Strach
archive (3)/Train/surprise/image0032068.jpg,Zaskoczenie
archive (3)/Train/happy/ffhq_3152.png,Szczęście
archive (3)/Test/fear/image0012222.jpg,Strach
archive (3)/Test/sad/image0007840.jpg,Smutek
archive (3)/Train/anger/image0028562.jpg,Złość
archive (3)/Train/happy/ffhq_3802.png,Szczęście
archive (3)/Test/sad/image0019680.jpg,Smutek
archive (3)/Train/anger/image0024936.jpg,Złość
archive (3)/Train/sad/image0022638.jpg,Smutek
archive (3)/Test/happy/ffhq_1207.png,Szczęście
archive (3)/Test/sad/image0002679.jpg,Smutek
archive (3)/Test/fear/image0012527.jpg,Strach
archive (3)/Train/fear/image0040725.jpg,Strach
archive (3)/Train/surprise/image0030886.jpg,Zaskoczenie
archive (3)/Test/fear/image0035477.jpg,Strach
archive (3)/Test/sad/image0013007.jpg,Smutek
archive (3)/Train/happy/ffhq_4243.png,Szczęście
archive (3)/Test/happy/ffhq_735.png,Szczęście
archive (3)/Test/sad/image0015574.jpg,Smutek
archive (3)/Test/sad/image0018420.jpg,Smutek
archive (3)/Train/anger/image0025459.jpg,Złość
archive (3)/Test/happy/ffhq_642.png,Szczęście
archive (3)/Train/sad/image0025114.jpg,Smutek
archive (3)/Train/anger/image0024303.jpg,Złość
archive (3)/Train/fear/image0040210.jpg,Strach
archive (3)/Test/Anger/image0021316.jpg,Złość
archive (3)/Test/surprise/image0004067.jpg,Zaskoczenie
archive (3)/Train/anger/image0025266.jpg,Złość
archive (3)/Train/fear/image0035639.jpg,Strach
archive (3)/Test/fear/image0035043.jpg,Strach
archive (3)/Train/fear/image0039474.jpg,Strach
archive (3)/Test/Anger/image0004345.jpg,Złość
archive (3)/Test/fear/image0034758.jpg,Strach
archive (3)/Test/happy/ffhq_2678.png,Szczęście
archive (3)/Train/happy/ffhq_3169.png,Szczęście
archive (3)/Test/Anger/image0013853.jpg,Złość
archive (3)/Train/surprise/image0026614.jpg,Zaskoczenie
archive (3)/Train/happy/ffhq_4257.png,Szczęście
archive (3)/Train/surprise/image0028058.jpg,Zaskoczenie
archive (3)/Train/sad/image0020714.jpg,Smutek
archive (3)/Train/sad/image0017735.jpg,Smutek
archive (3)/Train/sad/image0017991.jpg,Smutek
archive (3)/Test/surprise/image0013184.jpg,Zaskoczenie
archive (3)/Train/sad/image0030025.jpg,Smutek
archive (3)/Test/fear/image0035372.jpg,Strach
archive (3)/Test/fear/image0008935.jpg,Strach
archive (3)/Train/sad/image0023660.jpg,Smutek
archive (3)/Test/surprise/ffhq_567.png,Zaskoczenie
archive (3)/Test/happy/ffhq_1840.png,Szczęście
archive (3)/Test/happy/ffhq_2164.png,Szczęście
archive (3)/Train/happy/ffhq_3528.png,Szczęście
archive (3)/Test/Anger/image0018781.jpg,Złość
archive (3)/Test/happy/ffhq_142.png,Szczęście
archive (3)/Train/sad/image0010807.jpg,Smutek
archive (3)/Train/happy/ffhq_4180.png,Szczęście
archive (3)/Train/happy/ffhq_3273.png,Szczęście
archive (3)/Train/happy/ffhq_3832.png,Szczęście
archive (3)/Test/happy/ffhq_593.png,Szczęście
archive (3)/Train/happy/ffhq_4969.png,Szczęście
archive (3)/Train/happy/ffhq_3778.png,Szczęście
archive (3)/Train/surprise/image0027778.jpg,Zaskoczenie
archive (3)/Test/sad/image0017654.jpg,Smutek
archive (3)/Train/sad/image0007300.jpg,Smutek
archive (3)/Train/sad/image0006165.jpg,Smutek
archive (3)/Test/Anger/image0020063.jpg,Złość
archive (3)/Train/sad/image0023936.jpg,Smutek
archive (3)/Train/anger/image0030289.jpg,Złość
archive (3)/Train/surprise/image0029060.jpg,Zaskoczenie
archive (3)/Test/sad/image0013120.jpg,Smutek
archive (3)/Test/happy/ffhq_1879.png,Szczęście
archive (3)/Test/surprise/ffhq_19.png,Zaskoczenie
archive (3)/Train/sad/image0025693.jpg,Smutek
archive (3)/Train/sad/image0015402.jpg,Smutek
archive (3)/Train/fear/image0039867.jpg,Strach
archive (3)/Train/sad/image0002726.jpg,Smutek
archive (3)/Train/surprise/image0034445.jpg,Zaskoczenie
archive (3)/Test/surprise/ffhq_493.png,Zaskoczenie
archive (3)/Train/anger/image0029230.jpg,Złość
archive (3)/Train/sad/image0019824.jpg,Smutek
archive (3)/Test/happy/ffhq_76.png,Szczęście
archive (3)/Test/happy/ffhq_829.png,Szczęście
archive (3)/Train/surprise/image0027010.jpg,Zaskoczenie
archive (3)/Test/Anger/image0001671.jpg,Złość
archive (3)/Test/sad/image0016936.jpg,Smutek
archive (3)/Test/surprise/ffhq_21.png,Zaskoczenie
archive (3)/Test/fear/image0029125.jpg,Strach
archive (3)/Train/surprise/image0026021.jpg,Zaskoczenie
archive (3)/Test/sad/image0019650.jpg,Smutek
archive (3)/Train/fear/image0038693.jpg,Strach
archive (3)/Train/happy/ffhq_3602.png,Szczęście
archive (3)/Train/surprise/image0029975.jpg,Zaskoczenie
archive (3)/Test/fear/image0034713.jpg,Strach
archive (3)/Train/fear/image0037938.jpg,Strach
archive (3)/Train/sad/image0026360.jpg,Smutek
archive (3)/Test/Anger/image0006763.jpg,Złość
archive (3)/Train/fear/image0036830.jpg,Strach
archive (3)/Test/Anger/image0016158.jpg,Złość
archive (3)/Train/happy/ffhq_3692.png,Szczęście
archive (3)/Test/happy/ffhq_1990.png,Szczęście
archive (3)/Train/happy/ffhq_2894.png,Szczęście
archive (3)/Test/sad/image0015505.jpg,Smutek
archive (3)/Train/happy/ffhq_2781.png,Szczęście
archive (3)/Test/surprise/image0006543.jpg,Zaskoczenie
archive (3)/Train/fear/image0040402.jpg,Strach
archive (3)/Test/happy/ffhq_1347.png,Szczęście
archive (3)/Test/surprise/ffhq_291.png,Zaskoczenie
archive (3)/Train/sad/image0023645.jpg,Smutek
archive (3)/Train/anger/image0024179.jpg,Złość
archive (3)/Test/happy/ffhq_1817.png,Szczęście
archive (3)/Train/fear/image0036616.jpg,Strach
archive (3)/Test/fear/image0026978.jpg,Strach
archive (3)/Test/sad/image0018132.jpg,Smutek
archive (3)/Test/happy/ffhq_2540.png,Szczęście
archive (3)/Test/sad/image0008926.jpg,Smutek
archive (3)/Train/sad/image0025730.jpg,Smutek
archive (3)/Test/happy/ffhq_2648.png,Szczęście
archive (3)/Train/happy/ffhq_3675.png,Szczęście
archive (3)/Train/sad/image0015455.jpg,Smutek
archive (3)/Test/happy/ffhq_949.png,Szczęście
archive (3)/Train/surprise/image0025580.jpg,Zaskoczenie
archive (3)/Test/happy/ffhq_1311.png,Szczęście
archive (3)/Train/happy/ffhq_3796.png,Szczęście
archive (3)/Test/happy/ffhq_459.png,Szczęście
archive (3)/Train/happy/image0041278.jpg,Szczęście
archive (3)/Train/surprise/image0030790.jpg,Zaskoczenie
archive (3)/Train/sad/image0014841.jpg,Smutek
archive (3)/Test/surprise/image0015847.jpg,Zaskoczenie
archive (3)/Test/sad/image0002517.jpg,Smutek
archive (3)/Test/sad/image0017875.jpg,Smutek
archive (3)/Test/Anger/image0020821.jpg,Złość
archive (3)/Train/anger/image0025674.jpg,Złość
archive (3)/Test/Anger/image0010990.jpg,Złość
archive (3)/Train/sad/image0011935.jpg,Smutek
archive (3)/Test/surprise/image0020874.jpg,Zaskoczenie
archive (3)/Test/happy/ffhq_1015.png,Szczęście
archive (3)/Train/fear/image0039033.jpg,Strach
archive (3)/Train/anger/image0028514.jpg,Złość
archive (3)/Test/surprise/ffhq_421.png,Zaskoczenie
archive (3)/Train/anger/image0025427.jpg,Złość
archive (3)/Train/anger/image0029696.jpg,Złość
archive (3)/Train/sad/image0010597.jpg,Smutek
archive (3)/Train/happy/ffhq_3188.png,Szczęście
archive (3)/Test/surprise/image0020748.jpg,Zaskoczenie
archive (3)/Train/sad/image0019155.jpg,Smutek
archive (3)/Train/fear/image0036900.jpg,Strach
archive (3)/Train/sad/image0001976.jpg,Smutek
archive (3)/Train/fear/image0040229.jpg,Strach
archive (3)/Train/fear/image0039515.jpg,Strach
archive (3)/Train/sad/image0020418.jpg,Smutek
archive (3)/Train/happy/ffhq_4217.png,Szczęście
archive (3)/Train/sad/image0003765.jpg,Smutek
archive (3)/Test/happy/ffhq_1910.png,Szczęście
archive (3)/Train/anger/image0026971.jpg,Złość
archive (3)/Test/fear/image0020052.jpg,Strach
archive (3)/Train/sad/image0023970.jpg,Smutek
archive (3)/Train/happy/ffhq_3060.png,Szczęście
archive (3)/Test/Anger/image0009259.jpg,Złość
archive (3)/Train/sad/image0026612.jpg,Smutek
archive (3)/Test/surprise/image0022659.jpg,Zaskoczenie
archive (3)/Test/fear/image0013119.jpg,Strach
archive (3)/Test/surprise/image0015208.jpg,Zaskoczenie
archive (3)/Train/anger/image0028169.jpg,Złość
archive (3)/Train/happy/ffhq_4983.png,Szczęście
archive (3)/Train/sad/image0018194.jpg,Smutek
archive (3)/Train/surprise/image0033362.jpg,Zaskoczenie
archive (3)/Test/Anger/image0015832.jpg,Złość
archive (3)/Test/surprise/image0017704.jpg,Zaskoczenie
archive (3)/Test/Anger/image0002578.jpg,Złość
archive (3)/Test/happy/ffhq_1204.png,Szczęście
archive (3)/Test/happy/ffhq_782.png,Szczęście
archive (3)/Test/sad/image0016667.jpg,Smutek
archive (3)/Test/Anger/image0021489.jpg,Złość
archive (3)/Test/surprise/image0000896.jpg,Zaskoczenie
archive (3)/Train/anger/image0030476.jpg,Złość
archive (3)/Train/anger/image0029849.jpg,Złość
archive (3)/Train/happy/ffhq_3915.png,Szczęście
archive (3)/Train/happy/ffhq_4096.png,Szczęście
archive (3)/Train/surprise/image0032615.jpg,Zaskoczenie
archive (3)/Test/surprise/ffhq_643.png,Zaskoczenie
archive (3)/Test/happy/ffhq_1364.png,Szczęście
archive (3)/Train/anger/image0023197.jpg,Złość
archive (3)/Train/fear/image0040456.jpg,Strach
archive (3)/Train/surprise/image0030710.jpg,Zaskoczenie
archive (3)/Test/fear/image0029842.jpg,Strach
archive (3)/Train/sad/image0023649.jpg,Smutek
archive (3)/Train/happy/ffhq_4404.png,Szczęście
archive (3)/Train/surprise/image0032053.jpg,Zaskoczenie
archive (3)/Test/fear/image0032376.jpg,Strach
archive (3)/Train/fear/image0040955.jpg,Strach
archive (3)/Train/sad/image0012360.jpg,Smutek
archive (3)/Test/fear/image0035179.jpg,Strach
archive (3)/Test/surprise/image0002008.jpg,Zaskoczenie
archive (3)/Test/fear/image0028130.jpg,Strach
archive (3)/Train/fear/image0038997.jpg,Strach
archive (3)/Test/Anger/image0012384.jpg,Złość
archive (3)/Train/sad/image0017831.jpg,Smutek
archive (3)/Test/happy/ffhq_406.png,Szczęście
archive (3)/Test/fear/image0032088.jpg,Strach
archive (3)/Train/anger/image0023127.jpg,Złość
archive (3)/Test/fear/image0035107.jpg,Strach
archive (3)/Train/surprise/image0032911.jpg,Zaskoczenie
archive (3)/Test/fear/image0032464.jpg,Strach
archive (3)/Train/surprise/image0033962.jpg,Zaskoczenie
archive (3)/Test/surprise/ffhq_225.png,Zaskoczenie
archive (3)/Test/surprise/image0020676.jpg,Zaskoczenie
archive (3)/Train/surprise/image0029289.jpg,Zaskoczenie
archive (3)/Test/sad/image0020137.jpg,Smutek
archive (3)/Train/sad/image0024352.jpg,Smutek
archive (3)/Test/happy/ffhq_2636.png,Szczęście
archive (3)/Test/surprise/image0017570.jpg,Zaskoczenie
archive (3)/Test/surprise/image0021592.jpg,Zaskoczenie
archive (3)/Test/surprise/image0008689.jpg,Zaskoczenie
archive (3)/Test/sad/image0008237.jpg,Smutek
archive (3)/Train/anger/image0027721.jpg,Złość
archive (3)/Train/happy/ffhq_4896.png,Szczęście
archive (3)/Test/surprise/image0016269.jpg,Zaskoczenie
archive (3)/Train/fear/image0039784.jpg,Strach
archive (3)/Test/happy/ffhq_2522.png,Szczęście
archive (3)/Train/happy/ffhq_3547.png,Szczęście
archive (3)/Train/surprise/image0034114.jpg,Zaskoczenie
archive (3)/Train/fear/image0037686.jpg,Strach
archive (3)/Test/fear/image0031820.jpg,Strach
archive (3)/Test/sad/image0009422.jpg,Smutek
archive (3)/Train/sad/image0016599.jpg,Smutek
archive (3)/Test/surprise/image0020680.jpg,Zaskoczenie
archive (3)/Train/surprise/image0033263.jpg,Zaskoczenie
archive (3)/Train/surprise/image0024180.jpg,Zaskoczenie
archive (3)/Train/surprise/image0029730.jpg,Zaskoczenie
archive (3)/Train/sad/image0021091.jpg,Smutek
archive (3)/Train/anger/image0022607.jpg,Złość
archive (3)/Train/happy/ffhq_3563.png,Szczęście
archive (3)/Train/sad/image0023223.jpg,Smutek
archive (3)/Train/surprise/image0033798.jpg,Zaskoczenie
archive (3)/Train/happy/ffhq_3917.png,Szczęście
archive (3)/Train/anger/image0022810.jpg,Złość
archive (3)/Train/surprise/image0025171.jpg,Zaskoczenie
archive (3)/Test/happy/ffhq_1086.png,Szczęście
archive (3)/Test/happy/ffhq_1258.png,Szczęście
archive (3)/Test/happy/ffhq_365.png,Szczęście
archive (3)/Train/anger/image0029902.jpg,Złość
archive (3)/Test/surprise/ffhq_499.png,Zaskoczenie
archive (3)/Test/sad/image0017360.jpg,Smutek
archive (3)/Test/surprise/image0002062.jpg,Zaskoczenie
archive (3)/Train/happy/ffhq_3323.png,Szczęście
archive (3)/Test/fear/image0016307.jpg,Strach
archive (3)/Test/sad/image0020138.jpg,Smutek
archive (3)/Train/happy/ffhq_4541.png,Szczęście
archive (3)/Test/sad/image0015854.jpg,Smutek
archive (3)/Train/sad/image0023416.jpg,Smutek
archive (3)/Test/surprise/image0017463.jpg,Zaskoczenie
archive (3)/Train/fear/image0036429.jpg,Strach
archive (3)/Train/happy/ffhq_3352.png,Szczęście
archive (3)/Test/happy/ffhq_2440.png,Szczęście
archive (3)/Test/surprise/ffhq_649.png,Zaskoczenie
archive (3)/Test/Anger/image0015921.jpg,Złość
archive (3)/Train/surprise/image0033109.jpg,Zaskoczenie
archive (3)/Train/sad/image0020309.jpg,Smutek
archive (3)/Test/happy/ffhq_785.png,Szczęście
archive (3)/Train/sad/image0019204.jpg,Smutek
archive (3)/Test/happy/ffhq_724.png,Szczęście
archive (3)/Train/happy/ffhq_3961.png,Szczęście
archive (3)/Test/fear/image0030195.jpg,Strach
archive (3)/Test/fear/image0023338.jpg,Strach
archive (3)/Test/surprise/ffhq_149.png,Zaskoczenie
archive (3)/Test/happy/ffhq_31.png,Szczęście
archive (3)/Train/anger/image0023666.jpg,Złość
archive (3)/Train/happy/ffhq_4346.png,Szczęście
archive (3)/Train/sad/image0002210.jpg,Smutek
archive (3)/Test/happy/ffhq_2039.png,Szczęście
archive (3)/Test/happy/ffhq_577.png,Szczęście
archive (3)/Train/fear/image0036690.jpg,Strach
archive (3)/Test/surprise/image0010670.jpg,Zaskoczenie
archive (3)/Train/happy/ffhq_3248.png,Szczęście
archive (3)/Train/sad/image0007870.jpg,Smutek
archive (3)/Train/sad/image0009422.jpg,Smutek
archive (3)/Train/fear/image0039428.jpg,Strach
archive (3)/Train/fear/image0038419.jpg,Strach
archive (3)/Train/happy/ffhq_2861.png,Szczęście
archive (3)/Test/happy/ffhq_1619.png,Szczęście
archive (3)/Train/sad/image0028411.jpg,Smutek
archive (3)/Train/surprise/image0032107.jpg,Zaskoczenie
archive (3)/Train/happy/ffhq_4135.png,Szczęście
archive (3)/Train/happy/ffhq_3139.png,Szczęście
archive (3)/Train/happy/ffhq_4339.png,Szczęście
archive (3)/Train/happy/ffhq_3889.png,Szczęście
archive (3)/Train/sad/image0020138.jpg,Smutek
archive (3)/Train/sad/image0004201.jpg,Smutek
archive (3)/Train/fear/image0040507.jpg,Strach
archive (3)/Test/fear/image0029862.jpg,Strach
archive (3)/Test/sad/image0017881.jpg,Smutek
archive (3)/Train/fear/image0040756.jpg,Strach
archive (3)/Test/happy/ffhq_616.png,Szczęście
archive (3)/Train/happy/ffhq_3254.png,Szczęście
archive (3)/Test/fear/image0026647.jpg,Strach
archive (3)/Train/fear/image0039606.jpg,Strach
archive (3)/Test/surprise/image0021635.jpg,Zaskoczenie
archive (3)/Test/happy/ffhq_1165.png,Szczęście
archive (3)/Test/fear/image0032372.jpg,Strach
archive (3)/Train/happy/ffhq_4302.png,Szczęście
archive (3)/Train/sad/image0001986.jpg,Smutek
archive (3)/Test/Anger/image0011777.jpg,Złość
archive (3)/Train/surprise/image0030591.jpg,Zaskoczenie
archive (3)/Train/sad/image0017416.jpg,Smutek
archive (3)/Train/fear/image0036943.jpg,Strach
archive (3)/Test/Anger/image0008770.jpg,Złość
archive (3)/Train/surprise/image0034090.jpg,Zaskoczenie
archive (3)/Test/fear/image0030981.jpg,Strach
archive (3)/Train/anger/image0027892.jpg,Złość
archive (3)/Train/happy/ffhq_4174.png,Szczęście
archive (3)/Train/surprise/image0033350.jpg,Zaskoczenie
archive (3)/Train/surprise/image0034426.jpg,Zaskoczenie
archive (3)/Train/happy/ffhq_4459.png,Szczęście
archive (3)/Test/Anger/image0018882.jpg,Złość
archive (3)/Train/happy/ffhq_4790.png,Szczęście
archive (3)/Train/happy/ffhq_4340.png,Szczęście
archive (3)/Train/happy/ffhq_3898.png,Szczęście
archive (3)/Test/happy/ffhq_591.png,Szczęście
archive (3)/Test/happy/ffhq_1955.png,Szczęście
archive (3)/Train/surprise/image0033361.jpg,Zaskoczenie
archive (3)/Train/surprise/image0034645.jpg,Zaskoczenie
archive (3)/Train/surprise/image0033458.jpg,Zaskoczenie
archive (3)/Test/surprise/image0004407.jpg,Zaskoczenie
archive (3)/Test/surprise/ffhq_425.png,Zaskoczenie
archive (3)/Train/surprise/image0026694.jpg,Zaskoczenie
archive (3)/Test/fear/image0031050.jpg,Strach
archive (3)/Train/anger/image0030046.jpg,Złość
archive (3)/Train/happy/ffhq_3682.png,Szczęście
archive (3)/Test/happy/ffhq_1032.png,Szczęście
archive (3)/Train/happy/ffhq_4231.png,Szczęście
archive (3)/Train/sad/image0023946.jpg,Smutek
archive (3)/Train/sad/image0022571.jpg,Smutek
archive (3)/Train/surprise/image0032373.jpg,Zaskoczenie
archive (3)/Train/surprise/image0026568.jpg,Zaskoczenie
archive (3)/Train/surprise/image0031072.jpg,Zaskoczenie
archive (3)/Train/sad/image0012197.jpg,Smutek
archive (3)/Test/fear/image0029194.jpg,Strach
archive (3)/Train/surprise/image0025224.jpg,Zaskoczenie
archive (3)/Test/surprise/image0020367.jpg,Zaskoczenie
archive (3)/Train/surprise/image0026007.jpg,Zaskoczenie
archive (3)/Train/happy/ffhq_4356.png,Szczęście
archive (3)/Train/happy/ffhq_3487.png,Szczęście
archive (3)/Test/surprise/ffhq_419.png,Zaskoczenie
archive (3)/Train/surprise/image0026932.jpg,Zaskoczenie
archive (3)/Train/sad/image0020202.jpg,Smutek
archive (3)/Test/surprise/image0000052.jpg,Zaskoczenie
archive (3)/Train/surprise/image0031469.jpg,Zaskoczenie
archive (3)/Test/surprise/ffhq_200.png,Zaskoczenie
archive (3)/Train/sad/image0007971.jpg,Smutek
archive (3)/Test/happy/ffhq_2455.png,Szczęście
archive (3)/Test/happy/ffhq_2044.png,Szczęście
archive (3)/Test/happy/ffhq_1662.png,Szczęście
archive (3)/Test/surprise/image0014369.jpg,Zaskoczenie
archive (3)/Test/happy/ffhq_738.png,Szczęście
archive (3)/Test/Anger/image0019019.jpg,Złość
archive (3)/Train/sad/image0028209.jpg,Smutek
archive (3)/Train/happy/ffhq_2782.png,Szczęście
archive (3)/Train/happy/ffhq_2819.png,Szczęście
archive (3)/Test/Anger/image0008309.jpg,Złość
archive (3)/Train/fear/image0040708.jpg,Strach
archive (3)/Test/surprise/image0006371.jpg,Zaskoczenie
archive (3)/Train/surprise/image0033599.jpg,Zaskoczenie
archive (3)/Train/surprise/image0027785.jpg,Zaskoczenie
archive (3)/Train/anger/image0024425.jpg,Złość
archive (3)/Train/sad/image0006444.jpg,Smutek
archive (3)/Test/surprise/ffhq_187.png,Zaskoczenie
archive (3)/Train/sad/image0027346.jpg,Smutek
archive (3)/Train/happy/ffhq_4956.png,Szczęście
archive (3)/Test/happy/ffhq_202.png,Szczęście
archive (3)/Train/sad/image0023337.jpg,Smutek
archive (3)/Test/happy/ffhq_1811.png,Szczęście
archive (3)/Test/happy/ffhq_570.png,Szczęście
archive (3)/Train/happy/ffhq_3573.png,Szczęście
archive (3)/Train/happy/ffhq_3964.png,Szczęście
archive (3)/Test/surprise/image0015627.jpg,Zaskoczenie
archive (3)/Test/fear/image0030883.jpg,Strach
archive (3)/Train/surprise/image0027801.jpg,Zaskoczenie
archive (3)/Train/happy/ffhq_4656.png,Szczęście
archive (3)/Test/happy/ffhq_1293.png,Szczęście
archive (3)/Test/happy/ffhq_2317.png,Szczęście
archive (3)/Test/fear/image0022032.jpg,Strach
archive (3)/Test/fear/image0031909.jpg,Strach
archive (3)/Test/surprise/ffhq_65.png,Zaskoczenie
archive (3)/Train/sad/image0019401.jpg,Smutek
archive (3)/Train/happy/ffhq_4273.png,Szczęście
archive (3)/Test/surprise/ffhq_363.png,Zaskoczenie
archive (3)/Train/anger/image0023391.jpg,Złość
archive (3)/Train/sad/image0028237.jpg,Smutek
archive (3)/Train/happy/ffhq_4728.png,Szczęście
archive (3)/Test/happy/ffhq_1169.png,Szczęście
archive (3)/Test/surprise/image0001629.jpg,Zaskoczenie
archive (3)/Test/happy/ffhq_143.png,Szczęście
archive (3)/Test/happy/ffhq_2242.png,Szczęście
archive (3)/Test/sad/image0006107.jpg,Smutek
archive (3)/Test/sad/image0003289.jpg,Smutek
archive (3)/Train/sad/image0018730.jpg,Smutek
archive (3)/Test/Anger/image0019014.jpg,Złość
archive (3)/Train/anger/image0026516.jpg,Złość
archive (3)/Train/happy/ffhq_4326.png,Szczęście
archive (3)/Test/sad/image0001584.jpg,Smutek
archive (3)/Test/Anger/image0009264.jpg,Złość
archive (3)/Test/sad/image0019834.jpg,Smutek
archive (3)/Test/Anger/image0014577.jpg,Złość
archive (3)/Train/happy/ffhq_4092.png,Szczęście
archive (3)/Train/sad/image0003578.jpg,Smutek
archive (3)/Test/Anger/image0016608.jpg,Złość
archive (3)/Test/fear/image0027683.jpg,Strach
archive (3)/Test/happy/ffhq_1016.png,Szczęście
archive (3)/Test/Anger/image0008970.jpg,Złość
archive (3)/Train/sad/image0009024.jpg,Smutek
archive (3)/Train/surprise/image0031677.jpg,Zaskoczenie
archive (3)/Train/happy/ffhq_4394.png,Szczęście
archive (3)/Train/happy/ffhq_3288.png,Szczęście
archive (3)/Train/sad/image0028706.jpg,Smutek
archive (3)/Train/happy/ffhq_4414.png,Szczęście
archive (3)/Train/surprise/image0030170.jpg,Zaskoczenie
archive (3)/Test/sad/image0016020.jpg,Smutek
archive (3)/Train/sad/image0022467.jpg,Smutek
archive (3)/Train/fear/image0038625.jpg,Strach
archive (3)/Test/happy/ffhq_756.png,Szczęście
archive (3)/Train/sad/image0027714.jpg,Smutek
archive (3)/Train/happy/ffhq_2899.png,Szczęście
archive (3)/Test/happy/ffhq_1005.png,Szczęście
archive (3)/Test/happy/ffhq_1514.png,Szczęście
archive (3)/Test/surprise/image0002618.jpg,Zaskoczenie
archive (3)/Train/anger/image0026428.jpg,Złość
archive (3)/Test/happy/ffhq_2547.png,Szczęście
archive (3)/Test/fear/image0034746.jpg,Strach
archive (3)/Train/sad/image0021975.jpg,Smutek
archive (3)/Train/surprise/image0027460.jpg,Zaskoczenie
archive (3)/Train/surprise/image0031384.jpg,Zaskoczenie
archive (3)/Train/happy/ffhq_4802.png,Szczęście
archive (3)/Train/fear/image0040248.jpg,Strach
archive (3)/Test/fear/image0030646.jpg,Strach
archive (3)/Train/anger/image0024223.jpg,Złość
archive (3)/Test/sad/image0002993.jpg,Smutek
archive (3)/Train/sad/image0025513.jpg,Smutek
archive (3)/Train/happy/ffhq_3141.png,Szczęście
archive (3)/Train/fear/image0039248.jpg,Strach
archive (3)/Train/sad/image0024043.jpg,Smutek
archive (3)/Train/sad/image0016594.jpg,Smutek
archive (3)/Train/sad/image0013525.jpg,Smutek
archive (3)/Test/surprise/image0000186.jpg,Zaskoczenie
archive (3)/Test/surprise/ffhq_625.png,Zaskoczenie
archive (3)/Test/fear/image0033980.jpg,Strach
archive (3)/Test/Anger/image0012719.jpg,Złość
archive (3)/Train/fear/image0039886.jpg,Strach
archive (3)/Train/fear/image0037039.jpg,Strach
archive (3)/Train/sad/image0024613.jpg,Smutek
archive (3)/Test/happy/ffhq_1155.png,Szczęście
archive (3)/Train/sad/image0027305.jpg,Smutek
archive (3)/Train/fear/image0040305.jpg,Strach
archive (3)/Test/surprise/image0001164.jpg,Zaskoczenie
archive (3)/Test/sad/image0017643.jpg,Smutek
archive (3)/Test/fear/image0032072.jpg,Strach
archive (3)/Train/surprise/image0033719.jpg,Zaskoczenie
archive (3)/Test/Anger/image0014681.jpg,Złość
archive (3)/Train/happy/ffhq_4456.png,Szczęście
archive (3)/Train/anger/image0025307.jpg,Złość
archive (3)/Train/fear/image0035976.jpg,Strach
archive (3)/Test/surprise/image0000534.jpg,Zaskoczenie
archive (3)/Train/happy/ffhq_2810.png,Szczęście
archive (3)/Train/anger/image0027496.jpg,Złość
archive (3)/Test/Anger/image0014461.jpg,Złość
archive (3)/Train/surprise/image0024151.jpg,Zaskoczenie
archive (3)/Test/Anger/image0001062.jpg,Złość
archive (3)/Test/surprise/image0004656.jpg,Zaskoczenie
archive (3)/Test/happy/ffhq_2498.png,Szczęście
archive (3)/Train/sad/image0003722.jpg,Smutek
archive (3)/Test/fear/image0025972.jpg,Strach
archive (3)/Test/Anger/image0012807.jpg,Złość
archive (3)/Test/fear/image0030457.jpg,Strach
archive (3)/Train/happy/ffhq_4682.png,Szczęście
archive (3)/Test/sad/image0021252.jpg,Smutek
archive (3)/Train/surprise/image0028315.jpg,Zaskoczenie
archive (3)/Test/fear/image0027036.jpg,Strach
archive (3)/Test/happy/ffhq_1965.png,Szczęście
archive (3)/Test/happy/ffhq_266.png,Szczęście
archive (3)/Test/fear/image0026985.jpg,Strach
archive (3)/Train/surprise/image0033179.jpg,Zaskoczenie
archive (3)/Train/surprise/image0026867.jpg,Zaskoczenie
archive (3)/Test/Anger/image0009909.jpg,Złość
archive (3)/Train/sad/image0027590.jpg,Smutek
archive (3)/Test/happy/ffhq_1245.png,Szczęście
archive (3)/Train/anger/image0024190.jpg,Złość
archive (3)/Train/anger/image0022537.jpg,Złość
archive (3)/Train/fear/image0037035.jpg,Strach
archive (3)/Test/fear/image0034288.jpg,Strach
archive (3)/Test/happy/ffhq_279.png,Szczęście
archive (3)/Train/sad/image0030287.jpg,Smutek
archive (3)/Test/happy/ffhq_1339.png,Szczęście
archive (3)/Train/anger/image0025355.jpg,Złość
archive (3)/Test/Anger/image0021839.jpg,Złość
archive (3)/Test/sad/image0018627.jpg,Smutek
archive (3)/Test/sad/image0013824.jpg,Smutek
archive (3)/Test/happy/ffhq_597.png,Szczęście
archive (3)/Train/happy/ffhq_4955.png,Szczęście
archive (3)/Test/fear/image0009376.jpg,Strach
archive (3)/Test/fear/image0031738.jpg,Strach
archive (3)/Train/surprise/image0031840.jpg,Zaskoczenie
archive (3)/Train/sad/image0020665.jpg,Smutek
archive (3)/Test/happy/ffhq_2027.png,Szczęście
archive (3)/Train/surprise/image0027004.jpg,Zaskoczenie
archive (3)/Train/fear/image0036363.jpg,Strach
archive (3)/Test/fear/image0021781.jpg,Strach
archive (3)/Train/happy/ffhq_3132.png,Szczęście
archive (3)/Train/anger/image0023759.jpg,Złość
archive (3)/Test/sad/image0002436.jpg,Smutek
archive (3)/Test/fear/image0027549.jpg,Strach
archive (3)/Train/anger/image0024543.jpg,Złość
archive (3)/Train/happy/ffhq_2997.png,Szczęście
archive (3)/Train/sad/image0023687.jpg,Smutek
archive (3)/Train/sad/image0028159.jpg,Smutek
archive (3)/Train/anger/image0030739.jpg,Złość
archive (3)/Train/anger/image0030258.jpg,Złość
archive (3)/Test/happy/ffhq_2684.png,Szczęście
archive (3)/Train/sad/image0028263.jpg,Smutek
archive (3)/Test/surprise/image0012358.jpg,Zaskoczenie
archive (3)/Test/Anger/image0001916.jpg,Złość
archive (3)/Test/fear/image0018521.jpg,Strach
archive (3)/Test/sad/image0018764.jpg,Smutek
archive (3)/Train/surprise/image0026437.jpg,Zaskoczenie
archive (3)/Test/surprise/ffhq_174.png,Zaskoczenie
archive (3)/Train/sad/image0022028.jpg,Smutek
archive (3)/Test/sad/image0010764.jpg,Smutek
archive (3)/Train/sad/image0020215.jpg,Smutek
archive (3)/Train/happy/ffhq_4957.png,Szczęście
archive (3)/Train/sad/image0013120.jpg,Smutek
archive (3)/Train/fear/image0035595.jpg,Strach
archive (3)/Train/happy/ffhq_4380.png,Szczęście
archive (3)/Train/sad/image0029136.jpg,Smutek
archive (3)/Train/sad/image0003196.jpg,Smutek
archive (3)/Test/sad/image0006498.jpg,Smutek
archive (3)/Train/surprise/image0030558.jpg,Zaskoczenie
archive (3)/Test/happy/ffhq_2647.png,Szczęście
archive (3)/Train/sad/image0029604.jpg,Smutek
archive (3)/Train/fear/image0038235.jpg,Strach
archive (3)/Test/surprise/image0023067.jpg,Zaskoczenie
archive (3)/Test/Anger/image0020490.jpg,Złość
archive (3)/Test/surprise/image0022325.jpg,Zaskoczenie
archive (3)/Train/surprise/image0034346.jpg,Zaskoczenie
archive (3)/Test/fear/image0035584.jpg,Strach
archive (3)/Test/happy/ffhq_1221.png,Szczęście
archive (3)/Train/fear/image0040397.jpg,Strach
archive (3)/Train/surprise/image0032807.jpg,Zaskoczenie
archive (3)/Train/fear/image0036570.jpg,Strach
archive (3)/Train/sad/image0030151.jpg,Smutek
archive (3)/Test/fear/image0018573.jpg,Strach
archive (3)/Test/happy/ffhq_1490.png,Szczęście
archive (3)/Test/sad/image0006777.jpg,Smutek
archive (3)/Train/surprise/image0030678.jpg,Zaskoczenie
archive (3)/Test/Anger/image0006306.jpg,Złość
archive (3)/Train/sad/image0009255.jpg,Smutek
archive (3)/Test/surprise/ffhq_553.png,Zaskoczenie
archive (3)/Test/Anger/image0015114.jpg,Złość
archive (3)/Train/sad/image0019834.jpg,Smutek
archive (3)/Train/sad/image0025256.jpg,Smutek
archive (3)/Train/happy/ffhq_4608.png,Szczęście
archive (3)/Test/surprise/image0018621.jpg,Zaskoczenie
archive (3)/Test/fear/image0032473.jpg,Strach
archive (3)/Test/surprise/image0022993.jpg,Zaskoczenie
archive (3)/Train/sad/image0017486.jpg,Smutek
archive (3)/Test/sad/image0009527.jpg,Smutek
archive (3)/Train/anger/image0030483.jpg,Złość
archive (3)/Train/fear/image0040393.jpg,Strach
archive (3)/Test/Anger/image0010321.jpg,Złość
archive (3)/Test/happy/ffhq_1491.png,Szczęście
archive (3)/Test/happy/ffhq_2462.png,Szczęście
archive (3)/Test/fear/image0029701.jpg,Strach
archive (3)/Train/sad/image0029636.jpg,Smutek
archive (3)/Train/anger/image0029700.jpg,Złość
archive (3)/Test/Anger/image0020113.jpg,Złość
archive (3)/Test/happy/ffhq_694.png,Szczęście
archive (3)/Train/happy/ffhq_4327.png,Szczęście
archive (3)/Train/sad/image0019315.jpg,Smutek
archive (3)/Test/sad/image0002784.jpg,Smutek
archive (3)/Train/anger/image0023393.jpg,Złość
archive (3)/Train/fear/image0036986.jpg,Strach
archive (3)/Test/fear/image0011181.jpg,Strach
archive (3)/Test/surprise/image0019024.jpg,Zaskoczenie
archive (3)/Test/Anger/image0019412.jpg,Złość
archive (3)/Test/happy/ffhq_2345.png,Szczęście
archive (3)/Test/fear/image0032650.jpg,Strach
archive (3)/Test/happy/ffhq_275.png,Szczęście
archive (3)/Train/anger/image0021964.jpg,Złość
archive (3)/Test/happy/ffhq_1157.png,Szczęście
archive (3)/Train/sad/image0028297.jpg,Smutek
archive (3)/Train/sad/image0024615.jpg,Smutek
archive (3)/Train/anger/image0022381.jpg,Złość
archive (3)/Test/sad/image0013656.jpg,Smutek
archive (3)/Train/happy/ffhq_4177.png,Szczęście
archive (3)/Test/sad/image0018595.jpg,Smutek
archive (3)/Train/happy/ffhq_4127.png,Szczęście
archive (3)/Train/happy/ffhq_3645.png,Szczęście
archive (3)/Test/happy/ffhq_765.png,Szczęście
archive (3)/Test/fear/image0033452.jpg,Strach
archive (3)/Test/Anger/image0005773.jpg,Złość
archive (3)/Train/surprise/image0034946.jpg,Zaskoczenie
archive (3)/Test/happy/ffhq_1528.png,Szczęście
archive (3)/Test/Anger/image0020608.jpg,Złość
archive (3)/Train/happy/ffhq_4049.png,Szczęście
archive (3)/Test/sad/image0011314.jpg,Smutek
archive (3)/Test/sad/image0013361.jpg,Smutek
archive (3)/Train/happy/ffhq_4183.png,Szczęście
archive (3)/Test/fear/image0032034.jpg,Strach
archive (3)/Train/anger/image0028031.jpg,Złość
archive (3)/Train/anger/image0024685.jpg,Złość
archive (3)/Train/fear/image0037968.jpg,Strach
archive (3)/Test/happy/ffhq_830.png,Szczęście
archive (3)/Test/fear/image0035117.jpg,Strach
archive (3)/Test/Anger/image0013912.jpg,Złość
archive (3)/Test/fear/image0018038.jpg,Strach
archive (3)/Train/happy/ffhq_2856.png,Szczęście
archive (3)/Test/happy/ffhq_2347.png,Szczęście
archive (3)/Test/Anger/image0020624.jpg,Złość
archive (3)/Test/happy/ffhq_131.png,Szczęście
archive (3)/Train/surprise/image0034433.jpg,Zaskoczenie
archive (3)/Train/sad/image0021686.jpg,Smutek
archive (3)/Test/happy/ffhq_1814.png,Szczęście
archive (3)/Train/surprise/image0032785.jpg,Zaskoczenie
archive (3)/Train/sad/image0028034.jpg,Smutek
archive (3)/Test/sad/image0006963.jpg,Smutek
archive (3)/Train/happy/ffhq_4973.png,Szczęście
archive (3)/Train/happy/ffhq_4734.png,Szczęście
archive (3)/Test/Anger/image0016996.jpg,Złość
archive (3)/Test/fear/image0034441.jpg,Strach
archive (3)/Test/happy/ffhq_2575.png,Szczęście
archive (3)/Train/happy/ffhq_3856.png,Szczęście
archive (3)/Train/anger/image0030497.jpg,Złość
archive (3)/Test/Anger/image0017342.jpg,Złość
archive (3)/Train/sad/image0027428.jpg,Smutek
archive (3)/Test/happy/ffhq_102.png,Szczęście
archive (3)/Test/sad/image0003318.jpg,Smutek
archive (3)/Train/happy/ffhq_4915.png,Szczęście
archive (3)/Test/happy/ffhq_1030.png,Szczęście
archive (3)/Train/sad/image0026248.jpg,Smutek
archive (3)/Train/fear/image0036246.jpg,Strach
archive (3)/Train/fear/image0038101.jpg,Strach
archive (3)/Test/surprise/image0020276.jpg,Zaskoczenie
archive (3)/Train/happy/ffhq_3513.png,Szczęście
archive (3)/Train/anger/image0028251.jpg,Złość
archive (3)/Train/anger/image0023000.jpg,Złość
archive (3)/Test/happy/ffhq_2466.png,Szczęście
archive (3)/Train/sad/image0023951.jpg,Smutek
archive (3)/Train/sad/image0019927.jpg,Smutek
archive (3)/Test/happy/ffhq_2423.png,Szczęście
archive (3)/Test/fear/image0014358.jpg,Strach
archive (3)/Test/surprise/image0003491.jpg,Zaskoczenie
archive (3)/Test/surprise/image0019872.jpg,Zaskoczenie
archive (3)/Train/sad/image0013276.jpg,Smutek
archive (3)/Test/happy/ffhq_539.png,Szczęście
archive (3)/Train/sad/image0030222.jpg,Smutek
archive (3)/Test/sad/image0020711.jpg,Smutek
archive (3)/Train/sad/image0017828.jpg,Smutek
archive (3)/Test/happy/ffhq_356.png,Szczęście
archive (3)/Train/happy/ffhq_3850.png,Szczęście
archive (3)/Test/surprise/ffhq_644.png,Zaskoczenie
archive (3)/Train/fear/image0037289.jpg,Strach
archive (3)/Train/sad/image0026771.jpg,Smutek
archive (3)/Train/surprise/image0028801.jpg,Zaskoczenie
archive (3)/Test/Anger/image0006821.jpg,Złość
archive (3)/Train/fear/image0040217.jpg,Strach
archive (3)/Train/sad/image0029269.jpg,Smutek
archive (3)/Test/surprise/image0022707.jpg,Zaskoczenie
archive (3)/Train/surprise/image0027782.jpg,Zaskoczenie
archive (3)/Test/Anger/image0016836.jpg,Złość
archive (3)/Test/sad/image0012467.jpg,Smutek
archive (3)/Test/Anger/image0011053.jpg,Złość
archive (3)/Train/surprise/image0032009.jpg,Zaskoczenie
archive (3)/Test/sad/image0000118.jpg,Smutek
archive (3)/Test/surprise/ffhq_561.png,Zaskoczenie
archive (3)/Test/happy/ffhq_1592.png,Szczęście
archive (3)/Test/sad/image0000977.jpg,Smutek
archive (3)/Test/fear/image0018569.jpg,Strach
archive (3)/Train/sad/image0018117.jpg,Smutek
archive (3)/Train/sad/image0023057.jpg,Smutek
archive (3)/Train/surprise/image0027048.jpg,Zaskoczenie
archive (3)/Train/surprise/image0029683.jpg,Zaskoczenie
archive (3)/Train/happy/ffhq_2850.png,Szczęście
archive (3)/Test/Anger/image0019003.jpg,Złość
archive (3)/Train/anger/image0028607.jpg,Złość
archive (3)/Test/happy/ffhq_412.png,Szczęście
archive (3)/Test/Anger/image0017825.jpg,Złość
archive (3)/Test/sad/image0013683.jpg,Smutek
archive (3)/Train/sad/image0027833.jpg,Smutek
archive (3)/Test/happy/ffhq_360.png,Szczęście
archive (3)/Test/sad/image0001919.jpg,Smutek
archive (3)/Test/Anger/image0021792.jpg,Złość
archive (3)/Train/surprise/image0025974.jpg,Zaskoczenie
archive (3)/Train/sad/image0001610.jpg,Smutek
archive (3)/Train/surprise/image0033430.jpg,Zaskoczenie
archive (3)/Train/sad/image0019575.jpg,Smutek
archive (3)/Test/Anger/image0012268.jpg,Złość
archive (3)/Train/anger/image0028338.jpg,Złość
archive (3)/Train/sad/image0020990.jpg,Smutek
archive (3)/Train/happy/ffhq_4144.png,Szczęście
archive (3)/Train/surprise/image0024734.jpg,Zaskoczenie
archive (3)/Train/fear/image0040416.jpg,Strach
archive (3)/Train/sad/image0000721.jpg,Smutek
archive (3)/Test/surprise/ffhq_203.png,Zaskoczenie
archive (3)/Train/happy/ffhq_3786.png,Szczęście
archive (3)/Train/fear/image0036990.jpg,Strach
archive (3)/Train/sad/image0012832.jpg,Smutek
archive (3)/Train/sad/image0026150.jpg,Smutek
archive (3)/Train/sad/image0029542.jpg,Smutek
archive (3)/Train/sad/image0017378.jpg,Smutek
archive (3)/Test/fear/image0034932.jpg,Strach
archive (3)/Test/Anger/image0006566.jpg,Złość
archive (3)/Train/surprise/image0033127.jpg,Zaskoczenie
archive (3)/Train/surprise/image0033441.jpg,Zaskoczenie
archive (3)/Test/surprise/image0021014.jpg,Zaskoczenie
archive (3)/Train/anger/image0025929.jpg,Złość
archive (3)/Train/anger/image0027734.jpg,Złość
archive (3)/Train/surprise/image0032077.jpg,Zaskoczenie
archive (3)/Train/anger/image0025700.jpg,Złość
archive (3)/Train/sad/image0028191.jpg,Smutek
archive (3)/Test/happy/ffhq_1034.png,Szczęście
archive (3)/Test/sad/image0018655.jpg,Smutek
archive (3)/Train/happy/ffhq_4746.png,Szczęście
archive (3)/Train/happy/ffhq_4921.png,Szczęście
archive (3)/Train/surprise/image0027645.jpg,Zaskoczenie
archive (3)/Train/sad/image0029285.jpg,Smutek
archive (3)/Test/surprise/ffhq_432.png,Zaskoczenie
archive (3)/Train/sad/image0028125.jpg,Smutek
archive (3)/Train/anger/image0030086.jpg,Złość
archive (3)/Test/sad/image0018571.jpg,Smutek
archive (3)/Train/sad/image0027514.jpg,Smutek
archive (3)/Test/sad/image0017477.jpg,Smutek
archive (3)/Test/surprise/image0006500.jpg,Zaskoczenie
archive (3)/Test/surprise/ffhq_273.png,Zaskoczenie
archive (3)/Train/sad/image0020047.jpg,Smutek
archive (3)/Test/sad/image0008276.jpg,Smutek
archive (3)/Train/anger/image0028503.jpg,Złość
archive (3)/Train/sad/image0022230.jpg,Smutek
archive (3)/Test/Anger/image0012573.jpg,Złość
archive (3)/Test/Anger/image0017016.jpg,Złość
archive (3)/Train/happy/ffhq_3740.png,Szczęście
archive (3)/Test/happy/ffhq_3.png,Szczęście
archive (3)/Train/happy/ffhq_3991.png,Szczęście
archive (3)/Test/Anger/image0019280.jpg,Złość
archive (3)/Test/Anger/image0001453.jpg,Złość
archive (3)/Test/fear/image0031222.jpg,Strach
archive (3)/Train/happy/ffhq_4136.png,Szczęście
archive (3)/Train/surprise/image0033009.jpg,Zaskoczenie
archive (3)/Train/anger/image0029717.jpg,Złość
archive (3)/Test/sad/image0013126.jpg,Smutek
archive (3)/Test/happy/ffhq_740.png,Szczęście
archive (3)/Test/happy/ffhq_2233.png,Szczęście
archive (3)/Test/happy/ffhq_2008.png,Szczęście
archive (3)/Test/surprise/ffhq_369.png,Zaskoczenie
archive (3)/Train/happy/ffhq_4269.png,Szczęście
archive (3)/Train/surprise/image0033304.jpg,Zaskoczenie
archive (3)/Test/surprise/image0016750.jpg,Zaskoczenie
archive (3)/Train/anger/image0023347.jpg,Złość
archive (3)/Test/happy/ffhq_1140.png,Szczęście
archive (3)/Train/sad/image0015289.jpg,Smutek
archive (3)/Train/sad/image0027406.jpg,Smutek
archive (3)/Train/fear/image0038954.jpg,Strach
archive (3)/Train/happy/ffhq_3787.png,Szczęście
archive (3)/Test/sad/image0005075.jpg,Smutek
archive (3)/Test/sad/image0020868.jpg,Smutek
archive (3)/Train/fear/image0039944.jpg,Strach
archive (3)/Test/Anger/image0020663.jpg,Złość
archive (3)/Test/surprise/image0020675.jpg,Zaskoczenie
archive (3)/Test/Anger/image0021045.jpg,Złość
archive (3)/Train/sad/image0022318.jpg,Smutek
archive (3)/Train/anger/image0023272.jpg,Złość
archive (3)/Test/fear/image0008395.jpg,Strach
archive (3)/Train/anger/image0024047.jpg,Złość
archive (3)/Train/surprise/image0033101.jpg,Zaskoczenie
archive (3)/Test/Anger/image0007018.jpg,Złość
archive (3)/Train/sad/image0021593.jpg,Smutek
archive (3)/Test/happy/ffhq_1059.png,Szczęście
archive (3)/Train/happy/ffhq_4251.png,Szczęście
archive (3)/Train/sad/image0023557.jpg,Smutek
archive (3)/Train/anger/image0030088.jpg,Złość
archive (3)/Test/Anger/image0000949.jpg,Złość
archive (3)/Test/fear/image0024219.jpg,Strach
archive (3)/Test/sad/image0015227.jpg,Smutek
archive (3)/Train/fear/image0038825.jpg,Strach
archive (3)/Train/surprise/image0031075.jpg,Zaskoczenie
archive (3)/Test/happy/ffhq_1372.png,Szczęście
archive (3)/Train/happy/ffhq_3936.png,Szczęście
archive (3)/Train/anger/image0022955.jpg,Złość
archive (3)/Train/happy/ffhq_4502.png,Szczęście
archive (3)/Test/surprise/image0014149.jpg,Zaskoczenie
archive (3)/Train/happy/ffhq_3840.png,Szczęście
archive (3)/Test/happy/ffhq_2278.png,Szczęście
archive (3)/Train/anger/image0027874.jpg,Złość
archive (3)/Test/surprise/image0019223.jpg,Zaskoczenie
archive (3)/Test/fear/image0032800.jpg,Strach
archive (3)/Train/fear/image0036297.jpg,Strach
archive (3)/Train/sad/image0029603.jpg,Smutek
archive (3)/Test/surprise/image0021834.jpg,Zaskoczenie
archive (3)/Train/fear/image0040594.jpg,Strach
archive (3)/Train/anger/image0029896.jpg,Złość
archive (3)/Train/sad/image0024601.jpg,Smutek
archive (3)/Train/surprise/image0030744.jpg,Zaskoczenie
archive (3)/Test/happy/ffhq_2002.png,Szczęście
archive (3)/Train/sad/image0027076.jpg,Smutek
archive (3)/Train/fear/image0037148.jpg,Strach
archive (3)/Train/anger/image0028799.jpg,Złość
archive (3)/Test/fear/image0019973.jpg,Strach
archive (3)/Train/surprise/image0026079.jpg,Zaskoczenie
archive (3)/Test/happy/ffhq_150.png,Szczęście
archive (3)/Train/sad/image0024699.jpg,Smutek
archive (3)/Test/happy/ffhq_2563.png,Szczęście
archive (3)/Train/anger/image0022988.jpg,Złość
archive (3)/Test/surprise/image0005684.jpg,Zaskoczenie
archive (3)/Train/anger/image0027987.jpg,Złość
archive (3)/Train/happy/ffhq_4318.png,Szczęście
archive (3)/Train/surprise/image0033302.jpg,Zaskoczenie
archive (3)/Test/sad/image0012360.jpg,Smutek
archive (3)/Test/happy/ffhq_701.png,Szczęście
archive (3)/Train/surprise/image0033301.jpg,Zaskoczenie
archive (3)/Train/sad/image0028479.jpg,Smutek
archive (3)/Test/happy/ffhq_2272.png,Szczęście
archive (3)/Test/surprise/image0015774.jpg,Zaskoczenie
archive (3)/Train/surprise/image0031134.jpg,Zaskoczenie
archive (3)/Train/sad/image0013059.jpg,Smutek
archive (3)/Test/happy/ffhq_1075.png,Szczęście
archive (3)/Test/fear/image0010976.jpg,Strach
archive (3)/Train/anger/image0022026.jpg,Złość
archive (3)/Test/Anger/image0021025.jpg,Złość
archive (3)/Test/happy/ffhq_811.png,Szczęście
archive (3)/Test/fear/image0019556.jpg,Strach
archive (3)/Train/surprise/image0033298.jpg,Zaskoczenie
archive (3)/Test/sad/image0005743.jpg,Smutek
archive (3)/Train/anger/image0030340.jpg,Złość
archive (3)/Train/fear/image0036503.jpg,Strach
archive (3)/Test/sad/image0018692.jpg,Smutek
archive (3)/Train/sad/image0021802.jpg,Smutek
archive (3)/Test/happy/ffhq_1160.png,Szczęście
archive (3)/Test/happy/ffhq_933.png,Szczęście
archive (3)/Train/sad/image0018832.jpg,Smutek
archive (3)/Test/happy/ffhq_469.png,Szczęście
archive (3)/Test/fear/image0035021.jpg,Strach
archive (3)/Train/fear/image0039488.jpg,Strach
archive (3)/Train/fear/image0038556.jpg,Strach
archive (3)/Train/sad/image0029796.jpg,Smutek
archive (3)/Test/Anger/image0000195.jpg,Złość
archive (3)/Test/surprise/image0010335.jpg,Zaskoczenie
archive (3)/Test/surprise/image0021944.jpg,Zaskoczenie
archive (3)/Test/happy/ffhq_1536.png,Szczęście
archive (3)/Test/fear/image0034506.jpg,Strach
archive (3)/Test/sad/image0018925.jpg,Smutek
archive (3)/Train/sad/image0023506.jpg,Smutek
archive (3)/Test/sad/image0003900.jpg,Smutek
archive (3)/Test/fear/image0035499.jpg,Strach
archive (3)/Train/sad/image0026597.jpg,Smutek
archive (3)/Test/Anger/image0012320.jpg,Złość
archive (3)/Train/happy/ffhq_4810.png,Szczęście
archive (3)/Test/sad/image0016317.jpg,Smutek
archive (3)/Train/anger/image0026127.jpg,Złość
archive (3)/Train/sad/image0025843.jpg,Smutek
archive (3)/Test/surprise/ffhq_381.png,Zaskoczenie
archive (3)/Train/anger/image0027698.jpg,Złość
archive (3)/Train/anger/image0025290.jpg,Złość
archive (3)/Test/happy/ffhq_2023.png,Szczęście
archive (3)/Train/happy/ffhq_3504.png,Szczęście
archive (3)/Test/Anger/image0012357.jpg,Złość
archive (3)/Test/sad/image0020572.jpg,Smutek
archive (3)/Train/happy/ffhq_4227.png,Szczęście
archive (3)/Test/surprise/image0023545.jpg,Zaskoczenie
archive (3)/Train/surprise/image0033998.jpg,Zaskoczenie
archive (3)/Test/surprise/image0012099.jpg,Zaskoczenie
archive (3)/Test/happy/ffhq_1552.png,Szczęście
archive (3)/Train/anger/image0022507.jpg,Złość
archive (3)/Train/fear/image0036523.jpg,Strach
archive (3)/Train/happy/ffhq_3195.png,Szczęście
archive (3)/Test/fear/image0012471.jpg,Strach
archive (3)/Test/fear/image0034343.jpg,Strach
archive (3)/Train/fear/image0036235.jpg,Strach
archive (3)/Test/happy/ffhq_1728.png,Szczęście
archive (3)/Test/surprise/image0012495.jpg,Zaskoczenie
archive (3)/Train/anger/image0027459.jpg,Złość
archive (3)/Train/fear/image0038956.jpg,Strach
archive (3)/Test/Anger/image0015053.jpg,Złość
archive (3)/Train/sad/image0027840.jpg,Smutek
archive (3)/Test/Anger/image0019804.jpg,Złość
archive (3)/Train/happy/ffhq_4215.png,Szczęście
archive (3)/Train/happy/ffhq_3055.png,Szczęście
archive (3)/Train/happy/ffhq_3683.png,Szczęście
archive (3)/Test/surprise/ffhq_158.png,Zaskoczenie
archive (3)/Test/happy/ffhq_826.png,Szczęście
archive (3)/Test/sad/image0002589.jpg,Smutek
archive (3)/Train/fear/image0038554.jpg,Strach
archive (3)/Test/fear/image0027116.jpg,Strach
archive (3)/Train/happy/ffhq_2843.png,Szczęście
archive (3)/Train/sad/image0023045.jpg,Smutek
archive (3)/Test/sad/image0009594.jpg,Smutek
archive (3)/Train/sad/image0011832.jpg,Smutek
archive (3)/Test/Anger/image0009099.jpg,Złość
archive (3)/Test/surprise/image0015060.jpg,Zaskoczenie
archive (3)/Test/sad/image0013220.jpg,Smutek
archive (3)/Test/Anger/image0011404.jpg,Złość
archive (3)/Test/fear/image0022490.jpg,Strach
archive (3)/Train/sad/image0029270.jpg,Smutek
archive (3)/Test/happy/ffhq_1460.png,Szczęście
archive (3)/Train/fear/image0039237.jpg,Strach
archive (3)/Train/sad/image0028126.jpg,Smutek
archive (3)/Train/happy/ffhq_4361.png,Szczęście
archive (3)/Test/happy/ffhq_615.png,Szczęście
archive (3)/Test/surprise/ffhq_111.png,Zaskoczenie
archive (3)/Test/Anger/image0015427.jpg,Złość
archive (3)/Train/happy/ffhq_4507.png,Szczęście
archive (3)/Train/fear/image0035750.jpg,Strach
archive (3)/Test/Anger/image0010510.jpg,Złość
archive (3)/Train/anger/image0023275.jpg,Złość
archive (3)/Train/anger/image0023960.jpg,Złość
archive (3)/Test/Anger/image0013378.jpg,Złość
archive (3)/Test/happy/ffhq_2433.png,Szczęście
archive (3)/Train/surprise/image0028649.jpg,Zaskoczenie
archive (3)/Train/fear/image0037649.jpg,Strach
archive (3)/Train/fear/image0039609.jpg,Strach
archive (3)/Train/surprise/image0034439.jpg,Zaskoczenie
archive (3)/Train/anger/image0025344.jpg,Złość
archive (3)/Test/happy/ffhq_1730.png,Szczęście
archive (3)/Train/sad/image0020352.jpg,Smutek
archive (3)/Train/surprise/image0034508.jpg,Zaskoczenie
archive (3)/Train/anger/image0027149.jpg,Złość
archive (3)/Test/sad/image0016341.jpg,Smutek
archive (3)/Train/surprise/image0031224.jpg,Zaskoczenie
archive (3)/Train/surprise/image0031978.jpg,Zaskoczenie
archive (3)/Train/fear/image0036647.jpg,Strach
archive (3)/Train/surprise/image0033402.jpg,Zaskoczenie
archive (3)/Train/fear/image0037784.jpg,Strach
archive (3)/Test/surprise/ffhq_210.png,Zaskoczenie
archive (3)/Train/surprise/image0034640.jpg,Zaskoczenie
archive (3)/Train/surprise/image0030915.jpg,Zaskoczenie
archive (3)/Test/sad/image0017483.jpg,Smutek
archive (3)/Test/sad/image0020215.jpg,Smutek
archive (3)/Train/sad/image0026933.jpg,Smutek
archive (3)/Test/surprise/image0017316.jpg,Zaskoczenie
archive (3)/Train/surprise/image0032263.jpg,Zaskoczenie
archive (3)/Train/happy/ffhq_3202.png,Szczęście
archive (3)/Train/anger/image0023191.jpg,Złość
archive (3)/Train/happy/image0039933.jpg,Szczęście
archive (3)/Train/sad/image0024993.jpg,Smutek
archive (3)/Test/fear/image0032501.jpg,Strach
archive (3)/Train/anger/image0030237.jpg,Złość
archive (3)/Train/fear/image0037212.jpg,Strach
archive (3)/Test/sad/image0016182.jpg,Smutek
archive (3)/Train/sad/image0004570.jpg,Smutek
archive (3)/Test/sad/image0012033.jpg,Smutek
archive (3)/Test/surprise/image0006081.jpg,Zaskoczenie
archive (3)/Train/happy/ffhq_3145.png,Szczęście
archive (3)/Test/happy/ffhq_535.png,Szczęście
archive (3)/Train/surprise/image0030943.jpg,Zaskoczenie
archive (3)/Train/sad/image0015738.jpg,Smutek
archive (3)/Train/surprise/image0031080.jpg,Zaskoczenie
archive (3)/Test/fear/image0008093.jpg,Strach
archive (3)/Test/surprise/ffhq_242.png,Zaskoczenie
archive (3)/Test/fear/image0034672.jpg,Strach
archive (3)/Train/surprise/image0034741.jpg,Zaskoczenie
archive (3)/Test/surprise/image0019964.jpg,Zaskoczenie
archive (3)/Train/anger/image0027947.jpg,Złość
archive (3)/Train/surprise/image0027420.jpg,Zaskoczenie
archive (3)/Test/surprise/ffhq_463.png,Zaskoczenie
archive (3)/Test/Anger/image0006199.jpg,Złość
archive (3)/Test/Anger/image0018051.jpg,Złość
archive (3)/Train/surprise/image0030404.jpg,Zaskoczenie
archive (3)/Test/fear/image0034475.jpg,Strach
archive (3)/Test/happy/ffhq_385.png,Szczęście
archive (3)/Train/happy/ffhq_3590.png,Szczęście
archive (3)/Train/sad/image0019791.jpg,Smutek
archive (3)/Test/Anger/image0019603.jpg,Złość
archive (3)/Train/surprise/image0029551.jpg,Zaskoczenie
archive (3)/Train/happy/ffhq_3382.png,Szczęście
archive (3)/Test/happy/ffhq_1376.png,Szczęście
archive (3)/Train/sad/image0024905.jpg,Smutek
archive (3)/Train/sad/image0023244.jpg,Smutek
archive (3)/Test/Anger/image0018449.jpg,Złość
archive (3)/Test/sad/image0020522.jpg,Smutek
archive (3)/Train/sad/image0009807.jpg,Smutek
archive (3)/Test/happy/ffhq_349.png,Szczęście
archive (3)/Train/fear/image0038622.jpg,Strach
archive (3)/Test/Anger/image0009697.jpg,Złość
archive (3)/Train/happy/ffhq_3773.png,Szczęście
archive (3)/Train/surprise/image0028626.jpg,Zaskoczenie
archive (3)/Train/surprise/image0033921.jpg,Zaskoczenie
archive (3)/Test/Anger/image0019467.jpg,Złość
archive (3)/Test/happy/ffhq_2589.png,Szczęście
archive (3)/Train/sad/image0018053.jpg,Smutek
archive (3)/Train/surprise/image0028135.jpg,Zaskoczenie
archive (3)/Train/happy/ffhq_4019.png,Szczęście
archive (3)/Train/sad/image0028387.jpg,Smutek
archive (3)/Test/sad/image0016627.jpg,Smutek
archive (3)/Test/fear/image0035541.jpg,Strach
archive (3)/Test/Anger/image0017868.jpg,Złość
archive (3)/Test/sad/image0017452.jpg,Smutek
archive (3)/Train/fear/image0040475.jpg,Strach
archive (3)/Test/happy/ffhq_605.png,Szczęście
archive (3)/Test/Anger/image0019244.jpg,Złość
archive (3)/Test/happy/ffhq_865.png,Szczęście
archive (3)/Test/surprise/ffhq_443.png,Zaskoczenie
archive (3)/Test/surprise/image0021212.jpg,Zaskoczenie
archive (3)/Test/Anger/image0011372.jpg,Złość
archive (3)/Train/surprise/image0032986.jpg,Zaskoczenie
archive (3)/Train/sad/image0027644.jpg,Smutek
archive (3)/Train/fear/image0038828.jpg,Strach
archive (3)/Train/surprise/image0034681.jpg,Zaskoczenie
archive (3)/Train/surprise/image0031610.jpg,Zaskoczenie
archive (3)/Test/surprise/ffhq_257.png,Zaskoczenie
archive (3)/Train/happy/ffhq_3269.png,Szczęście
archive (3)/Test/happy/ffhq_5.png,Szczęście
archive (3)/Test/sad/image0019088.jpg,Smutek
archive (3)/Train/sad/image0025985.jpg,Smutek
archive (3)/Test/fear/image0031523.jpg,Strach
archive (3)/Test/Anger/image0004383.jpg,Złość
archive (3)/Train/anger/image0026425.jpg,Złość
archive (3)/Train/surprise/image0029688.jpg,Zaskoczenie
archive (3)/Test/fear/image0035427.jpg,Strach
archive (3)/Test/fear/image0008214.jpg,Strach
archive (3)/Train/happy/ffhq_3708.png,Szczęście
archive (3)/Train/happy/ffhq_3905.png,Szczęście
archive (3)/Train/surprise/image0026828.jpg,Zaskoczenie
archive (3)/Test/sad/image0018826.jpg,Smutek
archive (3)/Test/fear/image0011538.jpg,Strach
archive (3)/Test/surprise/image0005871.jpg,Zaskoczenie
archive (3)/Train/anger/image0028664.jpg,Złość
archive (3)/Test/surprise/image0003798.jpg,Zaskoczenie
archive (3)/Train/sad/image0015632.jpg,Smutek
archive (3)/Test/fear/image0021070.jpg,Strach
archive (3)/Test/surprise/image0008012.jpg,Zaskoczenie
archive (3)/Train/fear/image0039591.jpg,Strach
archive (3)/Train/anger/image0026001.jpg,Złość
archive (3)/Train/sad/image0029396.jpg,Smutek
archive (3)/Train/surprise/image0031276.jpg,Zaskoczenie
archive (3)/Test/surprise/image0017897.jpg,Zaskoczenie
archive (3)/Test/fear/image0035413.jpg,Strach
archive (3)/Train/sad/image0020304.jpg,Smutek
archive (3)/Test/happy/ffhq_2659.png,Szczęście
archive (3)/Train/surprise/image0033439.jpg,Zaskoczenie
archive (3)/Test/happy/ffhq_231.png,Szczęście
archive (3)/Test/Anger/image0021097.jpg,Złość
archive (3)/Test/Anger/image0012413.jpg,Złość
archive (3)/Test/Anger/image0013205.jpg,Złość
archive (3)/Test/sad/image0017281.jpg,Smutek
archive (3)/Test/happy/ffhq_474.png,Szczęście
archive (3)/Train/sad/image0002436.jpg,Smutek
archive (3)/Test/Anger/image0010849.jpg,Złość
archive (3)/Test/sad/image0021341.jpg,Smutek
archive (3)/Train/happy/ffhq_3041.png,Szczęście
archive (3)/Test/sad/image0005153.jpg,Smutek
archive (3)/Train/sad/image0024616.jpg,Smutek
archive (3)/Train/happy/ffhq_4323.png,Szczęście
archive (3)/Test/happy/ffhq_1696.png,Szczęście
archive (3)/Train/sad/image0015131.jpg,Smutek
archive (3)/Test/fear/image0033872.jpg,Strach
archive (3)/Train/surprise/image0034622.jpg,Zaskoczenie
archive (3)/Train/sad/image0030066.jpg,Smutek
archive (3)/Test/sad/image0016679.jpg,Smutek
archive (3)/Train/sad/image0029357.jpg,Smutek
archive (3)/Test/Anger/image0020729.jpg,Złość
archive (3)/Train/fear/image0037627.jpg,Strach
archive (3)/Test/Anger/image0008771.jpg,Złość
archive (3)/Test/surprise/image0017754.jpg,Zaskoczenie
archive (3)/Test/fear/image0022453.jpg,Strach
archive (3)/Test/sad/image0009638.jpg,Smutek
archive (3)/Train/happy/ffhq_4155.png,Szczęście
archive (3)/Test/happy/ffhq_1064.png,Szczęście
archive (3)/Train/surprise/image0025557.jpg,Zaskoczenie
archive (3)/Train/happy/ffhq_4690.png,Szczęście
archive (3)/Test/surprise/ffhq_409.png,Zaskoczenie
archive (3)/Test/sad/image0017241.jpg,Smutek
archive (3)/Train/anger/image0025804.jpg,Złość
archive (3)/Test/fear/image0033130.jpg,Strach
archive (3)/Train/surprise/image0033229.jpg,Zaskoczenie
archive (3)/Train/happy/ffhq_2725.png,Szczęście
archive (3)/Test/happy/ffhq_2338.png,Szczęście
archive (3)/Test/sad/image0010419.jpg,Smutek
archive (3)/Train/surprise/image0033807.jpg,Zaskoczenie
archive (3)/Test/happy/ffhq_2104.png,Szczęście
archive (3)/Train/surprise/image0028995.jpg,Zaskoczenie
archive (3)/Train/surprise/image0026462.jpg,Zaskoczenie
archive (3)/Test/sad/image0012402.jpg,Smutek
archive (3)/Test/fear/image0029936.jpg,Strach
archive (3)/Train/surprise/image0031085.jpg,Zaskoczenie
archive (3)/Train/happy/ffhq_2800.png,Szczęście
archive (3)/Train/sad/image0003015.jpg,Smutek
archive (3)/Test/sad/image0016864.jpg,Smutek
archive (3)/Train/sad/image0021104.jpg,Smutek
archive (3)/Test/happy/ffhq_1268.png,Szczęście
archive (3)/Test/sad/image0007477.jpg,Smutek
archive (3)/Test/surprise/ffhq_36.png,Zaskoczenie
archive (3)/Test/happy/ffhq_1721.png,Szczęście
archive (3)/Test/Anger/image0002800.jpg,Złość
archive (3)/Train/anger/image0026012.jpg,Złość
archive (3)/Test/surprise/ffhq_620.png,Zaskoczenie
archive (3)/Train/anger/image0023174.jpg,Złość
archive (3)/Train/sad/image0029680.jpg,Smutek
archive (3)/Train/sad/image0014523.jpg,Smutek
archive (3)/Test/happy/ffhq_1322.png,Szczęście
archive (3)/Train/sad/image0020559.jpg,Smutek
archive (3)/Train/happy/ffhq_4722.png,Szczęście
archive (3)/Test/fear/image0007653.jpg,Strach
archive (3)/Train/happy/ffhq_4033.png,Szczęście
archive (3)/Train/sad/image0010561.jpg,Smutek
archive (3)/Test/surprise/image0013898.jpg,Zaskoczenie
archive (3)/Train/surprise/image0033386.jpg,Zaskoczenie
archive (3)/Train/fear/image0036588.jpg,Strach
archive (3)/Train/fear/image0039403.jpg,Strach
archive (3)/Test/happy/ffhq_793.png,Szczęście
archive (3)/Test/happy/ffhq_1680.png,Szczęście
archive (3)/Train/fear/image0038015.jpg,Strach
archive (3)/Train/fear/image0037498.jpg,Strach
archive (3)/Test/happy/ffhq_2688.png,Szczęście
archive (3)/Train/sad/image0015261.jpg,Smutek
archive (3)/Test/happy/ffhq_2220.png,Szczęście
archive (3)/Train/happy/ffhq_2768.png,Szczęście
archive (3)/Test/surprise/image0012219.jpg,Zaskoczenie
archive (3)/Train/anger/image0027580.jpg,Złość
archive (3)/Train/sad/image0015442.jpg,Smutek
archive (3)/Train/surprise/image0033352.jpg,Zaskoczenie
archive (3)/Train/sad/image0026105.jpg,Smutek
archive (3)/Test/surprise/image0009650.jpg,Zaskoczenie
archive (3)/Test/surprise/image0000281.jpg,Zaskoczenie
archive (3)/Test/happy/ffhq_1280.png,Szczęście
archive (3)/Train/sad/image0024156.jpg,Smutek
archive (3)/Test/fear/image0033748.jpg,Strach
archive (3)/Train/fear/image0038184.jpg,Strach
archive (3)/Test/surprise/image0002825.jpg,Zaskoczenie
archive (3)/Train/sad/image0029202.jpg,Smutek
archive (3)/Test/fear/image0035166.jpg,Strach
archive (3)/Test/surprise/ffhq_549.png,Zaskoczenie
archive (3)/Test/sad/image0021005.jpg,Smutek
archive (3)/Train/fear/image0036506.jpg,Strach
archive (3)/Train/happy/ffhq_4794.png,Szczęście
archive (3)/Train/surprise/image0034249.jpg,Zaskoczenie
archive (3)/Train/anger/image0029549.jpg,Złość
archive (3)/Test/happy/ffhq_156.png,Szczęście
archive (3)/Test/surprise/image0014678.jpg,Zaskoczenie
archive (3)/Test/Anger/image0013098.jpg,Złość
archive (3)/Test/happy/ffhq_1971.png,Szczęście
archive (3)/Test/sad/image0017782.jpg,Smutek
archive (3)/Train/sad/image0018415.jpg,Smutek
archive (3)/Train/happy/ffhq_2756.png,Szczęście
archive (3)/Test/surprise/image0018467.jpg,Zaskoczenie
archive (3)/Train/anger/image0027269.jpg,Złość
archive (3)/Train/surprise/image0033230.jpg,Zaskoczenie
archive (3)/Test/Anger/image0017628.jpg,Złość
archive (3)/Test/happy/ffhq_1138.png,Szczęście
archive (3)/Test/Anger/image0017443.jpg,Złość
archive (3)/Test/happy/ffhq_1959.png,Szczęście
archive (3)/Test/surprise/image0020269.jpg,Zaskoczenie
archive (3)/Test/sad/image0003644.jpg,Smutek
archive (3)/Test/surprise/ffhq_316.png,Zaskoczenie
archive (3)/Test/happy/ffhq_440.png,Szczęście
archive (3)/Test/surprise/image0009500.jpg,Zaskoczenie
archive (3)/Train/happy/ffhq_3569.png,Szczęście
archive (3)/Test/surprise/image0010019.jpg,Zaskoczenie
archive (3)/Test/happy/ffhq_313.png,Szczęście
archive (3)/Train/fear/image0037419.jpg,Strach
archive (3)/Test/fear/image0006738.jpg,Strach
archive (3)/Test/happy/ffhq_2132.png,Szczęście
archive (3)/Train/sad/image0005708.jpg,Smutek
archive (3)/Train/sad/image0028990.jpg,Smutek
archive (3)/Train/surprise/image0030726.jpg,Zaskoczenie
archive (3)/Train/fear/image0037761.jpg,Strach
archive (3)/Train/surprise/image0033737.jpg,Zaskoczenie
archive (3)/Train/happy/ffhq_4907.png,Szczęście
archive (3)/Test/Anger/image0017353.jpg,Złość
archive (3)/Train/fear/image0038064.jpg,Strach
archive (3)/Train/surprise/image0034563.jpg,Zaskoczenie
archive (3)/Train/fear/image0040852.jpg,Strach
archive (3)/Train/happy/ffhq_2873.png,Szczęście
archive (3)/Train/happy/ffhq_4278.png,Szczęście
archive (3)/Test/fear/image0033319.jpg,Strach
archive (3)/Test/fear/image0031308.jpg,Strach
archive (3)/Test/surprise/image0017965.jpg,Zaskoczenie
archive (3)/Train/sad/image0002265.jpg,Smutek
archive (3)/Test/sad/image0002821.jpg,Smutek
archive (3)/Train/happy/ffhq_4558.png,Szczęście
archive (3)/Train/anger/image0029716.jpg,Złość
archive (3)/Train/happy/ffhq_4022.png,Szczęście
archive (3)/Test/happy/ffhq_53.png,Szczęście
archive (3)/Train/sad/image0029350.jpg,Smutek
archive (3)/Train/sad/image0020137.jpg,Smutek
archive (3)/Train/surprise/image0028697.jpg,Zaskoczenie
archive (3)/Train/surprise/image0030147.jpg,Zaskoczenie
archive (3)/Test/sad/image0014205.jpg,Smutek
archive (3)/Train/anger/image0027550.jpg,Złość
archive (3)/Train/sad/image0026276.jpg,Smutek
archive (3)/Test/fear/image0010806.jpg,Strach
archive (3)/Test/fear/image0035346.jpg,Strach
archive (3)/Train/surprise/image0031268.jpg,Zaskoczenie
archive (3)/Train/sad/image0022704.jpg,Smutek
archive (3)/Test/surprise/image0017742.jpg,Zaskoczenie
archive (3)/Train/happy/ffhq_4429.png,Szczęście
archive (3)/Test/happy/ffhq_816.png,Szczęście
archive (3)/Test/fear/image0034484.jpg,Strach
archive (3)/Train/happy/ffhq_3646.png,Szczęście
archive (3)/Train/fear/image0038627.jpg,Strach
archive (3)/Test/happy/ffhq_341.png,Szczęście
archive (3)/Test/surprise/image0017465.jpg,Zaskoczenie
archive (3)/Test/sad/image0020317.jpg,Smutek
archive (3)/Test/Anger/image0013462.jpg,Złość
archive (3)/Test/fear/image0020841.jpg,Strach
archive (3)/Train/surprise/image0033197.jpg,Zaskoczenie
archive (3)/Test/surprise/image0011629.jpg,Zaskoczenie
archive (3)/Train/sad/image0003897.jpg,Smutek
archive (3)/Train/surprise/image0034200.jpg,Zaskoczenie
archive (3)/Train/fear/image0040197.jpg,Strach
archive (3)/Train/sad/image0028689.jpg,Smutek
archive (3)/Test/fear/image0031780.jpg,Strach
archive (3)/Test/Anger/image0019792.jpg,Złość
archive (3)/Train/anger/image0028839.jpg,Złość
archive (3)/Train/fear/image0038801.jpg,Strach
archive (3)/Test/sad/image0013796.jpg,Smutek
archive (3)/Test/surprise/image0019951.jpg,Zaskoczenie
archive (3)/Train/sad/image0012836.jpg,Smutek
archive (3)/Train/surprise/image0034106.jpg,Zaskoczenie
archive (3)/Train/sad/image0019092.jpg,Smutek
archive (3)/Test/happy/ffhq_1354.png,Szczęście
archive (3)/Train/surprise/image0028878.jpg,Zaskoczenie
archive (3)/Train/surprise/image0032409.jpg,Zaskoczenie
archive (3)/Test/fear/image0024703.jpg,Strach
archive (3)/Test/fear/image0009867.jpg,Strach
archive (3)/Test/Anger/image0016072.jpg,Złość
archive (3)/Test/Anger/image0006360.jpg,Złość
archive (3)/Train/anger/image0025048.jpg,Złość
archive (3)/Test/Anger/image0018387.jpg,Złość
archive (3)/Train/happy/ffhq_2739.png,Szczęście
archive (3)/Train/happy/ffhq_4612.png,Szczęście
archive (3)/Train/happy/ffhq_3053.png,Szczęście
archive (3)/Train/anger/image0030617.jpg,Złość
archive (3)/Test/surprise/image0015996.jpg,Zaskoczenie
archive (3)/Test/fear/image0029045.jpg,Strach
archive (3)/Test/happy/ffhq_2457.png,Szczęście
archive (3)/Test/surprise/image0014098.jpg,Zaskoczenie
archive (3)/Test/happy/ffhq_1838.png,Szczęście
archive (3)/Test/happy/ffhq_1512.png,Szczęście
archive (3)/Train/happy/ffhq_4958.png,Szczęście
archive (3)/Train/fear/image0037509.jpg,Strach
archive (3)/Test/fear/image0032846.jpg,Strach
archive (3)/Train/happy/ffhq_3243.png,Szczęście
archive (3)/Train/fear/image0039233.jpg,Strach
archive (3)/Test/happy/ffhq_1200.png,Szczęście
archive (3)/Train/happy/ffhq_4489.png,Szczęście
archive (3)/Train/sad/image0017501.jpg,Smutek
archive (3)/Test/fear/image0025178.jpg,Strach
archive (3)/Train/fear/image0036220.jpg,Strach
archive (3)/Train/sad/image0015041.jpg,Smutek
archive (3)/Train/sad/image0027105.jpg,Smutek
archive (3)/Train/sad/image0013919.jpg,Smutek
archive (3)/Test/happy/ffhq_1362.png,Szczęście
archive (3)/Train/surprise/image0033000.jpg,Zaskoczenie
archive (3)/Train/anger/image0027475.jpg,Złość
archive (3)/Train/happy/ffhq_3245.png,Szczęście
archive (3)/Train/happy/ffhq_4012.png,Szczęście
archive (3)/Test/Anger/image0021155.jpg,Złość
archive (3)/Train/anger/image0027295.jpg,Złość
archive (3)/Test/fear/image0020077.jpg,Strach
archive (3)/Test/surprise/image0022703.jpg,Zaskoczenie
archive (3)/Test/fear/image0009938.jpg,Strach
archive (3)/Train/sad/image0018645.jpg,Smutek
archive (3)/Train/fear/image0037762.jpg,Strach
archive (3)/Train/sad/image0009095.jpg,Smutek
archive (3)/Train/happy/ffhq_3957.png,Szczęście
archive (3)/Test/surprise/image0015159.jpg,Zaskoczenie
archive (3)/Test/fear/image0011355.jpg,Strach
archive (3)/Test/surprise/ffhq_283.png,Zaskoczenie
archive (3)/Train/sad/image0007659.jpg,Smutek
archive (3)/Train/fear/image0040608.jpg,Strach
archive (3)/Train/happy/ffhq_4430.png,Szczęście
archive (3)/Train/sad/image0008141.jpg,Smutek
archive (3)/Test/surprise/ffhq_202.png,Zaskoczenie
archive (3)/Test/sad/image0018791.jpg,Smutek
archive (3)/Train/fear/image0040159.jpg,Strach
archive (3)/Train/surprise/image0034537.jpg,Zaskoczenie
archive (3)/Train/happy/ffhq_2797.png,Szczęście
archive (3)/Train/sad/image0014002.jpg,Smutek
archive (3)/Train/fear/image0039503.jpg,Strach
archive (3)/Train/sad/image0028940.jpg,Smutek
archive (3)/Test/happy/ffhq_1560.png,Szczęście
archive (3)/Train/fear/image0037446.jpg,Strach
archive (3)/Train/sad/image0014205.jpg,Smutek
archive (3)/Train/sad/image0027513.jpg,Smutek
archive (3)/Test/happy/ffhq_1614.png,Szczęście
archive (3)/Train/surprise/image0029246.jpg,Zaskoczenie
archive (3)/Test/happy/ffhq_2382.png,Szczęście
archive (3)/Test/Anger/image0007954.jpg,Złość
archive (3)/Train/surprise/image0030026.jpg,Zaskoczenie
archive (3)/Train/fear/image0038739.jpg,Strach
archive (3)/Test/sad/image0020811.jpg,Smutek
archive (3)/Train/surprise/image0026346.jpg,Zaskoczenie
archive (3)/Train/sad/image0027632.jpg,Smutek
archive (3)/Train/happy/ffhq_3655.png,Szczęście
archive (3)/Train/happy/ffhq_4056.png,Szczęście
archive (3)/Train/anger/image0023111.jpg,Złość
archive (3)/Test/sad/image0019960.jpg,Smutek
archive (3)/Test/happy/ffhq_1968.png,Szczęście
archive (3)/Train/sad/image0026123.jpg,Smutek
archive (3)/Test/Anger/image0009575.jpg,Złość
archive (3)/Test/sad/image0020631.jpg,Smutek
archive (3)/Test/fear/image0033902.jpg,Strach
archive (3)/Test/Anger/image0005785.jpg,Złość
archive (3)/Test/Anger/image0013678.jpg,Złość
archive (3)/Test/sad/image0018681.jpg,Smutek
archive (3)/Train/surprise/image0032300.jpg,Zaskoczenie
archive (3)/Test/surprise/ffhq_543.png,Zaskoczenie
archive (3)/Train/surprise/image0033251.jpg,Zaskoczenie
archive (3)/Train/anger/image0027299.jpg,Złość
archive (3)/Train/sad/image0030234.jpg,Smutek
archive (3)/Train/sad/image0007080.jpg,Smutek
archive (3)/Test/sad/image0016362.jpg,Smutek
archive (3)/Train/happy/ffhq_3062.png,Szczęście
archive (3)/Train/anger/image0030746.jpg,Złość
archive (3)/Test/happy/ffhq_1173.png,Szczęście
archive (3)/Train/happy/ffhq_3050.png,Szczęście
archive (3)/Test/surprise/image0008939.jpg,Zaskoczenie
archive (3)/Test/Anger/image0016337.jpg,Złość
archive (3)/Train/surprise/image0028348.jpg,Zaskoczenie
archive (3)/Test/sad/image0021001.jpg,Smutek
archive (3)/Train/anger/image0025924.jpg,Złość
archive (3)/Test/happy/ffhq_2091.png,Szczęście
archive (3)/Train/fear/image0039740.jpg,Strach
archive (3)/Train/happy/ffhq_4124.png,Szczęście
archive (3)/Train/surprise/image0034717.jpg,Zaskoczenie
archive (3)/Test/surprise/ffhq_530.png,Zaskoczenie
archive (3)/Test/fear/image0031965.jpg,Strach
archive (3)/Train/sad/image0028851.jpg,Smutek
archive (3)/Train/surprise/image0024887.jpg,Zaskoczenie
archive (3)/Train/sad/image0026140.jpg,Smutek
archive (3)/Train/sad/image0015981.jpg,Smutek
archive (3)/Train/sad/image0011542.jpg,Smutek
archive (3)/Train/sad/image0027486.jpg,Smutek
archive (3)/Test/surprise/image0023884.jpg,Zaskoczenie
archive (3)/Train/happy/ffhq_3074.png,Szczęście
archive (3)/Test/Anger/image0019316.jpg,Złość
archive (3)/Test/happy/ffhq_1639.png,Szczęście
archive (3)/Test/sad/image0007246.jpg,Smutek
archive (3)/Train/sad/image0023614.jpg,Smutek
archive (3)/Train/fear/image0037314.jpg,Strach
archive (3)/Train/sad/image0014688.jpg,Smutek
archive (3)/Train/sad/image0011342.jpg,Smutek
archive (3)/Train/sad/image0021845.jpg,Smutek
archive (3)/Test/surprise/image0012293.jpg,Zaskoczenie
archive (3)/Train/anger/image0030119.jpg,Złość
archive (3)/Train/sad/image0025999.jpg,Smutek
archive (3)/Train/anger/image0026441.jpg,Złość
archive (3)/Train/sad/image0028676.jpg,Smutek
archive (3)/Test/happy/ffhq_984.png,Szczęście
archive (3)/Train/surprise/image0027470.jpg,Zaskoczenie
archive (3)/Test/Anger/image0005347.jpg,Złość
archive (3)/Test/surprise/image0017310.jpg,Zaskoczenie
archive (3)/Train/happy/ffhq_3713.png,Szczęście
archive (3)/Train/surprise/image0033806.jpg,Zaskoczenie
archive (3)/Test/happy/ffhq_963.png,Szczęście
archive (3)/Train/fear/image0037369.jpg,Strach
archive (3)/Test/Anger/image0002705.jpg,Złość
archive (3)/Train/sad/image0027899.jpg,Smutek
archive (3)/Test/happy/ffhq_2424.png,Szczęście
archive (3)/Train/anger/image0029208.jpg,Złość
archive (3)/Test/sad/image0018340.jpg,Smutek
archive (3)/Test/happy/ffhq_119.png,Szczęście
archive (3)/Test/happy/ffhq_779.png,Szczęście
archive (3)/Test/sad/image0008190.jpg,Smutek
archive (3)/Train/anger/image0029586.jpg,Złość
archive (3)/Test/happy/ffhq_2491.png,Szczęście
archive (3)/Test/happy/ffhq_725.png,Szczęście
archive (3)/Train/sad/image0027171.jpg,Smutek
archive (3)/Train/surprise/image0034004.jpg,Zaskoczenie
archive (3)/Test/fear/image0031012.jpg,Strach
archive (3)/Test/happy/ffhq_587.png,Szczęście
archive (3)/Train/fear/image0040554.jpg,Strach
archive (3)/Train/sad/image0018837.jpg,Smutek
archive (3)/Train/sad/image0012931.jpg,Smutek
archive (3)/Train/happy/ffhq_4882.png,Szczęście
archive (3)/Train/surprise/image0031204.jpg,Zaskoczenie
archive (3)/Train/happy/ffhq_2993.png,Szczęście
archive (3)/Test/happy/ffhq_192.png,Szczęście
archive (3)/Test/happy/ffhq_12.png,Szczęście
archive (3)/Test/fear/image0017395.jpg,Strach
archive (3)/Test/sad/image0005638.jpg,Smutek
archive (3)/Test/sad/image0001275.jpg,Smutek
archive (3)/Train/happy/ffhq_3008.png,Szczęście
archive (3)/Train/anger/image0026875.jpg,Złość
archive (3)/Test/fear/image0033511.jpg,Strach
archive (3)/Train/sad/image0021614.jpg,Smutek
archive (3)/Train/happy/ffhq_4233.png,Szczęście
archive (3)/Train/sad/image0015485.jpg,Smutek
archive (3)/Test/sad/image0000883.jpg,Smutek
archive (3)/Test/sad/image0005121.jpg,Smutek
archive (3)/Test/Anger/image0018844.jpg,Złość
archive (3)/Train/anger/image0027145.jpg,Złość
archive (3)/Test/surprise/ffhq_237.png,Zaskoczenie
archive (3)/Train/happy/ffhq_3080.png,Szczęście
archive (3)/Train/sad/image0018925.jpg,Smutek
archive (3)/Train/surprise/image0027530.jpg,Zaskoczenie
archive (3)/Train/anger/image0029754.jpg,Złość
archive (3)/Train/fear/image0040273.jpg,Strach
archive (3)/Train/surprise/image0029606.jpg,Zaskoczenie
archive (3)/Train/happy/ffhq_3296.png,Szczęście
archive (3)/Train/surprise/image0031814.jpg,Zaskoczenie
archive (3)/Test/fear/image0035124.jpg,Strach
archive (3)/Train/surprise/image0034487.jpg,Zaskoczenie
archive (3)/Train/happy/ffhq_4448.png,Szczęście
archive (3)/Test/happy/ffhq_554.png,Szczęście
archive (3)/Train/sad/image0023637.jpg,Smutek
archive (3)/Test/happy/ffhq_368.png,Szczęście
archive (3)/Test/Anger/image0012365.jpg,Złość
archive (3)/Test/happy/ffhq_2588.png,Szczęście
archive (3)/Train/fear/image0037671.jpg,Strach
archive (3)/Train/happy/ffhq_4529.png,Szczęście
archive (3)/Test/happy/ffhq_1425.png,Szczęście
archive (3)/Test/happy/ffhq_775.png,Szczęście
archive (3)/Train/sad/image0011335.jpg,Smutek
archive (3)/Test/happy/ffhq_2280.png,Szczęście
archive (3)/Train/happy/ffhq_3874.png,Szczęście
archive (3)/Test/Anger/image0021061.jpg,Złość
archive (3)/Test/fear/image0034969.jpg,Strach
archive (3)/Test/surprise/ffhq_60.png,Zaskoczenie
archive (3)/Train/surprise/image0031584.jpg,Zaskoczenie
archive (3)/Test/sad/image0006736.jpg,Smutek
archive (3)/Train/anger/image0028071.jpg,Złość
archive (3)/Test/fear/image0025977.jpg,Strach
archive (3)/Train/sad/image0000382.jpg,Smutek
archive (3)/Train/sad/image0029204.jpg,Smutek
archive (3)/Train/fear/image0037224.jpg,Strach
archive (3)/Train/sad/image0026292.jpg,Smutek
archive (3)/Train/sad/image0025697.jpg,Smutek
archive (3)/Train/happy/ffhq_3400.png,Szczęście
archive (3)/Train/happy/image0030983.jpg,Szczęście
archive (3)/Test/Anger/image0019686.jpg,Złość
archive (3)/Train/happy/ffhq_4993.png,Szczęście
archive (3)/Train/surprise/image0032676.jpg,Zaskoczenie
archive (3)/Train/sad/image0008137.jpg,Smutek
archive (3)/Test/Anger/image0015577.jpg,Złość
archive (3)/Train/sad/image0011273.jpg,Smutek
archive (3)/Test/Anger/image0012314.jpg,Złość
archive (3)/Test/happy/ffhq_44.png,Szczęście
archive (3)/Test/fear/image0028634.jpg,Strach
archive (3)/Train/sad/image0005075.jpg,Smutek
archive (3)/Train/sad/image0025512.jpg,Smutek
archive (3)/Train/sad/image0025469.jpg,Smutek
archive (3)/Train/happy/ffhq_3999.png,Szczęście
archive (3)/Train/sad/image0019235.jpg,Smutek
archive (3)/Train/sad/image0028866.jpg,Smutek
archive (3)/Train/surprise/image0027915.jpg,Zaskoczenie
archive (3)/Test/Anger/image0021196.jpg,Złość
archive (3)/Test/Anger/image0014354.jpg,Złość
archive (3)/Train/sad/image0027309.jpg,Smutek
archive (3)/Test/Anger/image0019125.jpg,Złość
archive (3)/Test/happy/ffhq_1733.png,Szczęście
archive (3)/Train/surprise/image0034521.jpg,Zaskoczenie
archive (3)/Test/happy/ffhq_111.png,Szczęście
archive (3)/Train/anger/image0029379.jpg,Złość
archive (3)/Train/surprise/image0027586.jpg,Zaskoczenie
archive (3)/Train/anger/image0029317.jpg,Złość
archive (3)/Train/surprise/image0030611.jpg,Zaskoczenie
archive (3)/Train/fear/image0037534.jpg,Strach
archive (3)/Train/sad/image0025441.jpg,Smutek
archive (3)/Train/happy/ffhq_3239.png,Szczęście
archive (3)/Test/surprise/image0004182.jpg,Zaskoczenie
archive (3)/Test/Anger/image0019143.jpg,Złość
archive (3)/Train/anger/image0029267.jpg,Złość
archive (3)/Test/sad/image0009625.jpg,Smutek
archive (3)/Test/Anger/image0019165.jpg,Złość
archive (3)/Train/happy/ffhq_4762.png,Szczęście
archive (3)/Test/surprise/ffhq_281.png,Zaskoczenie
archive (3)/Train/sad/image0017609.jpg,Smutek
archive (3)/Test/happy/ffhq_2452.png,Szczęście
archive (3)/Test/happy/ffhq_2310.png,Szczęście
archive (3)/Test/fear/image0006558.jpg,Strach
archive (3)/Train/sad/image0022554.jpg,Smutek
archive (3)/Train/anger/image0025506.jpg,Złość
archive (3)/Train/fear/image0037872.jpg,Strach
archive (3)/Test/happy/ffhq_1270.png,Szczęście
archive (3)/Test/Anger/image0013349.jpg,Złość
archive (3)/Train/sad/image0027441.jpg,Smutek
archive (3)/Test/surprise/image0022995.jpg,Zaskoczenie
archive (3)/Test/sad/image0011798.jpg,Smutek
archive (3)/Test/happy/ffhq_1186.png,Szczęście
archive (3)/Test/fear/image0033842.jpg,Strach
archive (3)/Test/sad/image0019589.jpg,Smutek
archive (3)/Test/happy/ffhq_2018.png,Szczęście
archive (3)/Test/surprise/ffhq_572.png,Zaskoczenie
archive (3)/Train/happy/ffhq_4382.png,Szczęście
archive (3)/Train/sad/image0006556.jpg,Smutek
archive (3)/Test/fear/image0000815.jpg,Strach
archive (3)/Train/anger/image0027121.jpg,Złość
archive (3)/Test/Anger/image0020437.jpg,Złość
archive (3)/Train/surprise/image0033100.jpg,Zaskoczenie
archive (3)/Train/anger/image0030283.jpg,Złość
archive (3)/Train/sad/image0030174.jpg,Smutek
archive (3)/Train/surprise/image0032004.jpg,Zaskoczenie
archive (3)/Train/sad/image0026626.jpg,Smutek
archive (3)/Test/happy/ffhq_646.png,Szczęście
archive (3)/Train/sad/image0011326.jpg,Smutek
archive (3)/Train/surprise/image0027056.jpg,Zaskoczenie
archive (3)/Test/fear/image0032733.jpg,Strach
archive (3)/Train/happy/ffhq_4017.png,Szczęście
archive (3)/Train/sad/image0030096.jpg,Smutek
archive (3)/Test/Anger/image0011877.jpg,Złość
archive (3)/Train/fear/image0037127.jpg,Strach
archive (3)/Train/anger/image0027218.jpg,Złość
archive (3)/Test/Anger/image0015137.jpg,Złość
archive (3)/Train/fear/image0036094.jpg,Strach
archive (3)/Test/fear/image0034454.jpg,Strach
archive (3)/Test/fear/image0033393.jpg,Strach
archive (3)/Test/Anger/image0010737.jpg,Złość
archive (3)/Train/anger/image0024941.jpg,Złość
archive (3)/Train/anger/image0029761.jpg,Złość
archive (3)/Test/sad/image0019807.jpg,Smutek
archive (3)/Test/sad/image0014287.jpg,Smutek
archive (3)/Train/anger/image0027670.jpg,Złość
archive (3)/Test/happy/ffhq_888.png,Szczęście
archive (3)/Test/surprise/ffhq_22.png,Zaskoczenie
archive (3)/Train/happy/ffhq_4631.png,Szczęście
archive (3)/Test/happy/ffhq_821.png,Szczęście
archive (3)/Test/Anger/image0018323.jpg,Złość
archive (3)/Train/sad/image0021349.jpg,Smutek
archive (3)/Train/anger/image0026102.jpg,Złość
archive (3)/Train/happy/ffhq_3861.png,Szczęście
archive (3)/Test/surprise/image0014966.jpg,Zaskoczenie
archive (3)/Train/happy/ffhq_3606.png,Szczęście
archive (3)/Test/sad/image0013443.jpg,Smutek
archive (3)/Test/happy/ffhq_1933.png,Szczęście
archive (3)/Test/happy/ffhq_2223.png,Szczęście
archive (3)/Test/sad/image0018876.jpg,Smutek
archive (3)/Train/anger/image0030053.jpg,Złość
archive (3)/Test/surprise/image0018329.jpg,Zaskoczenie
archive (3)/Test/happy/ffhq_1227.png,Szczęście
archive (3)/Test/happy/ffhq_2463.png,Szczęście
archive (3)/Train/happy/ffhq_3932.png,Szczęście
archive (3)/Train/sad/image0018876.jpg,Smutek
archive (3)/Train/sad/image0023655.jpg,Smutek
archive (3)/Train/surprise/image0032211.jpg,Zaskoczenie
archive (3)/Train/fear/image0036375.jpg,Strach
archive (3)/Train/happy/ffhq_3673.png,Szczęście
archive (3)/Train/happy/ffhq_3048.png,Szczęście
archive (3)/Test/fear/image0028450.jpg,Strach
archive (3)/Train/happy/ffhq_3930.png,Szczęście
archive (3)/Train/sad/image0000372.jpg,Smutek
archive (3)/Train/happy/ffhq_4704.png,Szczęście
archive (3)/Test/surprise/image0006234.jpg,Zaskoczenie
archive (3)/Train/happy/ffhq_4107.png,Szczęście
archive (3)/Train/fear/image0036988.jpg,Strach
archive (3)/Train/surprise/image0034961.jpg,Zaskoczenie
archive (3)/Test/sad/image0017701.jpg,Smutek
archive (3)/Test/sad/image0016524.jpg,Smutek
archive (3)/Train/sad/image0019749.jpg,Smutek
archive (3)/Test/happy/ffhq_2686.png,Szczęście
archive (3)/Train/sad/image0006963.jpg,Smutek
archive (3)/Test/Anger/image0002506.jpg,Złość
archive (3)/Test/happy/ffhq_2656.png,Szczęście
archive (3)/Test/Anger/image0018339.jpg,Złość
archive (3)/Train/happy/ffhq_4635.png,Szczęście
archive (3)/Test/surprise/ffhq_396.png,Zaskoczenie
archive (3)/Test/fear/image0005882.jpg,Strach
archive (3)/Train/anger/image0028095.jpg,Złość
archive (3)/Train/anger/image0025184.jpg,Złość
archive (3)/Train/surprise/image0030794.jpg,Zaskoczenie
archive (3)/Test/happy/ffhq_1538.png,Szczęście
archive (3)/Test/Anger/image0018927.jpg,Złość
archive (3)/Train/surprise/image0026724.jpg,Zaskoczenie
archive (3)/Train/sad/image0017734.jpg,Smutek
archive (3)/Test/fear/image0034169.jpg,Strach
archive (3)/Train/happy/ffhq_3353.png,Szczęście
archive (3)/Train/sad/image0020522.jpg,Smutek
archive (3)/Train/happy/ffhq_3959.png,Szczęście
archive (3)/Train/fear/image0040516.jpg,Strach
archive (3)/Train/surprise/image0034966.jpg,Zaskoczenie
archive (3)/Train/surprise/image0034792.jpg,Zaskoczenie
archive (3)/Test/fear/image0033535.jpg,Strach
archive (3)/Train/anger/image0030536.jpg,Złość
archive (3)/Train/anger/image0023875.jpg,Złość
archive (3)/Train/fear/image0040412.jpg,Strach
archive (3)/Test/fear/image0017697.jpg,Strach
archive (3)/Test/happy/ffhq_1387.png,Szczęście
archive (3)/Test/surprise/image0022414.jpg,Zaskoczenie
archive (3)/Train/anger/image0026764.jpg,Złość
archive (3)/Test/Anger/image0020730.jpg,Złość
archive (3)/Train/anger/image0022847.jpg,Złość
archive (3)/Test/sad/image0002843.jpg,Smutek
archive (3)/Train/sad/image0027558.jpg,Smutek
archive (3)/Test/sad/image0008137.jpg,Smutek
archive (3)/Test/fear/image0031156.jpg,Strach
archive (3)/Test/happy/ffhq_184.png,Szczęście
archive (3)/Train/surprise/image0033062.jpg,Zaskoczenie
archive (3)/Train/surprise/image0032353.jpg,Zaskoczenie
archive (3)/Train/sad/image0029760.jpg,Smutek
archive (3)/Train/fear/image0039125.jpg,Strach
archive (3)/Test/happy/ffhq_2144.png,Szczęście
archive (3)/Train/surprise/image0032426.jpg,Zaskoczenie
archive (3)/Train/happy/ffhq_2876.png,Szczęście
archive (3)/Test/happy/ffhq_99.png,Szczęście
archive (3)/Test/fear/image0035048.jpg,Strach
archive (3)/Test/happy/ffhq_636.png,Szczęście
archive (3)/Test/surprise/image0006388.jpg,Zaskoczenie
archive (3)/Train/happy/ffhq_3463.png,Szczęście
archive (3)/Train/surprise/image0029248.jpg,Zaskoczenie
archive (3)/Train/fear/image0036129.jpg,Strach
archive (3)/Test/Anger/image0021825.jpg,Złość
archive (3)/Train/fear/image0039216.jpg,Strach
archive (3)/Train/happy/ffhq_3941.png,Szczęście
archive (3)/Train/surprise/image0030935.jpg,Zaskoczenie
archive (3)/Test/fear/image0027205.jpg,Strach
archive (3)/Train/fear/image0038962.jpg,Strach
archive (3)/Test/happy/ffhq_1960.png,Szczęście
archive (3)/Test/fear/image0034955.jpg,Strach
archive (3)/Train/anger/image0025009.jpg,Złość
archive (3)/Train/anger/image0028026.jpg,Złość
archive (3)/Train/sad/image0018292.jpg,Smutek
archive (3)/Test/happy/ffhq_698.png,Szczęście
archive (3)/Test/Anger/image0019043.jpg,Złość
archive (3)/Test/Anger/image0015399.jpg,Złość
archive (3)/Train/happy/ffhq_3354.png,Szczęście
archive (3)/Test/sad/image0014473.jpg,Smutek
archive (3)/Train/sad/image0028699.jpg,Smutek
archive (3)/Test/Anger/image0017939.jpg,Złość
archive (3)/Test/fear/image0019630.jpg,Strach
archive (3)/Train/fear/image0036009.jpg,Strach
archive (3)/Test/Anger/image0019661.jpg,Złość
archive (3)/Test/fear/image0029272.jpg,Strach
archive (3)/Train/fear/image0038095.jpg,Strach
archive (3)/Test/surprise/ffhq_297.png,Zaskoczenie
archive (3)/Test/surprise/image0003636.jpg,Zaskoczenie
archive (3)/Test/happy/ffhq_679.png,Szczęście
archive (3)/Test/surprise/image0014141.jpg,Zaskoczenie
archive (3)/Train/sad/image0025969.jpg,Smutek
archive (3)/Train/anger/image0026143.jpg,Złość
archive (3)/Train/sad/image0017852.jpg,Smutek
archive (3)/Train/fear/image0040339.jpg,Strach
archive (3)/Test/Anger/image0003876.jpg,Złość
archive (3)/Test/surprise/ffhq_454.png,Zaskoczenie
archive (3)/Train/happy/ffhq_4563.png,Szczęście
archive (3)/Test/happy/ffhq_2186.png,Szczęście
archive (3)/Test/happy/ffhq_544.png,Szczęście
archive (3)/Test/surprise/image0022229.jpg,Zaskoczenie
archive (3)/Test/fear/image0005359.jpg,Strach
archive (3)/Train/happy/ffhq_4400.png,Szczęście
archive (3)/Train/surprise/image0029823.jpg,Zaskoczenie
archive (3)/Test/fear/image0000285.jpg,Strach
archive (3)/Train/surprise/image0032989.jpg,Zaskoczenie
archive (3)/Test/surprise/ffhq_87.png,Zaskoczenie
archive (3)/Test/fear/image0006953.jpg,Strach
archive (3)/Train/anger/image0026560.jpg,Złość
archive (3)/Test/happy/ffhq_1177.png,Szczęście
archive (3)/Train/fear/image0040162.jpg,Strach
archive (3)/Test/happy/ffhq_2514.png,Szczęście
archive (3)/Test/fear/image0024076.jpg,Strach
archive (3)/Train/anger/image0025440.jpg,Złość
archive (3)/Train/sad/image0001187.jpg,Smutek
archive (3)/Train/fear/image0035993.jpg,Strach
archive (3)/Train/happy/ffhq_2940.png,Szczęście
archive (3)/Train/fear/image0039163.jpg,Strach
archive (3)/Train/sad/image0024994.jpg,Smutek
archive (3)/Test/Anger/image0011274.jpg,Złość
archive (3)/Train/sad/image0023869.jpg,Smutek
archive (3)/Test/fear/image0023905.jpg,Strach
archive (3)/Test/surprise/image0005240.jpg,Zaskoczenie
archive (3)/Train/surprise/image0033475.jpg,Zaskoczenie
archive (3)/Train/fear/image0040074.jpg,Strach
archive (3)/Test/happy/ffhq_1930.png,Szczęście
archive (3)/Train/sad/image0030343.jpg,Smutek
archive (3)/Test/Anger/image0015935.jpg,Złość
archive (3)/Train/anger/image0028961.jpg,Złość
archive (3)/Test/fear/image0035397.jpg,Strach
archive (3)/Train/anger/image0026112.jpg,Złość
archive (3)/Train/anger/image0027464.jpg,Złość
archive (3)/Train/surprise/image0026423.jpg,Zaskoczenie
archive (3)/Test/surprise/image0017467.jpg,Zaskoczenie
archive (3)/Test/surprise/image0016052.jpg,Zaskoczenie
archive (3)/Train/sad/image0029310.jpg,Smutek
archive (3)/Train/sad/image0023027.jpg,Smutek
archive (3)/Test/surprise/ffhq_213.png,Zaskoczenie
archive (3)/Test/happy/ffhq_1589.png,Szczęście
archive (3)/Test/sad/image0014752.jpg,Smutek
archive (3)/Train/happy/ffhq_2963.png,Szczęście
archive (3)/Train/happy/ffhq_3479.png,Szczęście
archive (3)/Test/happy/ffhq_2461.png,Szczęście
archive (3)/Test/fear/image0031720.jpg,Strach
archive (3)/Test/happy/ffhq_1977.png,Szczęście
archive (3)/Test/happy/ffhq_663.png,Szczęście
archive (3)/Train/sad/image0020580.jpg,Smutek
archive (3)/Test/happy/ffhq_2675.png,Szczęście
archive (3)/Test/Anger/image0002725.jpg,Złość
archive (3)/Train/anger/image0024567.jpg,Złość
archive (3)/Train/fear/image0040895.jpg,Strach
archive (3)/Test/fear/image0033049.jpg,Strach
archive (3)/Train/fear/image0039025.jpg,Strach
archive (3)/Train/happy/ffhq_4298.png,Szczęście
archive (3)/Train/sad/image0018468.jpg,Smutek
archive (3)/Test/fear/image0019157.jpg,Strach
archive (3)/Train/happy/ffhq_4856.png,Szczęście
archive (3)/Train/sad/image0025397.jpg,Smutek
archive (3)/Train/happy/ffhq_3127.png,Szczęście
archive (3)/Train/anger/image0025347.jpg,Złość
archive (3)/Train/sad/image0003149.jpg,Smutek
archive (3)/Train/sad/image0023281.jpg,Smutek
archive (3)/Train/surprise/image0032716.jpg,Zaskoczenie
archive (3)/Test/fear/image0034190.jpg,Strach
archive (3)/Test/surprise/image0004556.jpg,Zaskoczenie
archive (3)/Test/surprise/ffhq_18.png,Zaskoczenie
archive (3)/Test/sad/image0018911.jpg,Smutek
archive (3)/Train/sad/image0001602.jpg,Smutek
archive (3)/Train/surprise/image0031390.jpg,Zaskoczenie
archive (3)/Test/sad/image0018057.jpg,Smutek
archive (3)/Train/happy/ffhq_4066.png,Szczęście
archive (3)/Test/surprise/image0008455.jpg,Zaskoczenie
archive (3)/Train/surprise/image0031456.jpg,Zaskoczenie
archive (3)/Test/happy/ffhq_1985.png,Szczęście
archive (3)/Train/surprise/image0034386.jpg,Zaskoczenie
archive (3)/Test/Anger/image0014100.jpg,Złość
archive (3)/Test/surprise/image0005179.jpg,Zaskoczenie
archive (3)/Train/sad/image0023099.jpg,Smutek
archive (3)/Test/Anger/image0007332.jpg,Złość
archive (3)/Test/fear/image0033309.jpg,Strach
archive (3)/Train/happy/ffhq_3987.png,Szczęście
archive (3)/Train/anger/image0030570.jpg,Złość
archive (3)/Train/sad/image0009010.jpg,Smutek
archive (3)/Train/happy/ffhq_3629.png,Szczęście
archive (3)/Test/Anger/image0017818.jpg,Złość
archive (3)/Test/Anger/image0017894.jpg,Złość
archive (3)/Train/surprise/image0027324.jpg,Zaskoczenie
archive (3)/Train/surprise/image0024315.jpg,Zaskoczenie
archive (3)/Test/surprise/image0005320.jpg,Zaskoczenie
archive (3)/Train/happy/ffhq_2830.png,Szczęście
archive (3)/Train/surprise/image0024985.jpg,Zaskoczenie
archive (3)/Train/sad/image0028388.jpg,Smutek
archive (3)/Test/fear/image0018421.jpg,Strach
archive (3)/Train/sad/image0015430.jpg,Smutek
archive (3)/Test/fear/image0029500.jpg,Strach
archive (3)/Test/Anger/image0005102.jpg,Złość
archive (3)/Test/Anger/image0003351.jpg,Złość
archive (3)/Test/fear/image0026753.jpg,Strach
archive (3)/Train/fear/image0038077.jpg,Strach
archive (3)/Test/surprise/ffhq_28.png,Zaskoczenie
archive (3)/Train/anger/image0023228.jpg,Złość
archive (3)/Test/fear/image0007523.jpg,Strach
archive (3)/Train/happy/ffhq_4113.png,Szczęście
archive (3)/Test/Anger/image0018905.jpg,Złość
archive (3)/Train/sad/image0004533.jpg,Smutek
archive (3)/Test/surprise/image0013018.jpg,Zaskoczenie
archive (3)/Train/sad/image0023675.jpg,Smutek
archive (3)/Test/happy/ffhq_2694.png,Szczęście
archive (3)/Test/Anger/image0021383.jpg,Złość
archive (3)/Train/anger/image0030197.jpg,Złość
archive (3)/Test/fear/image0035057.jpg,Strach
archive (3)/Test/surprise/image0004811.jpg,Zaskoczenie
archive (3)/Train/surprise/image0034257.jpg,Zaskoczenie
archive (3)/Train/sad/image0027570.jpg,Smutek
archive (3)/Test/fear/image0027059.jpg,Strach
archive (3)/Train/sad/image0029731.jpg,Smutek
archive (3)/Test/surprise/image0017285.jpg,Zaskoczenie
archive (3)/Train/fear/image0038149.jpg,Strach
archive (3)/Test/fear/image0033781.jpg,Strach
archive (3)/Test/happy/ffhq_1139.png,Szczęście
archive (3)/Test/sad/image0008236.jpg,Smutek
archive (3)/Test/fear/image0002352.jpg,Strach
archive (3)/Test/happy/ffhq_704.png,Szczęście
archive (3)/Test/happy/ffhq_686.png,Szczęście
archive (3)/Test/Anger/image0019505.jpg,Złość
archive (3)/Test/sad/image0000768.jpg,Smutek
archive (3)/Train/happy/ffhq_2947.png,Szczęście
archive (3)/Test/surprise/image0019245.jpg,Zaskoczenie
archive (3)/Train/fear/image0036868.jpg,Strach
archive (3)/Test/happy/ffhq_1184.png,Szczęście
archive (3)/Train/anger/image0021869.jpg,Złość
archive (3)/Test/surprise/image0023505.jpg,Zaskoczenie
archive (3)/Test/happy/ffhq_299.png,Szczęście
archive (3)/Test/surprise/image0020136.jpg,Zaskoczenie
archive (3)/Test/sad/image0020871.jpg,Smutek
archive (3)/Test/happy/ffhq_909.png,Szczęście
archive (3)/Train/surprise/image0028912.jpg,Zaskoczenie
archive (3)/Test/Anger/image0005319.jpg,Złość
archive (3)/Test/fear/image0030315.jpg,Strach
archive (3)/Test/happy/ffhq_2456.png,Szczęście
archive (3)/Train/sad/image0018597.jpg,Smutek
archive (3)/Train/fear/image0037559.jpg,Strach
archive (3)/Test/happy/ffhq_2549.png,Szczęście
archive (3)/Test/happy/ffhq_1857.png,Szczęście
archive (3)/Train/sad/image0010172.jpg,Smutek
archive (3)/Train/sad/image0027137.jpg,Smutek
archive (3)/Test/happy/ffhq_2133.png,Szczęście
archive (3)/Train/surprise/image0034217.jpg,Zaskoczenie
archive (3)/Test/Anger/image0001086.jpg,Złość
archive (3)/Test/surprise/image0019663.jpg,Zaskoczenie
archive (3)/Train/sad/image0026931.jpg,Smutek
archive (3)/Train/surprise/image0031305.jpg,Zaskoczenie
archive (3)/Train/happy/ffhq_4353.png,Szczęście
archive (3)/Train/sad/image0022348.jpg,Smutek
archive (3)/Test/happy/ffhq_1345.png,Szczęście
archive (3)/Test/surprise/ffhq_403.png,Zaskoczenie
archive (3)/Test/fear/image0007402.jpg,Strach
archive (3)/Train/surprise/image0033323.jpg,Zaskoczenie
archive (3)/Test/sad/image0012997.jpg,Smutek
archive (3)/Train/happy/ffhq_3679.png,Szczęście
archive (3)/Test/sad/image0019149.jpg,Smutek
archive (3)/Train/happy/ffhq_4666.png,Szczęście
archive (3)/Train/sad/image0017733.jpg,Smutek
archive (3)/Train/sad/image0026110.jpg,Smutek
archive (3)/Test/happy/ffhq_924.png,Szczęście
archive (3)/Train/surprise/image0031282.jpg,Zaskoczenie
archive (3)/Test/happy/ffhq_1946.png,Szczęście
archive (3)/Test/Anger/image0002378.jpg,Złość
archive (3)/Test/sad/image0020392.jpg,Smutek
archive (3)/Test/surprise/image0013710.jpg,Zaskoczenie
archive (3)/Train/surprise/image0026756.jpg,Zaskoczenie
archive (3)/Train/happy/ffhq_3582.png,Szczęście
archive (3)/Train/happy/ffhq_3484.png,Szczęście
archive (3)/Train/surprise/image0031167.jpg,Zaskoczenie
archive (3)/Test/happy/ffhq_672.png,Szczęście
archive (3)/Train/sad/image0019608.jpg,Smutek
archive (3)/Test/Anger/image0019838.jpg,Złość
archive (3)/Train/surprise/image0024170.jpg,Zaskoczenie
archive (3)/Train/fear/image0039730.jpg,Strach
archive (3)/Test/surprise/image0007839.jpg,Zaskoczenie
archive (3)/Test/happy/ffhq_1067.png,Szczęście
archive (3)/Test/happy/ffhq_443.png,Szczęście
archive (3)/Train/happy/ffhq_4836.png,Szczęście
archive (3)/Test/sad/image0019285.jpg,Smutek
archive (3)/Train/happy/ffhq_3958.png,Szczęście
archive (3)/Test/surprise/image0014502.jpg,Zaskoczenie
archive (3)/Train/fear/image0040598.jpg,Strach
archive (3)/Test/sad/image0006795.jpg,Smutek
archive (3)/Train/sad/image0014370.jpg,Smutek
archive (3)/Test/sad/image0004490.jpg,Smutek
archive (3)/Test/fear/image0031395.jpg,Strach
archive (3)/Test/Anger/image0017745.jpg,Złość
archive (3)/Train/surprise/image0034696.jpg,Zaskoczenie
archive (3)/Test/Anger/image0017949.jpg,Złość
archive (3)/Test/happy/ffhq_2202.png,Szczęście
archive (3)/Test/surprise/ffhq_390.png,Zaskoczenie
archive (3)/Test/happy/ffhq_800.png,Szczęście
archive (3)/Test/happy/ffhq_1781.png,Szczęście
archive (3)/Train/sad/image0002450.jpg,Smutek
archive (3)/Test/Anger/image0008156.jpg,Złość
archive (3)/Train/happy/ffhq_3492.png,Szczęście
archive (3)/Train/surprise/image0031333.jpg,Zaskoczenie
archive (3)/Test/fear/image0031007.jpg,Strach
archive (3)/Test/fear/image0035406.jpg,Strach
archive (3)/Train/anger/image0021977.jpg,Złość
archive (3)/Train/anger/image0026643.jpg,Złość
archive (3)/Train/surprise/image0034722.jpg,Zaskoczenie
archive (3)/Test/sad/image0002304.jpg,Smutek
archive (3)/Test/fear/image0031406.jpg,Strach
archive (3)/Test/surprise/image0021691.jpg,Zaskoczenie
archive (3)/Train/happy/ffhq_3585.png,Szczęście
archive (3)/Train/sad/image0003884.jpg,Smutek
archive (3)/Train/sad/image0029329.jpg,Smutek
archive (3)/Train/anger/image0026124.jpg,Złość
archive (3)/Train/happy/ffhq_3056.png,Szczęście
archive (3)/Train/fear/image0036390.jpg,Strach
archive (3)/Train/anger/image0026681.jpg,Złość
archive (3)/Train/sad/image0026319.jpg,Smutek
archive (3)/Train/surprise/image0032040.jpg,Zaskoczenie
archive (3)/Test/Anger/image0017662.jpg,Złość
archive (3)/Train/sad/image0018548.jpg,Smutek
archive (3)/Test/happy/ffhq_426.png,Szczęście
archive (3)/Test/Anger/image0015557.jpg,Złość
archive (3)/Train/sad/image0029238.jpg,Smutek
archive (3)/Test/fear/image0033682.jpg,Strach
archive (3)/Train/surprise/image0031764.jpg,Zaskoczenie
archive (3)/Train/surprise/image0032863.jpg,Zaskoczenie
archive (3)/Train/happy/ffhq_4329.png,Szczęście
archive (3)/Test/surprise/image0023579.jpg,Zaskoczenie
archive (3)/Test/surprise/ffhq_343.png,Zaskoczenie
archive (3)/Train/fear/image0038373.jpg,Strach
archive (3)/Test/fear/image0035458.jpg,Strach
archive (3)/Test/sad/image0015648.jpg,Smutek
archive (3)/Test/sad/image0016803.jpg,Smutek
archive (3)/Test/happy/ffhq_2001.png,Szczęście
archive (3)/Test/Anger/image0005304.jpg,Złość
archive (3)/Train/happy/ffhq_4167.png,Szczęście
archive (3)/Train/sad/image0030133.jpg,Smutek
archive (3)/Train/surprise/image0024487.jpg,Zaskoczenie
archive (3)/Train/anger/image0025052.jpg,Złość
archive (3)/Train/sad/image0023752.jpg,Smutek
archive (3)/Train/anger/image0027662.jpg,Złość
archive (3)/Train/surprise/image0032714.jpg,Zaskoczenie
archive (3)/Test/happy/ffhq_1983.png,Szczęście
archive (3)/Train/anger/image0029411.jpg,Złość
archive (3)/Test/sad/image0021185.jpg,Smutek
archive (3)/Train/anger/image0023160.jpg,Złość
archive (3)/Train/surprise/image0033865.jpg,Zaskoczenie
archive (3)/Train/surprise/image0033891.jpg,Zaskoczenie
archive (3)/Test/sad/image0014691.jpg,Smutek
archive (3)/Test/happy/ffhq_1267.png,Szczęście
archive (3)/Train/sad/image0027807.jpg,Smutek
archive (3)/Test/Anger/image0002429.jpg,Złość
archive (3)/Test/surprise/image0020430.jpg,Zaskoczenie
archive (3)/Train/sad/image0000028.jpg,Smutek
archive (3)/Test/fear/image0020093.jpg,Strach
archive (3)/Train/sad/image0005113.jpg,Smutek
archive (3)/Train/sad/image0025536.jpg,Smutek
archive (3)/Train/anger/image0027717.jpg,Złość
archive (3)/Train/sad/image0015124.jpg,Smutek
archive (3)/Train/fear/image0036293.jpg,Strach
archive (3)/Train/surprise/image0031769.jpg,Zaskoczenie
archive (3)/Test/happy/ffhq_941.png,Szczęście
archive (3)/Test/fear/image0033675.jpg,Strach
archive (3)/Test/fear/image0031239.jpg,Strach
archive (3)/Test/surprise/image0012410.jpg,Zaskoczenie
archive (3)/Test/surprise/image0000440.jpg,Zaskoczenie
archive (3)/Train/fear/image0037920.jpg,Strach
archive (3)/Test/happy/ffhq_2696.png,Szczęście
archive (3)/Test/happy/ffhq_212.png,Szczęście
archive (3)/Train/fear/image0038203.jpg,Strach
archive (3)/Test/happy/ffhq_718.png,Szczęście
archive (3)/Test/happy/ffhq_1859.png,Szczęście
archive (3)/Train/fear/image0039747.jpg,Strach
archive (3)/Train/anger/image0030581.jpg,Złość
archive (3)/Test/happy/ffhq_319.png,Szczęście
archive (3)/Train/surprise/image0033339.jpg,Zaskoczenie
archive (3)/Test/fear/image0025329.jpg,Strach
archive (3)/Test/Anger/image0019066.jpg,Złość
archive (3)/Test/happy/ffhq_1892.png,Szczęście
archive (3)/Train/sad/image0017782.jpg,Smutek
archive (3)/Test/surprise/ffhq_417.png,Zaskoczenie
archive (3)/Train/fear/image0040838.jpg,Strach
archive (3)/Train/happy/ffhq_3009.png,Szczęście
archive (3)/Test/Anger/image0003393.jpg,Złość
archive (3)/Train/fear/image0035634.jpg,Strach
archive (3)/Train/sad/image0013984.jpg,Smutek
archive (3)/Test/sad/image0019586.jpg,Smutek
archive (3)/Test/Anger/image0017344.jpg,Złość
archive (3)/Train/happy/ffhq_3197.png,Szczęście
archive (3)/Test/fear/image0029662.jpg,Strach
archive (3)/Train/happy/ffhq_4672.png,Szczęście
archive (3)/Train/sad/image0027838.jpg,Smutek
archive (3)/Train/anger/image0024385.jpg,Złość
archive (3)/Train/anger/image0023644.jpg,Złość
archive (3)/Test/sad/image0000027.jpg,Smutek
archive (3)/Test/fear/image0029129.jpg,Strach
archive (3)/Train/sad/image0026339.jpg,Smutek
archive (3)/Train/surprise/image0027587.jpg,Zaskoczenie
archive (3)/Train/sad/image0000163.jpg,Smutek
archive (3)/Test/happy/ffhq_658.png,Szczęście
archive (3)/Test/fear/image0031455.jpg,Strach
archive (3)/Test/happy/ffhq_449.png,Szczęście
archive (3)/Test/happy/ffhq_306.png,Szczęście
archive (3)/Test/fear/image0028761.jpg,Strach
archive (3)/Train/fear/image0040117.jpg,Strach
archive (3)/Train/sad/image0004888.jpg,Smutek
archive (3)/Test/happy/ffhq_1274.png,Szczęście
archive (3)/Test/surprise/image0009429.jpg,Zaskoczenie
archive (3)/Train/happy/ffhq_2862.png,Szczęście
archive (3)/Train/surprise/image0031241.jpg,Zaskoczenie
archive (3)/Train/fear/image0040150.jpg,Strach
archive (3)/Train/sad/image0012402.jpg,Smutek
archive (3)/Test/happy/ffhq_1576.png,Szczęście
archive (3)/Train/fear/image0036113.jpg,Strach
archive (3)/Train/surprise/image0027263.jpg,Zaskoczenie
archive (3)/Train/sad/image0006982.jpg,Smutek
archive (3)/Train/fear/image0035646.jpg,Strach
archive (3)/Train/sad/image0018437.jpg,Smutek
archive (3)/Test/happy/ffhq_1304.png,Szczęście
archive (3)/Train/happy/ffhq_3986.png,Szczęście
archive (3)/Train/fear/image0040140.jpg,Strach
archive (3)/Test/surprise/image0004799.jpg,Zaskoczenie
archive (3)/Test/sad/image0017349.jpg,Smutek
archive (3)/Test/surprise/image0008462.jpg,Zaskoczenie
archive (3)/Train/happy/ffhq_3440.png,Szczęście
archive (3)/Train/sad/image0007840.jpg,Smutek
archive (3)/Test/surprise/image0014520.jpg,Zaskoczenie
archive (3)/Train/surprise/image0030433.jpg,Zaskoczenie
archive (3)/Train/sad/image0029211.jpg,Smutek
archive (3)/Test/sad/image0006341.jpg,Smutek
archive (3)/Test/Anger/image0010305.jpg,Złość
archive (3)/Test/surprise/image0004682.jpg,Zaskoczenie
archive (3)/Test/happy/ffhq_637.png,Szczęście
archive (3)/Train/surprise/image0034014.jpg,Zaskoczenie
archive (3)/Train/happy/ffhq_4923.png,Szczęście
archive (3)/Train/happy/ffhq_3737.png,Szczęście
archive (3)/Test/sad/image0006252.jpg,Smutek
archive (3)/Test/surprise/ffhq_376.png,Zaskoczenie
archive (3)/Train/surprise/image0027199.jpg,Zaskoczenie
archive (3)/Test/sad/image0005770.jpg,Smutek
archive (3)/Train/happy/ffhq_3201.png,Szczęście
archive (3)/Test/Anger/image0015067.jpg,Złość
archive (3)/Test/Anger/image0005193.jpg,Złość
archive (3)/Train/sad/image0020102.jpg,Smutek
archive (3)/Test/sad/image0017248.jpg,Smutek
archive (3)/Test/happy/ffhq_2079.png,Szczęście
archive (3)/Test/surprise/image0002460.jpg,Zaskoczenie
archive (3)/Test/sad/image0007185.jpg,Smutek
archive (3)/Test/fear/image0035529.jpg,Strach
archive (3)/Train/fear/image0035649.jpg,Strach
archive (3)/Train/happy/ffhq_3091.png,Szczęście
archive (3)/Test/Anger/image0007807.jpg,Złość
archive (3)/Test/sad/image0020597.jpg,Smutek
archive (3)/Train/sad/image0017995.jpg,Smutek
archive (3)/Test/fear/image0023299.jpg,Strach
archive (3)/Train/fear/image0038245.jpg,Strach
archive (3)/Test/surprise/ffhq_23.png,Zaskoczenie
archive (3)/Train/sad/image0021252.jpg,Smutek
archive (3)/Test/sad/image0011357.jpg,Smutek
archive (3)/Test/Anger/image0019929.jpg,Złość
archive (3)/Train/sad/image0023004.jpg,Smutek
archive (3)/Test/surprise/image0016732.jpg,Zaskoczenie
archive (3)/Test/sad/image0019749.jpg,Smutek
archive (3)/Train/sad/image0029399.jpg,Smutek
archive (3)/Train/anger/image0027981.jpg,Złość
archive (3)/Train/happy/ffhq_4374.png,Szczęście
archive (3)/Train/fear/image0039884.jpg,Strach
archive (3)/Train/sad/image0018863.jpg,Smutek
archive (3)/Train/happy/ffhq_4873.png,Szczęście
archive (3)/Test/happy/ffhq_48.png,Szczęście
archive (3)/Train/surprise/image0032957.jpg,Zaskoczenie
archive (3)/Train/fear/image0039173.jpg,Strach
archive (3)/Test/sad/image0008317.jpg,Smutek
archive (3)/Test/Anger/image0000066.jpg,Złość
archive (3)/Train/anger/image0024840.jpg,Złość
archive (3)/Train/sad/image0024158.jpg,Smutek
archive (3)/Train/happy/ffhq_4405.png,Szczęście
archive (3)/Test/sad/image0015289.jpg,Smutek
archive (3)/Train/anger/image0024612.jpg,Złość
archive (3)/Test/happy/ffhq_1316.png,Szczęście
archive (3)/Train/happy/ffhq_4010.png,Szczęście
archive (3)/Test/happy/ffhq_1893.png,Szczęście
archive (3)/Train/sad/image0009547.jpg,Smutek
archive (3)/Test/Anger/image0003971.jpg,Złość
archive (3)/Train/anger/image0029442.jpg,Złość
archive (3)/Train/happy/ffhq_3501.png,Szczęście
archive (3)/Test/fear/image0023090.jpg,Strach
archive (3)/Train/sad/image0027073.jpg,Smutek
archive (3)/Train/surprise/image0033993.jpg,Zaskoczenie
archive (3)/Test/sad/image0019085.jpg,Smutek
archive (3)/Train/sad/image0012392.jpg,Smutek
archive (3)/Test/happy/ffhq_2470.png,Szczęście
archive (3)/Test/fear/image0034630.jpg,Strach
archive (3)/Train/anger/image0026819.jpg,Złość
archive (3)/Train/surprise/image0034308.jpg,Zaskoczenie
archive (3)/Train/sad/image0007185.jpg,Smutek
archive (3)/Train/happy/ffhq_3412.png,Szczęście
archive (3)/Test/happy/ffhq_892.png,Szczęście
archive (3)/Test/happy/ffhq_2602.png,Szczęście
archive (3)/Train/fear/image0039032.jpg,Strach
archive (3)/Test/surprise/ffhq_605.png,Zaskoczenie
archive (3)/Train/sad/image0015968.jpg,Smutek
archive (3)/Train/fear/image0040588.jpg,Strach
archive (3)/Train/surprise/image0031280.jpg,Zaskoczenie
archive (3)/Train/happy/ffhq_3577.png,Szczęście
archive (3)/Train/sad/image0004498.jpg,Smutek
archive (3)/Train/surprise/image0030682.jpg,Zaskoczenie
archive (3)/Train/fear/image0038653.jpg,Strach
archive (3)/Train/fear/image0039686.jpg,Strach
archive (3)/Train/fear/image0036461.jpg,Strach
archive (3)/Test/Anger/image0012073.jpg,Złość
archive (3)/Test/surprise/image0001952.jpg,Zaskoczenie
archive (3)/Train/sad/image0017366.jpg,Smutek
archive (3)/Test/surprise/ffhq_246.png,Zaskoczenie
archive (3)/Train/anger/image0028808.jpg,Złość
archive (3)/Train/happy/ffhq_3912.png,Szczęście
archive (3)/Test/happy/ffhq_1085.png,Szczęście
archive (3)/Train/sad/image0006226.jpg,Smutek
archive (3)/Test/fear/image0035173.jpg,Strach
archive (3)/Test/surprise/ffhq_430.png,Zaskoczenie
archive (3)/Train/happy/ffhq_4372.png,Szczęście
archive (3)/Train/happy/ffhq_3377.png,Szczęście
archive (3)/Train/surprise/image0032757.jpg,Zaskoczenie
archive (3)/Test/Anger/image0000346.jpg,Złość
archive (3)/Test/fear/image0009992.jpg,Strach
archive (3)/Train/happy/ffhq_3184.png,Szczęście
archive (3)/Test/happy/ffhq_654.png,Szczęście
archive (3)/Train/sad/image0008704.jpg,Smutek
archive (3)/Train/sad/image0012733.jpg,Smutek
archive (3)/Train/fear/image0035763.jpg,Strach
archive (3)/Train/happy/ffhq_2811.png,Szczęście
archive (3)/Test/happy/ffhq_1657.png,Szczęście
archive (3)/Test/Anger/image0006587.jpg,Złość
archive (3)/Train/anger/image0030164.jpg,Złość
archive (3)/Test/surprise/image0011660.jpg,Zaskoczenie
archive (3)/Train/sad/image0017248.jpg,Smutek
archive (3)/Test/surprise/image0018724.jpg,Zaskoczenie
archive (3)/Test/sad/image0015403.jpg,Smutek
archive (3)/Test/happy/ffhq_2528.png,Szczęście
archive (3)/Train/surprise/image0026785.jpg,Zaskoczenie
archive (3)/Test/sad/image0018825.jpg,Smutek
archive (3)/Train/happy/ffhq_3271.png,Szczęście
archive (3)/Test/sad/image0010206.jpg,Smutek
archive (3)/Test/Anger/image0009270.jpg,Złość
archive (3)/Train/anger/image0030271.jpg,Złość
archive (3)/Train/happy/ffhq_4263.png,Szczęście
archive (3)/Train/happy/ffhq_4334.png,Szczęście
archive (3)/Test/sad/image0020050.jpg,Smutek
archive (3)/Train/sad/image0000782.jpg,Smutek
archive (3)/Test/surprise/image0014981.jpg,Zaskoczenie
archive (3)/Train/happy/ffhq_4121.png,Szczęście
archive (3)/Train/fear/image0039407.jpg,Strach
archive (3)/Test/fear/image0007461.jpg,Strach
archive (3)/Test/sad/image0017308.jpg,Smutek
archive (3)/Test/happy/ffhq_2041.png,Szczęście
archive (3)/Test/surprise/image0021020.jpg,Zaskoczenie
archive (3)/Test/surprise/image0016481.jpg,Zaskoczenie
archive (3)/Test/sad/image0021254.jpg,Smutek
archive (3)/Test/surprise/image0023536.jpg,Zaskoczenie
archive (3)/Train/sad/image0023097.jpg,Smutek
archive (3)/Test/surprise/ffhq_546.png,Zaskoczenie
archive (3)/Test/happy/ffhq_536.png,Szczęście
archive (3)/Train/surprise/image0024295.jpg,Zaskoczenie
archive (3)/Test/surprise/image0005691.jpg,Zaskoczenie
archive (3)/Train/surprise/image0033873.jpg,Zaskoczenie
archive (3)/Train/fear/image0039162.jpg,Strach
archive (3)/Test/happy/ffhq_384.png,Szczęście
archive (3)/Test/happy/ffhq_2569.png,Szczęście
archive (3)/Test/surprise/image0015051.jpg,Zaskoczenie
archive (3)/Test/surprise/ffhq_321.png,Zaskoczenie
archive (3)/Test/happy/ffhq_1703.png,Szczęście
archive (3)/Train/anger/image0024592.jpg,Złość
archive (3)/Train/surprise/image0030199.jpg,Zaskoczenie
archive (3)/Train/happy/ffhq_4625.png,Szczęście
archive (3)/Train/sad/image0016607.jpg,Smutek
archive (3)/Test/fear/image0025971.jpg,Strach
archive (3)/Test/fear/image0011902.jpg,Strach
archive (3)/Test/happy/ffhq_1240.png,Szczęście
archive (3)/Train/sad/image0030220.jpg,Smutek
archive (3)/Train/fear/image0036449.jpg,Strach
archive (3)/Test/Anger/image0012508.jpg,Złość
archive (3)/Train/sad/image0030444.jpg,Smutek
archive (3)/Train/fear/image0040506.jpg,Strach
archive (3)/Test/Anger/image0018915.jpg,Złość
archive (3)/Train/fear/image0039144.jpg,Strach
archive (3)/Test/Anger/image0001113.jpg,Złość
archive (3)/Train/sad/image0024030.jpg,Smutek
archive (3)/Train/sad/image0000162.jpg,Smutek
archive (3)/Test/surprise/image0001381.jpg,Zaskoczenie
archive (3)/Test/fear/image0023727.jpg,Strach
archive (3)/Train/sad/image0020411.jpg,Smutek
archive (3)/Test/Anger/image0015729.jpg,Złość
archive (3)/Train/happy/ffhq_4903.png,Szczęście
archive (3)/Train/surprise/image0028308.jpg,Zaskoczenie
archive (3)/Test/surprise/ffhq_39.png,Zaskoczenie
archive (3)/Test/surprise/image0023820.jpg,Zaskoczenie
archive (3)/Train/happy/ffhq_3867.png,Szczęście
archive (3)/Train/happy/ffhq_3687.png,Szczęście
archive (3)/Test/surprise/ffhq_600.png,Zaskoczenie
archive (3)/Test/Anger/image0019515.jpg,Złość
archive (3)/Train/anger/image0028246.jpg,Złość
archive (3)/Test/fear/image0034319.jpg,Strach
archive (3)/Train/happy/ffhq_3694.png,Szczęście
archive (3)/Train/surprise/image0031681.jpg,Zaskoczenie
archive (3)/Train/sad/image0015853.jpg,Smutek
archive (3)/Train/sad/image0025479.jpg,Smutek
archive (3)/Train/happy/ffhq_4622.png,Szczęście
archive (3)/Train/sad/image0017011.jpg,Smutek
archive (3)/Train/fear/image0037316.jpg,Strach
archive (3)/Test/surprise/ffhq_208.png,Zaskoczenie
archive (3)/Train/sad/image0024972.jpg,Smutek
archive (3)/Test/sad/image0008460.jpg,Smutek
archive (3)/Train/sad/image0019084.jpg,Smutek
archive (3)/Train/happy/ffhq_3988.png,Szczęście
archive (3)/Train/surprise/image0028241.jpg,Zaskoczenie
archive (3)/Test/surprise/ffhq_590.png,Zaskoczenie
archive (3)/Train/sad/image0028950.jpg,Smutek
archive (3)/Train/surprise/image0031408.jpg,Zaskoczenie
archive (3)/Test/happy/ffhq_1108.png,Szczęście
archive (3)/Train/happy/ffhq_2784.png,Szczęście
archive (3)/Train/happy/ffhq_3685.png,Szczęście
archive (3)/Test/sad/image0020010.jpg,Smutek
archive (3)/Train/happy/ffhq_4766.png,Szczęście
archive (3)/Test/surprise/image0006520.jpg,Zaskoczenie
archive (3)/Test/surprise/image0023926.jpg,Zaskoczenie
archive (3)/Train/happy/ffhq_2952.png,Szczęście
archive (3)/Train/surprise/image0029300.jpg,Zaskoczenie
archive (3)/Train/anger/image0030583.jpg,Złość
archive (3)/Test/surprise/ffhq_475.png,Zaskoczenie
archive (3)/Train/surprise/image0025690.jpg,Zaskoczenie
archive (3)/Test/fear/image0018705.jpg,Strach
archive (3)/Train/fear/image0035714.jpg,Strach
archive (3)/Train/sad/image0024074.jpg,Smutek
archive (3)/Train/fear/image0039095.jpg,Strach
archive (3)/Test/Anger/image0018050.jpg,Złość
archive (3)/Train/surprise/image0029030.jpg,Zaskoczenie
archive (3)/Train/sad/image0021233.jpg,Smutek
archive (3)/Train/surprise/image0027086.jpg,Zaskoczenie
archive (3)/Train/anger/image0025579.jpg,Złość
archive (3)/Test/Anger/image0016682.jpg,Złość
archive (3)/Test/Anger/image0018063.jpg,Złość
archive (3)/Test/sad/image0011027.jpg,Smutek
archive (3)/Train/surprise/image0032474.jpg,Zaskoczenie
archive (3)/Train/sad/image0021716.jpg,Smutek
archive (3)/Train/surprise/image0034555.jpg,Zaskoczenie
archive (3)/Test/sad/image0020472.jpg,Smutek
archive (3)/Train/fear/image0036181.jpg,Strach
archive (3)/Test/Anger/image0015375.jpg,Złość
archive (3)/Test/happy/ffhq_2248.png,Szczęście
archive (3)/Test/fear/image0031453.jpg,Strach
archive (3)/Test/Anger/image0012310.jpg,Złość
archive (3)/Train/sad/image0024268.jpg,Smutek
archive (3)/Test/surprise/ffhq_97.png,Zaskoczenie
archive (3)/Test/Anger/image0011356.jpg,Złość
archive (3)/Train/anger/image0022552.jpg,Złość
archive (3)/Test/sad/image0020523.jpg,Smutek
archive (3)/Test/happy/ffhq_803.png,Szczęście
archive (3)/Train/sad/image0012503.jpg,Smutek
archive (3)/Test/happy/ffhq_690.png,Szczęście
archive (3)/Test/sad/image0013661.jpg,Smutek
archive (3)/Test/fear/image0030091.jpg,Strach
archive (3)/Test/Anger/image0012673.jpg,Złość
archive (3)/Test/happy/ffhq_288.png,Szczęście
archive (3)/Train/happy/ffhq_4617.png,Szczęście
archive (3)/Train/sad/image0020626.jpg,Smutek
archive (3)/Test/happy/ffhq_1183.png,Szczęście
archive (3)/Train/anger/image0025749.jpg,Złość
archive (3)/Train/surprise/image0032675.jpg,Zaskoczenie
archive (3)/Test/sad/image0018940.jpg,Smutek
archive (3)/Test/sad/image0011992.jpg,Smutek
archive (3)/Train/surprise/image0032727.jpg,Zaskoczenie
archive (3)/Train/fear/image0038193.jpg,Strach
archive (3)/Test/happy/ffhq_1712.png,Szczęście
archive (3)/Test/happy/ffhq_2115.png,Szczęście
archive (3)/Train/anger/image0027247.jpg,Złość
archive (3)/Train/sad/image0011894.jpg,Smutek
archive (3)/Test/happy/ffhq_1158.png,Szczęście
archive (3)/Test/surprise/image0017081.jpg,Zaskoczenie
archive (3)/Test/Anger/image0013203.jpg,Złość
archive (3)/Train/surprise/image0027573.jpg,Zaskoczenie
archive (3)/Test/happy/ffhq_849.png,Szczęście
archive (3)/Test/surprise/image0002003.jpg,Zaskoczenie
archive (3)/Test/surprise/image0013169.jpg,Zaskoczenie
archive (3)/Train/sad/image0027924.jpg,Smutek
archive (3)/Test/Anger/image0003964.jpg,Złość
archive (3)/Train/sad/image0010419.jpg,Smutek
archive (3)/Test/happy/ffhq_1531.png,Szczęście
archive (3)/Train/anger/image0025019.jpg,Złość
archive (3)/Test/sad/image0016355.jpg,Smutek
archive (3)/Train/happy/ffhq_4151.png,Szczęście
archive (3)/Test/sad/image0019555.jpg,Smutek
archive (3)/Train/happy/ffhq_3538.png,Szczęście
archive (3)/Train/sad/image0016649.jpg,Smutek
archive (3)/Train/anger/image0030382.jpg,Złość
archive (3)/Train/surprise/image0031404.jpg,Zaskoczenie
archive (3)/Train/anger/image0029860.jpg,Złość
archive (3)/Train/sad/image0029454.jpg,Smutek
archive (3)/Test/sad/image0016454.jpg,Smutek
archive (3)/Train/surprise/image0033260.jpg,Zaskoczenie
archive (3)/Test/surprise/ffhq_535.png,Zaskoczenie
archive (3)/Test/surprise/image0023627.jpg,Zaskoczenie
archive (3)/Test/happy/ffhq_1130.png,Szczęście
archive (3)/Test/surprise/image0012493.jpg,Zaskoczenie
archive (3)/Test/fear/image0014635.jpg,Strach
archive (3)/Train/anger/image0026748.jpg,Złość
archive (3)/Train/sad/image0011856.jpg,Smutek
archive (3)/Train/happy/ffhq_3937.png,Szczęście
archive (3)/Train/fear/image0039885.jpg,Strach
archive (3)/Train/happy/ffhq_3493.png,Szczęście
archive (3)/Train/anger/image0028627.jpg,Złość
archive (3)/Train/sad/image0030489.jpg,Smutek
archive (3)/Train/anger/image0030690.jpg,Złość
archive (3)/Test/sad/image0012192.jpg,Smutek
archive (3)/Train/surprise/image0026730.jpg,Zaskoczenie
archive (3)/Test/Anger/image0021458.jpg,Złość
archive (3)/Train/surprise/image0034442.jpg,Zaskoczenie
archive (3)/Train/anger/image0025262.jpg,Złość
archive (3)/Test/surprise/image0023130.jpg,Zaskoczenie
archive (3)/Test/fear/image0033044.jpg,Strach
archive (3)/Test/happy/ffhq_418.png,Szczęście
archive (3)/Train/surprise/image0027424.jpg,Zaskoczenie
archive (3)/Test/Anger/image0001765.jpg,Złość
archive (3)/Train/happy/ffhq_3421.png,Szczęście
archive (3)/Train/anger/image0029577.jpg,Złość
archive (3)/Train/fear/image0039546.jpg,Strach
archive (3)/Test/happy/ffhq_573.png,Szczęście
archive (3)/Train/anger/image0025840.jpg,Złość
archive (3)/Train/surprise/image0032275.jpg,Zaskoczenie
archive (3)/Train/fear/image0039632.jpg,Strach
archive (3)/Test/happy/ffhq_1368.png,Szczęście
archive (3)/Test/Anger/image0017610.jpg,Złość
archive (3)/Test/happy/ffhq_2203.png,Szczęście
archive (3)/Test/surprise/ffhq_256.png,Zaskoczenie
archive (3)/Test/surprise/image0021487.jpg,Zaskoczenie
archive (3)/Train/happy/ffhq_3083.png,Szczęście
archive (3)/Train/anger/image0027855.jpg,Złość
archive (3)/Train/fear/image0036397.jpg,Strach
archive (3)/Train/happy/ffhq_2866.png,Szczęście
archive (3)/Test/Anger/image0015587.jpg,Złość
archive (3)/Test/sad/image0016599.jpg,Smutek
archive (3)/Test/sad/image0012343.jpg,Smutek
archive (3)/Train/surprise/image0028542.jpg,Zaskoczenie
archive (3)/Train/surprise/image0032223.jpg,Zaskoczenie
archive (3)/Train/sad/image0001382.jpg,Smutek
archive (3)/Train/surprise/image0031048.jpg,Zaskoczenie
archive (3)/Test/fear/image0014907.jpg,Strach
archive (3)/Test/Anger/image0008564.jpg,Złość
archive (3)/Train/surprise/image0033623.jpg,Zaskoczenie
archive (3)/Test/fear/image0031328.jpg,Strach
archive (3)/Train/fear/image0038383.jpg,Strach
archive (3)/Train/sad/image0021698.jpg,Smutek
archive (3)/Train/happy/ffhq_3910.png,Szczęście
archive (3)/Test/Anger/image0018338.jpg,Złość
archive (3)/Test/happy/ffhq_2431.png,Szczęście
archive (3)/Train/surprise/image0032462.jpg,Zaskoczenie
archive (3)/Test/fear/image0034728.jpg,Strach
archive (3)/Train/fear/image0037060.jpg,Strach
archive (3)/Test/surprise/image0022837.jpg,Zaskoczenie
archive (3)/Test/happy/ffhq_1452.png,Szczęście
archive (3)/Test/happy/ffhq_420.png,Szczęście
archive (3)/Train/sad/image0023573.jpg,Smutek
archive (3)/Train/surprise/image0032608.jpg,Zaskoczenie
archive (3)/Train/happy/ffhq_4540.png,Szczęście
archive (3)/Train/sad/image0015162.jpg,Smutek
archive (3)/Train/fear/image0035992.jpg,Strach
archive (3)/Train/happy/ffhq_3754.png,Szczęście
archive (3)/Train/happy/ffhq_3379.png,Szczęście
archive (3)/Train/happy/ffhq_4191.png,Szczęście
archive (3)/Train/sad/image0018442.jpg,Smutek
archive (3)/Test/surprise/ffhq_347.png,Zaskoczenie
archive (3)/Train/surprise/image0034430.jpg,Zaskoczenie
archive (3)/Test/sad/image0020505.jpg,Smutek
archive (3)/Train/anger/image0029099.jpg,Złość
archive (3)/Train/sad/image0011162.jpg,Smutek
archive (3)/Test/sad/image0000971.jpg,Smutek
archive (3)/Test/fear/image0031647.jpg,Strach
archive (3)/Train/anger/image0029494.jpg,Złość
archive (3)/Test/happy/ffhq_282.png,Szczęście
archive (3)/Train/happy/image0037830.jpg,Szczęście
archive (3)/Test/fear/image0033930.jpg,Strach
archive (3)/Test/Anger/image0009245.jpg,Złość
archive (3)/Train/sad/image0018686.jpg,Smutek
archive (3)/Test/sad/image0014145.jpg,Smutek
archive (3)/Train/happy/ffhq_3111.png,Szczęście
archive (3)/Train/anger/image0024269.jpg,Złość
archive (3)/Test/Anger/image0019503.jpg,Złość
archive (3)/Test/surprise/ffhq_372.png,Zaskoczenie
archive (3)/Train/sad/image0028493.jpg,Smutek
archive (3)/Test/happy/ffhq_1515.png,Szczęście
archive (3)/Test/sad/image0001971.jpg,Smutek
archive (3)/Test/happy/ffhq_115.png,Szczęście
archive (3)/Test/Anger/image0006526.jpg,Złość
archive (3)/Test/Anger/image0020101.jpg,Złość
archive (3)/Train/anger/image0030693.jpg,Złość
archive (3)/Train/fear/image0036128.jpg,Strach
archive (3)/Test/surprise/ffhq_220.png,Zaskoczenie
archive (3)/Test/fear/image0019672.jpg,Strach
archive (3)/Test/Anger/image0018443.jpg,Złość
archive (3)/Test/happy/ffhq_1557.png,Szczęście
archive (3)/Train/fear/image0038348.jpg,Strach
archive (3)/Train/anger/image0028401.jpg,Złość
archive (3)/Train/anger/image0026883.jpg,Złość
archive (3)/Test/Anger/image0017600.jpg,Złość
archive (3)/Train/fear/image0036383.jpg,Strach
archive (3)/Test/happy/ffhq_2434.png,Szczęście
archive (3)/Train/happy/ffhq_3549.png,Szczęście
archive (3)/Train/sad/image0025477.jpg,Smutek
archive (3)/Test/surprise/ffhq_465.png,Zaskoczenie
archive (3)/Train/happy/ffhq_3018.png,Szczęście
archive (3)/Test/fear/image0027753.jpg,Strach
archive (3)/Test/happy/ffhq_706.png,Szczęście
archive (3)/Train/happy/ffhq_3697.png,Szczęście
archive (3)/Train/sad/image0016175.jpg,Smutek
archive (3)/Test/happy/ffhq_233.png,Szczęście
archive (3)/Test/fear/image0032216.jpg,Strach
archive (3)/Test/happy/ffhq_112.png,Szczęście
archive (3)/Train/surprise/image0028163.jpg,Zaskoczenie
archive (3)/Test/fear/image0032817.jpg,Strach
archive (3)/Train/surprise/image0032954.jpg,Zaskoczenie
archive (3)/Train/anger/image0026461.jpg,Złość
archive (3)/Test/happy/ffhq_550.png,Szczęście
archive (3)/Train/anger/image0030375.jpg,Złość
archive (3)/Test/Anger/image0009017.jpg,Złość
archive (3)/Train/sad/image0007363.jpg,Smutek
archive (3)/Train/surprise/image0030954.jpg,Zaskoczenie
archive (3)/Test/surprise/ffhq_241.png,Zaskoczenie
archive (3)/Train/anger/image0024865.jpg,Złość
archive (3)/Test/Anger/image0005303.jpg,Złość
archive (3)/Train/fear/image0037284.jpg,Strach
archive (3)/Train/anger/image0021851.jpg,Złość
archive (3)/Test/Anger/image0018102.jpg,Złość
archive (3)/Train/anger/image0028341.jpg,Złość
archive (3)/Train/anger/image0026798.jpg,Złość
archive (3)/Test/surprise/image0023404.jpg,Zaskoczenie
archive (3)/Test/happy/ffhq_2353.png,Szczęście
archive (3)/Test/happy/ffhq_1510.png,Szczęście
archive (3)/Train/happy/ffhq_3756.png,Szczęście
archive (3)/Test/Anger/image0018254.jpg,Złość
archive (3)/Test/surprise/image0010368.jpg,Zaskoczenie
archive (3)/Test/happy/ffhq_1658.png,Szczęście
archive (3)/Train/surprise/image0028192.jpg,Zaskoczenie
archive (3)/Train/surprise/image0034744.jpg,Zaskoczenie
archive (3)/Train/fear/image0038330.jpg,Strach
archive (3)/Test/happy/ffhq_1689.png,Szczęście
archive (3)/Test/surprise/image0007703.jpg,Zaskoczenie
archive (3)/Train/surprise/image0033704.jpg,Zaskoczenie
archive (3)/Test/fear/image0035295.jpg,Strach
archive (3)/Train/happy/ffhq_4765.png,Szczęście
archive (3)/Train/surprise/image0034390.jpg,Zaskoczenie
archive (3)/Train/surprise/image0031060.jpg,Zaskoczenie
archive (3)/Train/sad/image0028642.jpg,Smutek
archive (3)/Train/sad/image0030345.jpg,Smutek
archive (3)/Test/Anger/image0011481.jpg,Złość
archive (3)/Test/fear/image0034609.jpg,Strach
archive (3)/Train/sad/image0028342.jpg,Smutek
archive (3)/Train/surprise/image0034920.jpg,Zaskoczenie
archive (3)/Test/sad/image0007171.jpg,Smutek
archive (3)/Train/happy/image0032912.jpg,Szczęście
archive (3)/Test/happy/ffhq_2274.png,Szczęście
archive (3)/Train/happy/ffhq_4595.png,Szczęście
archive (3)/Train/sad/image0012361.jpg,Smutek
archive (3)/Test/fear/image0035307.jpg,Strach
archive (3)/Train/surprise/image0033186.jpg,Zaskoczenie
archive (3)/Test/happy/ffhq_2676.png,Szczęście
archive (3)/Train/fear/image0036816.jpg,Strach
archive (3)/Train/fear/image0038779.jpg,Strach
archive (3)/Test/sad/image0012924.jpg,Smutek
archive (3)/Train/surprise/image0034220.jpg,Zaskoczenie
archive (3)/Train/sad/image0001930.jpg,Smutek
archive (3)/Test/fear/image0032108.jpg,Strach
archive (3)/Test/Anger/image0002048.jpg,Złość
archive (3)/Test/fear/image0032658.jpg,Strach
archive (3)/Train/fear/image0040565.jpg,Strach
archive (3)/Test/surprise/image0006398.jpg,Zaskoczenie
archive (3)/Test/surprise/image0013524.jpg,Zaskoczenie
archive (3)/Test/Anger/image0018618.jpg,Złość
archive (3)/Train/sad/image0022361.jpg,Smutek
archive (3)/Train/anger/image0029276.jpg,Złość
archive (3)/Test/happy/ffhq_1901.png,Szczęście
archive (3)/Train/happy/ffhq_2979.png,Szczęście
archive (3)/Test/sad/image0009757.jpg,Smutek
archive (3)/Train/anger/image0028285.jpg,Złość
archive (3)/Test/happy/ffhq_104.png,Szczęście
archive (3)/Train/happy/ffhq_3255.png,Szczęście
archive (3)/Train/happy/ffhq_3446.png,Szczęście
archive (3)/Test/fear/image0026415.jpg,Strach
archive (3)/Test/happy/ffhq_962.png,Szczęście
archive (3)/Train/happy/ffhq_3438.png,Szczęście
archive (3)/Train/sad/image0009974.jpg,Smutek
archive (3)/Test/fear/image0032420.jpg,Strach
archive (3)/Train/anger/image0022294.jpg,Złość
archive (3)/Train/surprise/image0034444.jpg,Zaskoczenie
archive (3)/Train/anger/image0026600.jpg,Złość
archive (3)/Train/sad/image0019722.jpg,Smutek
archive (3)/Test/Anger/image0004164.jpg,Złość
archive (3)/Train/sad/image0029072.jpg,Smutek
archive (3)/Train/sad/image0017613.jpg,Smutek
archive (3)/Test/fear/image0021434.jpg,Strach
archive (3)/Train/happy/ffhq_4627.png,Szczęście
archive (3)/Train/sad/image0018166.jpg,Smutek
archive (3)/Test/surprise/image0018231.jpg,Zaskoczenie
archive (3)/Train/fear/image0036743.jpg,Strach
archive (3)/Train/happy/image0032132.jpg,Szczęście
archive (3)/Train/anger/image0025168.jpg,Złość
archive (3)/Test/happy/ffhq_1572.png,Szczęście
archive (3)/Train/happy/ffhq_4084.png,Szczęście
archive (3)/Test/happy/ffhq_1429.png,Szczęście
archive (3)/Test/sad/image0009255.jpg,Smutek
archive (3)/Test/fear/image0001651.jpg,Strach
archive (3)/Test/sad/image0018818.jpg,Smutek
archive (3)/Test/Anger/image0009140.jpg,Złość
archive (3)/Train/happy/ffhq_4930.png,Szczęście
archive (3)/Train/anger/image0024162.jpg,Złość
archive (3)/Test/happy/ffhq_1050.png,Szczęście
archive (3)/Train/surprise/image0028639.jpg,Zaskoczenie
archive (3)/Train/happy/ffhq_4250.png,Szczęście
archive (3)/Train/sad/image0030251.jpg,Smutek
archive (3)/Train/sad/image0029822.jpg,Smutek
archive (3)/Train/sad/image0021785.jpg,Smutek
archive (3)/Train/happy/ffhq_4189.png,Szczęście
archive (3)/Test/sad/image0019702.jpg,Smutek
archive (3)/Train/sad/image0014046.jpg,Smutek
archive (3)/Test/Anger/image0018327.jpg,Złość
archive (3)/Train/happy/ffhq_3776.png,Szczęście
archive (3)/Test/happy/ffhq_2185.png,Szczęście
archive (3)/Train/fear/image0038161.jpg,Strach
archive (3)/Train/happy/ffhq_3063.png,Szczęście
archive (3)/Test/sad/image0018465.jpg,Smutek
archive (3)/Test/surprise/image0009592.jpg,Zaskoczenie
archive (3)/Train/surprise/image0034704.jpg,Zaskoczenie
archive (3)/Train/surprise/image0034503.jpg,Zaskoczenie
archive (3)/Test/Anger/image0009044.jpg,Złość
archive (3)/Test/surprise/image0015993.jpg,Zaskoczenie
archive (3)/Test/Anger/image0003762.jpg,Złość
archive (3)/Test/happy/ffhq_1498.png,Szczęście
archive (3)/Test/fear/image0033510.jpg,Strach
archive (3)/Train/anger/image0029346.jpg,Złość
archive (3)/Train/happy/ffhq_4831.png,Szczęście
archive (3)/Train/surprise/image0033917.jpg,Zaskoczenie
archive (3)/Train/surprise/image0026930.jpg,Zaskoczenie
archive (3)/Train/fear/image0039842.jpg,Strach
archive (3)/Test/surprise/ffhq_584.png,Zaskoczenie
archive (3)/Test/surprise/image0022720.jpg,Zaskoczenie
archive (3)/Test/fear/image0014199.jpg,Strach
archive (3)/Train/sad/image0026565.jpg,Smutek
archive (3)/Train/anger/image0027841.jpg,Złość
archive (3)/Train/sad/image0021644.jpg,Smutek
archive (3)/Test/surprise/image0006158.jpg,Zaskoczenie
archive (3)/Train/happy/ffhq_3375.png,Szczęście
archive (3)/Test/happy/ffhq_2253.png,Szczęście
archive (3)/Train/sad/image0020380.jpg,Smutek
archive (3)/Train/happy/ffhq_4565.png,Szczęście
archive (3)/Test/happy/ffhq_101.png,Szczęście
archive (3)/Train/sad/image0024694.jpg,Smutek
archive (3)/Train/happy/ffhq_3826.png,Szczęście
archive (3)/Train/fear/image0039934.jpg,Strach
archive (3)/Test/surprise/ffhq_435.png,Zaskoczenie
archive (3)/Train/surprise/image0032207.jpg,Zaskoczenie
archive (3)/Test/happy/ffhq_2501.png,Szczęście
archive (3)/Test/fear/image0003155.jpg,Strach
archive (3)/Test/Anger/image0008810.jpg,Złość
archive (3)/Test/happy/ffhq_1202.png,Szczęście
archive (3)/Test/surprise/ffhq_309.png,Zaskoczenie
archive (3)/Test/fear/image0031440.jpg,Strach
archive (3)/Train/happy/ffhq_2911.png,Szczęście
archive (3)/Test/sad/image0016587.jpg,Smutek
archive (3)/Test/happy/ffhq_721.png,Szczęście
archive (3)/Train/fear/image0039440.jpg,Strach
archive (3)/Test/fear/image0018032.jpg,Strach
archive (3)/Test/fear/image0033011.jpg,Strach
archive (3)/Test/happy/ffhq_1906.png,Szczęście
archive (3)/Test/sad/image0013066.jpg,Smutek
archive (3)/Train/surprise/image0032208.jpg,Zaskoczenie
archive (3)/Test/fear/image0032149.jpg,Strach
archive (3)/Test/sad/image0010718.jpg,Smutek
archive (3)/Test/Anger/image0011283.jpg,Złość
archive (3)/Test/sad/image0011542.jpg,Smutek
archive (3)/Train/surprise/image0033246.jpg,Zaskoczenie
archive (3)/Test/surprise/image0011251.jpg,Zaskoczenie
archive (3)/Test/surprise/image0017472.jpg,Zaskoczenie
archive (3)/Test/surprise/image0020007.jpg,Zaskoczenie
archive (3)/Train/happy/ffhq_3567.png,Szczęście
archive (3)/Test/Anger/image0009421.jpg,Złość
archive (3)/Train/fear/image0038321.jpg,Strach
archive (3)/Train/anger/image0021983.jpg,Złość
archive (3)/Test/sad/image0017703.jpg,Smutek
archive (3)/Test/happy/ffhq_2393.png,Szczęście
archive (3)/Train/surprise/image0026673.jpg,Zaskoczenie
archive (3)/Test/happy/ffhq_2653.png,Szczęście
archive (3)/Train/happy/ffhq_3704.png,Szczęście
archive (3)/Train/surprise/image0033768.jpg,Zaskoczenie
archive (3)/Train/happy/ffhq_2907.png,Szczęście
archive (3)/Train/sad/image0000497.jpg,Smutek
archive (3)/Train/fear/image0036687.jpg,Strach
archive (3)/Train/surprise/image0030958.jpg,Zaskoczenie
archive (3)/Test/sad/image0006101.jpg,Smutek
archive (3)/Test/fear/image0010148.jpg,Strach
archive (3)/Test/fear/image0033956.jpg,Strach
archive (3)/Train/anger/image0022886.jpg,Złość
archive (3)/Test/surprise/ffhq_636.png,Zaskoczenie
archive (3)/Train/sad/image0006535.jpg,Smutek
archive (3)/Train/sad/image0030145.jpg,Smutek
archive (3)/Train/fear/image0040925.jpg,Strach
archive (3)/Train/fear/image0040763.jpg,Strach
archive (3)/Test/sad/image0018292.jpg,Smutek
archive (3)/Test/happy/ffhq_2690.png,Szczęście
archive (3)/Train/happy/ffhq_3314.png,Szczęście
archive (3)/Test/fear/image0035454.jpg,Strach
archive (3)/Train/anger/image0027070.jpg,Złość
archive (3)/Test/Anger/image0000441.jpg,Złość
archive (3)/Train/happy/ffhq_3652.png,Szczęście
archive (3)/Train/sad/image0027034.jpg,Smutek
archive (3)/Train/sad/image0019306.jpg,Smutek
archive (3)/Test/Anger/image0019633.jpg,Złość
archive (3)/Test/surprise/image0000993.jpg,Zaskoczenie
archive (3)/Test/happy/ffhq_2235.png,Szczęście
archive (3)/Train/happy/ffhq_3997.png,Szczęście
archive (3)/Train/anger/image0030560.jpg,Złość
archive (3)/Train/happy/ffhq_4996.png,Szczęście
archive (3)/Train/sad/image0024832.jpg,Smutek
archive (3)/Train/anger/image0028279.jpg,Złość
archive (3)/Train/surprise/image0029752.jpg,Zaskoczenie
archive (3)/Test/fear/image0002031.jpg,Strach
archive (3)/Test/fear/image0035161.jpg,Strach
archive (3)/Train/anger/image0029815.jpg,Złość
archive (3)/Test/Anger/image0001283.jpg,Złość
archive (3)/Test/Anger/image0009076.jpg,Złość
archive (3)/Test/surprise/ffhq_627.png,Zaskoczenie
archive (3)/Train/happy/ffhq_3241.png,Szczęście
archive (3)/Test/fear/image0031733.jpg,Strach
archive (3)/Train/sad/image0022761.jpg,Smutek
archive (3)/Test/happy/ffhq_547.png,Szczęście
archive (3)/Test/Anger/image0011591.jpg,Złość
archive (3)/Train/anger/image0030742.jpg,Złość
archive (3)/Test/surprise/image0020162.jpg,Zaskoczenie
archive (3)/Train/sad/image0000563.jpg,Smutek
archive (3)/Train/sad/image0026856.jpg,Smutek
archive (3)/Test/Anger/image0002524.jpg,Złość
archive (3)/Test/happy/ffhq_1615.png,Szczęście
archive (3)/Train/surprise/image0030767.jpg,Zaskoczenie
archive (3)/Test/sad/image0013616.jpg,Smutek
archive (3)/Train/anger/image0025741.jpg,Złość
archive (3)/Test/sad/image0019089.jpg,Smutek
archive (3)/Test/fear/image0019321.jpg,Strach
archive (3)/Train/sad/image0002086.jpg,Smutek
archive (3)/Train/surprise/image0023975.jpg,Zaskoczenie
archive (3)/Test/sad/image0020478.jpg,Smutek
archive (3)/Train/sad/image0015403.jpg,Smutek
archive (3)/Test/happy/ffhq_1530.png,Szczęście
archive (3)/Train/happy/ffhq_3654.png,Szczęście
archive (3)/Train/anger/image0027508.jpg,Złość
archive (3)/Test/surprise/image0015590.jpg,Zaskoczenie
archive (3)/Test/surprise/ffhq_588.png,Zaskoczenie
archive (3)/Test/surprise/image0015615.jpg,Zaskoczenie
archive (3)/Test/sad/image0002489.jpg,Smutek
archive (3)/Test/sad/image0020601.jpg,Smutek
archive (3)/Test/surprise/image0002115.jpg,Zaskoczenie
archive (3)/Train/happy/ffhq_3274.png,Szczęście
archive (3)/Test/surprise/ffhq_6.png,Zaskoczenie
archive (3)/Test/happy/ffhq_758.png,Szczęście
archive (3)/Train/sad/image0019547.jpg,Smutek
archive (3)/Train/sad/image0029294.jpg,Smutek
archive (3)/Train/sad/image0021956.jpg,Smutek
archive (3)/Train/happy/ffhq_3946.png,Szczęście
archive (3)/Test/happy/ffhq_152.png,Szczęście
archive (3)/Train/happy/ffhq_3533.png,Szczęście
archive (3)/Test/sad/image0013441.jpg,Smutek
archive (3)/Train/sad/image0023446.jpg,Smutek
archive (3)/Test/fear/image0034575.jpg,Strach
archive (3)/Train/surprise/image0031259.jpg,Zaskoczenie
archive (3)/Train/surprise/image0025247.jpg,Zaskoczenie
archive (3)/Test/happy/ffhq_2492.png,Szczęście
archive (3)/Train/sad/image0027162.jpg,Smutek
archive (3)/Test/happy/ffhq_1516.png,Szczęście
archive (3)/Test/sad/image0013271.jpg,Smutek
archive (3)/Train/sad/image0005477.jpg,Smutek
archive (3)/Test/happy/ffhq_1119.png,Szczęście
archive (3)/Train/surprise/image0031461.jpg,Zaskoczenie
archive (3)/Test/fear/image0022257.jpg,Strach
archive (3)/Train/surprise/image0033592.jpg,Zaskoczenie
archive (3)/Test/Anger/image0017779.jpg,Złość
archive (3)/Train/happy/ffhq_4493.png,Szczęście
archive (3)/Train/surprise/image0024049.jpg,Zaskoczenie
archive (3)/Train/sad/image0002812.jpg,Smutek
archive (3)/Test/Anger/image0008055.jpg,Złość
archive (3)/Test/sad/image0000383.jpg,Smutek
archive (3)/Train/happy/ffhq_4552.png,Szczęście
archive (3)/Test/surprise/image0015893.jpg,Zaskoczenie
archive (3)/Test/sad/image0014841.jpg,Smutek
archive (3)/Test/fear/image0031130.jpg,Strach
archive (3)/Test/sad/image0019516.jpg,Smutek
archive (3)/Test/sad/image0012466.jpg,Smutek
archive (3)/Test/happy/ffhq_2209.png,Szczęście
archive (3)/Test/happy/ffhq_2543.png,Szczęście
archive (3)/Train/surprise/image0034824.jpg,Zaskoczenie
archive (3)/Train/surprise/image0034317.jpg,Zaskoczenie
archive (3)/Train/sad/image0008539.jpg,Smutek
archive (3)/Test/surprise/ffhq_629.png,Zaskoczenie
archive (3)/Test/fear/image0016136.jpg,Strach
archive (3)/Test/Anger/image0013831.jpg,Złość
archive (3)/Test/Anger/image0011973.jpg,Złość
archive (3)/Test/sad/image0002490.jpg,Smutek
archive (3)/Train/surprise/image0030099.jpg,Zaskoczenie
archive (3)/Train/sad/image0029850.jpg,Smutek
archive (3)/Test/happy/ffhq_2187.png,Szczęście
archive (3)/Train/fear/image0039562.jpg,Strach
archive (3)/Test/happy/ffhq_1237.png,Szczęście
archive (3)/Test/Anger/image0014011.jpg,Złość
archive (3)/Test/happy/ffhq_656.png,Szczęście
archive (3)/Train/happy/ffhq_4650.png,Szczęście
archive (3)/Test/Anger/image0018949.jpg,Złość
archive (3)/Train/happy/ffhq_3031.png,Szczęście
archive (3)/Train/happy/ffhq_4035.png,Szczęście
archive (3)/Train/happy/ffhq_3581.png,Szczęście
archive (3)/Train/happy/ffhq_4714.png,Szczęście
archive (3)/Train/surprise/image0029258.jpg,Zaskoczenie
archive (3)/Train/sad/image0025995.jpg,Smutek
archive (3)/Test/happy/ffhq_1171.png,Szczęście
archive (3)/Train/sad/image0022546.jpg,Smutek
archive (3)/Test/sad/image0012533.jpg,Smutek
archive (3)/Test/fear/image0021035.jpg,Strach
archive (3)/Train/sad/image0029076.jpg,Smutek
archive (3)/Test/sad/image0009010.jpg,Smutek
archive (3)/Train/sad/image0029943.jpg,Smutek
archive (3)/Train/fear/image0039224.jpg,Strach
archive (3)/Train/fear/image0040264.jpg,Strach
archive (3)/Train/happy/ffhq_4603.png,Szczęście
archive (3)/Train/sad/image0027405.jpg,Smutek
archive (3)/Test/happy/ffhq_434.png,Szczęście
archive (3)/Train/surprise/image0031091.jpg,Zaskoczenie
archive (3)/Test/happy/ffhq_982.png,Szczęście
archive (3)/Train/fear/image0036773.jpg,Strach
archive (3)/Test/Anger/image0017982.jpg,Złość
archive (3)/Train/fear/image0038852.jpg,Strach
archive (3)/Train/happy/ffhq_4093.png,Szczęście
archive (3)/Train/surprise/image0027962.jpg,Zaskoczenie
archive (3)/Test/Anger/image0001296.jpg,Złość
archive (3)/Train/surprise/image0030711.jpg,Zaskoczenie
archive (3)/Train/sad/image0016398.jpg,Smutek
archive (3)/Test/fear/image0030463.jpg,Strach
archive (3)/Test/sad/image0021349.jpg,Smutek
archive (3)/Test/happy/ffhq_2006.png,Szczęście
archive (3)/Train/happy/ffhq_4464.png,Szczęście
archive (3)/Train/sad/image0029504.jpg,Smutek
archive (3)/Test/surprise/image0022034.jpg,Zaskoczenie
archive (3)/Test/surprise/image0023107.jpg,Zaskoczenie
archive (3)/Train/sad/image0020168.jpg,Smutek
archive (3)/Train/happy/ffhq_4592.png,Szczęście
archive (3)/Test/fear/image0021072.jpg,Strach
archive (3)/Train/sad/image0030355.jpg,Smutek
archive (3)/Test/happy/ffhq_2047.png,Szczęście
archive (3)/Test/fear/image0022011.jpg,Strach
archive (3)/Train/surprise/image0030186.jpg,Zaskoczenie
archive (3)/Train/surprise/image0033532.jpg,Zaskoczenie
archive (3)/Test/fear/image0023278.jpg,Strach
archive (3)/Test/happy/ffhq_1430.png,Szczęście
archive (3)/Train/sad/image0006154.jpg,Smutek
archive (3)/Train/happy/ffhq_3235.png,Szczęście
archive (3)/Test/surprise/ffhq_327.png,Zaskoczenie
archive (3)/Test/Anger/image0003920.jpg,Złość
archive (3)/Train/happy/ffhq_4234.png,Szczęście
archive (3)/Train/happy/ffhq_4922.png,Szczęście
archive (3)/Train/fear/image0040672.jpg,Strach
archive (3)/Train/sad/image0007817.jpg,Smutek
archive (3)/Train/happy/ffhq_4878.png,Szczęście
archive (3)/Train/anger/image0024155.jpg,Złość
archive (3)/Test/happy/ffhq_574.png,Szczęście
archive (3)/Train/fear/image0039982.jpg,Strach
archive (3)/Test/Anger/image0020806.jpg,Złość
archive (3)/Test/surprise/image0017814.jpg,Zaskoczenie
archive (3)/Test/fear/image0000777.jpg,Strach
archive (3)/Test/happy/ffhq_809.png,Szczęście
archive (3)/Test/sad/image0008422.jpg,Smutek
archive (3)/Train/sad/image0020351.jpg,Smutek
archive (3)/Train/happy/ffhq_2970.png,Szczęście
archive (3)/Test/surprise/ffhq_573.png,Zaskoczenie
archive (3)/Test/happy/ffhq_353.png,Szczęście
archive (3)/Train/surprise/image0033712.jpg,Zaskoczenie
archive (3)/Test/happy/ffhq_79.png,Szczęście
archive (3)/Test/Anger/image0018333.jpg,Złość
archive (3)/Train/happy/ffhq_3242.png,Szczęście
archive (3)/Test/Anger/image0004819.jpg,Złość
archive (3)/Train/sad/image0029908.jpg,Smutek
archive (3)/Train/sad/image0028190.jpg,Smutek
archive (3)/Test/sad/image0013804.jpg,Smutek
archive (3)/Test/happy/ffhq_2467.png,Szczęście
archive (3)/Train/sad/image0028622.jpg,Smutek
archive (3)/Train/fear/image0039097.jpg,Strach
archive (3)/Test/happy/ffhq_1843.png,Szczęście
archive (3)/Test/sad/image0005835.jpg,Smutek
archive (3)/Test/happy/ffhq_1579.png,Szczęście
archive (3)/Train/anger/image0026404.jpg,Złość
archive (3)/Test/surprise/ffhq_469.png,Zaskoczenie
archive (3)/Train/surprise/image0027592.jpg,Zaskoczenie
archive (3)/Train/happy/ffhq_4386.png,Szczęście
archive (3)/Train/sad/image0021234.jpg,Smutek
archive (3)/Test/happy/ffhq_1929.png,Szczęście
archive (3)/Train/anger/image0026008.jpg,Złość
archive (3)/Test/sad/image0020083.jpg,Smutek
archive (3)/Test/fear/image0031049.jpg,Strach
archive (3)/Test/surprise/image0019188.jpg,Zaskoczenie
archive (3)/Test/surprise/image0011447.jpg,Zaskoczenie
archive (3)/Test/fear/image0032144.jpg,Strach
archive (3)/Train/happy/ffhq_4768.png,Szczęście
archive (3)/Test/Anger/image0019314.jpg,Złość
archive (3)/Train/anger/image0022012.jpg,Złość
archive (3)/Train/happy/ffhq_4444.png,Szczęście
archive (3)/Test/surprise/image0003571.jpg,Zaskoczenie
archive (3)/Train/happy/ffhq_3321.png,Szczęście
archive (3)/Test/fear/image0027907.jpg,Strach
archive (3)/Train/sad/image0025087.jpg,Smutek
archive (3)/Test/Anger/image0001974.jpg,Złość
archive (3)/Train/fear/image0038198.jpg,Strach
archive (3)/Train/sad/image0005610.jpg,Smutek
archive (3)/Test/surprise/image0007814.jpg,Zaskoczenie
archive (3)/Test/happy/ffhq_2131.png,Szczęście
archive (3)/Test/happy/ffhq_987.png,Szczęście
archive (3)/Train/sad/image0005709.jpg,Smutek
archive (3)/Test/happy/ffhq_2170.png,Szczęście
archive (3)/Test/happy/ffhq_1899.png,Szczęście
archive (3)/Test/sad/image0007923.jpg,Smutek
archive (3)/Train/surprise/image0031489.jpg,Zaskoczenie
archive (3)/Train/anger/image0026250.jpg,Złość
archive (3)/Test/happy/ffhq_567.png,Szczęście
archive (3)/Train/surprise/image0030966.jpg,Zaskoczenie
archive (3)/Test/happy/ffhq_1940.png,Szczęście
archive (3)/Test/happy/ffhq_1291.png,Szczęście
archive (3)/Test/Anger/image0014249.jpg,Złość
archive (3)/Test/happy/ffhq_214.png,Szczęście
archive (3)/Train/happy/ffhq_3871.png,Szczęście
archive (3)/Test/surprise/image0020696.jpg,Zaskoczenie
archive (3)/Train/surprise/image0033615.jpg,Zaskoczenie
archive (3)/Test/happy/ffhq_400.png,Szczęście
archive (3)/Test/surprise/image0020718.jpg,Zaskoczenie
archive (3)/Train/happy/ffhq_3444.png,Szczęście
archive (3)/Train/anger/image0025188.jpg,Złość
archive (3)/Train/surprise/image0026198.jpg,Zaskoczenie
archive (3)/Train/sad/image0028412.jpg,Smutek
archive (3)/Test/fear/image0034780.jpg,Strach
archive (3)/Test/sad/image0008064.jpg,Smutek
archive (3)/Test/Anger/image0018406.jpg,Złość
archive (3)/Test/happy/ffhq_64.png,Szczęście
archive (3)/Train/surprise/image0028066.jpg,Zaskoczenie
archive (3)/Test/happy/ffhq_1755.png,Szczęście
archive (3)/Test/happy/ffhq_2539.png,Szczęście
archive (3)/Test/happy/ffhq_2153.png,Szczęście
archive (3)/Train/sad/image0023460.jpg,Smutek
archive (3)/Test/sad/image0010114.jpg,Smutek
archive (3)/Train/fear/image0040531.jpg,Strach
archive (3)/Train/sad/image0028674.jpg,Smutek
archive (3)/Test/fear/image0026204.jpg,Strach
archive (3)/Test/happy/ffhq_475.png,Szczęście
archive (3)/Train/anger/image0024658.jpg,Złość
archive (3)/Train/surprise/image0025442.jpg,Zaskoczenie
archive (3)/Train/sad/image0015728.jpg,Smutek
archive (3)/Test/Anger/image0005516.jpg,Złość
archive (3)/Train/sad/image0016141.jpg,Smutek
archive (3)/Test/sad/image0014942.jpg,Smutek
archive (3)/Test/surprise/image0005662.jpg,Zaskoczenie
archive (3)/Train/anger/image0028368.jpg,Złość
archive (3)/Test/happy/ffhq_2380.png,Szczęście
archive (3)/Train/fear/image0039923.jpg,Strach
archive (3)/Train/happy/ffhq_4971.png,Szczęście
archive (3)/Test/Anger/image0017681.jpg,Złość
archive (3)/Test/surprise/image0005176.jpg,Zaskoczenie
archive (3)/Train/sad/image0026383.jpg,Smutek
archive (3)/Test/happy/ffhq_1413.png,Szczęście
archive (3)/Train/surprise/image0034900.jpg,Zaskoczenie
archive (3)/Test/Anger/image0013642.jpg,Złość
archive (3)/Test/fear/image0019897.jpg,Strach
archive (3)/Test/happy/ffhq_185.png,Szczęście
archive (3)/Test/happy/ffhq_2409.png,Szczęście
archive (3)/Test/happy/ffhq_2312.png,Szczęście
archive (3)/Train/happy/ffhq_2772.png,Szczęście
archive (3)/Test/sad/image0018597.jpg,Smutek
archive (3)/Test/happy/ffhq_2625.png,Szczęście
archive (3)/Train/happy/ffhq_3498.png,Szczęście
archive (3)/Test/Anger/image0005597.jpg,Złość
archive (3)/Train/happy/ffhq_4667.png,Szczęście
archive (3)/Test/sad/image0013118.jpg,Smutek
archive (3)/Test/surprise/image0005958.jpg,Zaskoczenie
archive (3)/Test/fear/image0035411.jpg,Strach
archive (3)/Train/anger/image0029667.jpg,Złość
archive (3)/Train/happy/ffhq_4473.png,Szczęście
archive (3)/Test/happy/ffhq_1179.png,Szczęście
archive (3)/Train/sad/image0022671.jpg,Smutek
archive (3)/Train/sad/image0027503.jpg,Smutek
archive (3)/Train/happy/ffhq_4303.png,Szczęście
archive (3)/Train/happy/ffhq_4440.png,Szczęście
archive (3)/Test/fear/image0021843.jpg,Strach
archive (3)/Test/happy/ffhq_375.png,Szczęście
archive (3)/Train/happy/ffhq_3849.png,Szczęście
archive (3)/Train/fear/image0039602.jpg,Strach
archive (3)/Test/Anger/image0011596.jpg,Złość
archive (3)/Train/sad/image0015816.jpg,Smutek
archive (3)/Train/fear/image0039962.jpg,Strach
archive (3)/Train/happy/ffhq_3908.png,Szczęście
archive (3)/Train/happy/ffhq_3481.png,Szczęście
archive (3)/Test/Anger/image0012602.jpg,Złość
archive (3)/Train/sad/image0028177.jpg,Smutek
archive (3)/Train/fear/image0039873.jpg,Strach
archive (3)/Test/fear/image0034726.jpg,Strach
archive (3)/Train/anger/image0026625.jpg,Złość
archive (3)/Train/happy/ffhq_4516.png,Szczęście
archive (3)/Train/anger/image0028273.jpg,Złość
archive (3)/Test/surprise/image0015671.jpg,Zaskoczenie
archive (3)/Test/surprise/ffhq_655.png,Zaskoczenie
archive (3)/Test/fear/image0022915.jpg,Strach
archive (3)/Test/surprise/image0022261.jpg,Zaskoczenie
archive (3)/Train/sad/image0006642.jpg,Smutek
archive (3)/Test/fear/image0032494.jpg,Strach
archive (3)/Train/sad/image0015795.jpg,Smutek
archive (3)/Test/fear/image0032096.jpg,Strach
archive (3)/Train/fear/image0036959.jpg,Strach
archive (3)/Train/sad/image0030358.jpg,Smutek
archive (3)/Test/Anger/image0015870.jpg,Złość
archive (3)/Test/surprise/ffhq_481.png,Zaskoczenie
archive (3)/Train/anger/image0030541.jpg,Złość
archive (3)/Test/fear/image0026259.jpg,Strach
archive (3)/Train/surprise/image0028055.jpg,Zaskoczenie
archive (3)/Test/Anger/image0019006.jpg,Złość
archive (3)/Test/happy/ffhq_2048.png,Szczęście
archive (3)/Train/happy/ffhq_2745.png,Szczęście
archive (3)/Test/fear/image0026272.jpg,Strach
archive (3)/Train/sad/image0028734.jpg,Smutek
archive (3)/Test/happy/ffhq_2045.png,Szczęście
archive (3)/Train/fear/image0036254.jpg,Strach
archive (3)/Test/surprise/image0013840.jpg,Zaskoczenie
archive (3)/Test/surprise/ffhq_332.png,Zaskoczenie
archive (3)/Test/sad/image0011832.jpg,Smutek
archive (3)/Test/Anger/image0018425.jpg,Złość
archive (3)/Train/surprise/image0027693.jpg,Zaskoczenie
archive (3)/Train/fear/image0037511.jpg,Strach
archive (3)/Test/Anger/image0015733.jpg,Złość
archive (3)/Test/sad/image0020270.jpg,Smutek
archive (3)/Test/Anger/image0021191.jpg,Złość
archive (3)/Test/sad/image0018948.jpg,Smutek
archive (3)/Train/sad/image0005743.jpg,Smutek
archive (3)/Train/happy/ffhq_4692.png,Szczęście
archive (3)/Test/surprise/ffhq_451.png,Zaskoczenie
archive (3)/Test/happy/ffhq_955.png,Szczęście
archive (3)/Train/surprise/image0034957.jpg,Zaskoczenie
archive (3)/Test/surprise/image0019704.jpg,Zaskoczenie
archive (3)/Test/fear/image0017793.jpg,Strach
archive (3)/Test/happy/ffhq_1346.png,Szczęście
archive (3)/Train/anger/image0025374.jpg,Złość
archive (3)/Test/fear/image0030732.jpg,Strach
archive (3)/Test/happy/ffhq_2004.png,Szczęście
archive (3)/Test/Anger/image0000513.jpg,Złość
archive (3)/Test/surprise/ffhq_508.png,Zaskoczenie
archive (3)/Test/Anger/image0021748.jpg,Złość
archive (3)/Test/fear/image0021286.jpg,Strach
archive (3)/Test/surprise/image0014945.jpg,Zaskoczenie
archive (3)/Train/surprise/image0032669.jpg,Zaskoczenie
archive (3)/Train/happy/ffhq_4815.png,Szczęście
archive (3)/Train/surprise/image0032773.jpg,Zaskoczenie
archive (3)/Test/happy/ffhq_417.png,Szczęście
archive (3)/Test/happy/ffhq_693.png,Szczęście
archive (3)/Test/surprise/image0012715.jpg,Zaskoczenie
archive (3)/Test/fear/image0033634.jpg,Strach
archive (3)/Train/sad/image0018672.jpg,Smutek
archive (3)/Test/sad/image0007568.jpg,Smutek
archive (3)/Train/surprise/image0034357.jpg,Zaskoczenie
archive (3)/Test/fear/image0035401.jpg,Strach
archive (3)/Test/sad/image0019615.jpg,Smutek
archive (3)/Test/happy/ffhq_2053.png,Szczęście
archive (3)/Test/sad/image0004297.jpg,Smutek
archive (3)/Test/fear/image0031385.jpg,Strach
archive (3)/Train/surprise/image0030454.jpg,Zaskoczenie
archive (3)/Train/happy/ffhq_4129.png,Szczęście
archive (3)/Test/Anger/image0003422.jpg,Złość
archive (3)/Train/fear/image0038246.jpg,Strach
archive (3)/Train/sad/image0028112.jpg,Smutek
archive (3)/Train/sad/image0012556.jpg,Smutek
archive (3)/Train/sad/image0006593.jpg,Smutek
archive (3)/Train/fear/image0039501.jpg,Strach
archive (3)/Train/sad/image0005989.jpg,Smutek
archive (3)/Train/surprise/image0033814.jpg,Zaskoczenie
archive (3)/Train/sad/image0024555.jpg,Smutek
archive (3)/Test/Anger/image0020474.jpg,Złość
archive (3)/Test/happy/ffhq_1644.png,Szczęście
archive (3)/Train/sad/image0028107.jpg,Smutek
archive (3)/Train/sad/image0022464.jpg,Smutek
archive (3)/Test/sad/image0004715.jpg,Smutek
archive (3)/Test/Anger/image0002928.jpg,Złość
archive (3)/Train/happy/ffhq_4196.png,Szczęście
archive (3)/Test/sad/image0018863.jpg,Smutek
archive (3)/Train/sad/image0025736.jpg,Smutek
archive (3)/Train/surprise/image0031284.jpg,Zaskoczenie
archive (3)/Train/happy/ffhq_4075.png,Szczęście
archive (3)/Test/Anger/image0013486.jpg,Złość
archive (3)/Test/happy/ffhq_915.png,Szczęście
archive (3)/Train/happy/ffhq_4742.png,Szczęście
archive (3)/Test/happy/ffhq_2229.png,Szczęście
archive (3)/Train/happy/ffhq_4560.png,Szczęście
archive (3)/Test/Anger/image0006597.jpg,Złość
archive (3)/Train/fear/image0037700.jpg,Strach
archive (3)/Test/Anger/image0013358.jpg,Złość
archive (3)/Train/happy/ffhq_4663.png,Szczęście
archive (3)/Train/anger/image0027660.jpg,Złość
archive (3)/Train/happy/ffhq_2780.png,Szczęście
archive (3)/Train/sad/image0002576.jpg,Smutek
archive (3)/Test/Anger/image0016348.jpg,Złość
archive (3)/Train/happy/ffhq_2764.png,Szczęście
archive (3)/Test/sad/image0014198.jpg,Smutek
archive (3)/Test/Anger/image0007812.jpg,Złość
archive (3)/Test/happy/ffhq_1894.png,Szczęście
archive (3)/Test/sad/image0008361.jpg,Smutek
archive (3)/Train/surprise/image0026908.jpg,Zaskoczenie
archive (3)/Train/anger/image0023484.jpg,Złość
archive (3)/Test/Anger/image0010113.jpg,Złość
archive (3)/Test/sad/image0019742.jpg,Smutek
archive (3)/Train/surprise/image0032128.jpg,Zaskoczenie
archive (3)/Train/happy/ffhq_4730.png,Szczęście
archive (3)/Test/Anger/image0016323.jpg,Złość
archive (3)/Test/happy/ffhq_1884.png,Szczęście
archive (3)/Test/surprise/image0022503.jpg,Zaskoczenie
archive (3)/Train/surprise/image0031722.jpg,Zaskoczenie
archive (3)/Test/happy/ffhq_265.png,Szczęście
archive (3)/Train/anger/image0022327.jpg,Złość
archive (3)/Train/surprise/image0031579.jpg,Zaskoczenie
archive (3)/Train/anger/image0023639.jpg,Złość
archive (3)/Train/sad/image0012670.jpg,Smutek
archive (3)/Test/happy/ffhq_1972.png,Szczęście
archive (3)/Train/anger/image0029797.jpg,Złość
archive (3)/Train/sad/image0025192.jpg,Smutek
archive (3)/Train/happy/ffhq_4350.png,Szczęście
archive (3)/Train/sad/image0007623.jpg,Smutek
archive (3)/Train/sad/image0018735.jpg,Smutek
archive (3)/Train/happy/ffhq_2744.png,Szczęście
archive (3)/Train/happy/ffhq_4349.png,Szczęście
archive (3)/Test/surprise/image0022602.jpg,Zaskoczenie
archive (3)/Train/sad/image0028454.jpg,Smutek
archive (3)/Train/happy/ffhq_4756.png,Szczęście
archive (3)/Test/happy/ffhq_2219.png,Szczęście
archive (3)/Test/fear/image0029038.jpg,Strach
archive (3)/Train/fear/image0040942.jpg,Strach
archive (3)/Train/anger/image0029633.jpg,Złość
archive (3)/Test/happy/ffhq_1352.png,Szczęście
archive (3)/Test/happy/ffhq_968.png,Szczęście
archive (3)/Train/happy/ffhq_4777.png,Szczęście
archive (3)/Train/anger/image0029093.jpg,Złość
archive (3)/Train/sad/image0025353.jpg,Smutek
archive (3)/Test/fear/image0029477.jpg,Strach
archive (3)/Train/fear/image0039550.jpg,Strach
archive (3)/Train/surprise/image0034398.jpg,Zaskoczenie
archive (3)/Train/surprise/image0033860.jpg,Zaskoczenie
archive (3)/Train/anger/image0026154.jpg,Złość
archive (3)/Train/happy/ffhq_2869.png,Szczęście
archive (3)/Train/sad/image0008693.jpg,Smutek
archive (3)/Test/surprise/image0020883.jpg,Zaskoczenie
archive (3)/Train/surprise/image0034238.jpg,Zaskoczenie
archive (3)/Train/happy/ffhq_3178.png,Szczęście
archive (3)/Test/sad/image0004250.jpg,Smutek
archive (3)/Train/happy/ffhq_3768.png,Szczęście
archive (3)/Test/happy/ffhq_2148.png,Szczęście
archive (3)/Test/happy/ffhq_1574.png,Szczęście
archive (3)/Train/sad/image0030213.jpg,Smutek
archive (3)/Test/sad/image0020924.jpg,Smutek
archive (3)/Train/sad/image0025933.jpg,Smutek
archive (3)/Train/fear/image0036680.jpg,Strach
archive (3)/Train/fear/image0038461.jpg,Strach
archive (3)/Train/sad/image0020274.jpg,Smutek
archive (3)/Train/surprise/image0034332.jpg,Zaskoczenie
archive (3)/Test/fear/image0020906.jpg,Strach
archive (3)/Test/Anger/image0019954.jpg,Złość
archive (3)/Test/happy/ffhq_38.png,Szczęście
archive (3)/Train/fear/image0037859.jpg,Strach
archive (3)/Test/happy/ffhq_1553.png,Szczęście
archive (3)/Train/happy/ffhq_3663.png,Szczęście
archive (3)/Train/happy/ffhq_3644.png,Szczęście
archive (3)/Train/happy/ffhq_3182.png,Szczęście
archive (3)/Test/happy/ffhq_414.png,Szczęście
archive (3)/Train/anger/image0023362.jpg,Złość
archive (3)/Test/happy/ffhq_498.png,Szczęście
archive (3)/Test/Anger/image0006020.jpg,Złość
archive (3)/Train/anger/image0025655.jpg,Złość
archive (3)/Train/fear/image0037642.jpg,Strach
archive (3)/Test/happy/ffhq_388.png,Szczęście
archive (3)/Train/happy/ffhq_4235.png,Szczęście
archive (3)/Test/sad/image0006069.jpg,Smutek
archive (3)/Test/happy/ffhq_1710.png,Szczęście
archive (3)/Train/sad/image0025950.jpg,Smutek
archive (3)/Test/Anger/image0021769.jpg,Złość
archive (3)/Train/happy/ffhq_4789.png,Szczęście
archive (3)/Test/fear/image0032892.jpg,Strach
archive (3)/Test/Anger/image0020454.jpg,Złość
archive (3)/Test/happy/ffhq_964.png,Szczęście
archive (3)/Train/sad/image0027602.jpg,Smutek
archive (3)/Test/Anger/image0019844.jpg,Złość
archive (3)/Test/fear/image0022990.jpg,Strach
archive (3)/Test/happy/ffhq_1232.png,Szczęście
archive (3)/Train/sad/image0029166.jpg,Smutek
archive (3)/Test/fear/image0018718.jpg,Strach
archive (3)/Train/fear/image0040307.jpg,Strach
archive (3)/Train/fear/image0040743.jpg,Strach
archive (3)/Train/happy/ffhq_4614.png,Szczęście
archive (3)/Train/fear/image0039505.jpg,Strach
archive (3)/Test/surprise/image0000855.jpg,Zaskoczenie
archive (3)/Train/sad/image0005386.jpg,Smutek
archive (3)/Train/fear/image0040536.jpg,Strach
archive (3)/Train/sad/image0017604.jpg,Smutek
archive (3)/Test/happy/ffhq_151.png,Szczęście
archive (3)/Train/sad/image0027479.jpg,Smutek
archive (3)/Train/fear/image0040249.jpg,Strach
archive (3)/Test/surprise/ffhq_611.png,Zaskoczenie
archive (3)/Test/happy/ffhq_2070.png,Szczęście
archive (3)/Train/happy/ffhq_4313.png,Szczęście
archive (3)/Train/sad/image0022468.jpg,Smutek
archive (3)/Test/happy/ffhq_588.png,Szczęście
archive (3)/Test/fear/image0035109.jpg,Strach
archive (3)/Test/fear/image0009173.jpg,Strach
archive (3)/Test/happy/ffhq_608.png,Szczęście
archive (3)/Train/surprise/image0034803.jpg,Zaskoczenie
archive (3)/Test/surprise/image0020266.jpg,Zaskoczenie
archive (3)/Test/fear/image0010669.jpg,Strach
archive (3)/Test/happy/ffhq_1849.png,Szczęście
archive (3)/Train/happy/ffhq_3404.png,Szczęście
archive (3)/Test/happy/ffhq_722.png,Szczęście
archive (3)/Train/fear/image0037445.jpg,Strach
archive (3)/Test/surprise/image0022684.jpg,Zaskoczenie
archive (3)/Train/fear/image0040435.jpg,Strach
archive (3)/Test/Anger/image0017644.jpg,Złość
archive (3)/Test/fear/image0035182.jpg,Strach
archive (3)/Train/surprise/image0034547.jpg,Zaskoczenie
archive (3)/Test/fear/image0034156.jpg,Strach
archive (3)/Train/sad/image0027671.jpg,Smutek
archive (3)/Test/surprise/image0023684.jpg,Zaskoczenie
archive (3)/Train/fear/image0036320.jpg,Strach
archive (3)/Train/fear/image0035700.jpg,Strach
archive (3)/Train/anger/image0024203.jpg,Złość
archive (3)/Test/Anger/image0018628.jpg,Złość
archive (3)/Test/Anger/image0009534.jpg,Złość
archive (3)/Test/happy/ffhq_1006.png,Szczęście
archive (3)/Train/happy/ffhq_4242.png,Szczęście
archive (3)/Test/surprise/image0004721.jpg,Zaskoczenie
archive (3)/Train/sad/image0029391.jpg,Smutek
archive (3)/Train/happy/ffhq_4731.png,Szczęście
archive (3)/Test/Anger/image0017856.jpg,Złość
archive (3)/Test/happy/ffhq_1156.png,Szczęście
archive (3)/Test/surprise/ffhq_14.png,Zaskoczenie
archive (3)/Train/sad/image0010451.jpg,Smutek
archive (3)/Test/fear/image0033664.jpg,Strach
archive (3)/Test/happy/ffhq_211.png,Szczęście
archive (3)/Test/Anger/image0012453.jpg,Złość
archive (3)/Test/fear/image0033890.jpg,Strach
archive (3)/Test/surprise/image0017592.jpg,Zaskoczenie
archive (3)/Test/sad/image0002040.jpg,Smutek
archive (3)/Test/surprise/image0007130.jpg,Zaskoczenie
archive (3)/Test/surprise/image0018157.jpg,Zaskoczenie
archive (3)/Train/sad/image0011918.jpg,Smutek
archive (3)/Test/sad/image0020580.jpg,Smutek
archive (3)/Test/happy/ffhq_2442.png,Szczęście
archive (3)/Test/happy/ffhq_1008.png,Szczęście
archive (3)/Test/Anger/image0021533.jpg,Złość
archive (3)/Test/sad/image0011554.jpg,Smutek
archive (3)/Test/surprise/image0022528.jpg,Zaskoczenie
archive (3)/Train/sad/image0016204.jpg,Smutek
archive (3)/Test/surprise/ffhq_525.png,Zaskoczenie
archive (3)/Test/fear/image0031112.jpg,Strach
archive (3)/Test/happy/ffhq_1455.png,Szczęście
archive (3)/Test/surprise/ffhq_623.png,Zaskoczenie
archive (3)/Test/sad/image0012396.jpg,Smutek
archive (3)/Train/anger/image0023201.jpg,Złość
archive (3)/Train/happy/ffhq_4098.png,Szczęście
archive (3)/Train/happy/ffhq_4352.png,Szczęście
archive (3)/Train/happy/ffhq_3870.png,Szczęście
archive (3)/Test/happy/ffhq_1935.png,Szczęście
archive (3)/Train/sad/image0028216.jpg,Smutek
archive (3)/Test/sad/image0005941.jpg,Smutek
archive (3)/Train/sad/image0002061.jpg,Smutek
archive (3)/Train/surprise/image0033426.jpg,Zaskoczenie
archive (3)/Test/fear/image0025986.jpg,Strach
archive (3)/Train/sad/image0023810.jpg,Smutek
archive (3)/Train/anger/image0022973.jpg,Złość
archive (3)/Test/surprise/image0023508.jpg,Zaskoczenie
archive (3)/Train/happy/ffhq_2733.png,Szczęście
archive (3)/Train/sad/image0013711.jpg,Smutek
archive (3)/Test/sad/image0014571.jpg,Smutek
archive (3)/Train/happy/ffhq_4791.png,Szczęście
archive (3)/Train/sad/image0005638.jpg,Smutek
archive (3)/Train/surprise/image0033086.jpg,Zaskoczenie
archive (3)/Test/Anger/image0002667.jpg,Złość
archive (3)/Train/sad/image0006787.jpg,Smutek
archive (3)/Test/surprise/ffhq_610.png,Zaskoczenie
archive (3)/Test/Anger/image0008968.jpg,Złość
archive (3)/Test/happy/ffhq_160.png,Szczęście
archive (3)/Test/Anger/image0020043.jpg,Złość
archive (3)/Train/sad/image0004115.jpg,Smutek
archive (3)/Test/happy/ffhq_2390.png,Szczęście
archive (3)/Train/fear/image0039750.jpg,Strach
archive (3)/Test/surprise/image0011368.jpg,Zaskoczenie
archive (3)/Test/fear/image0034393.jpg,Strach
archive (3)/Train/fear/image0040420.jpg,Strach
archive (3)/Train/happy/ffhq_4786.png,Szczęście
archive (3)/Train/happy/ffhq_4848.png,Szczęście
archive (3)/Test/fear/image0001247.jpg,Strach
archive (3)/Test/happy/ffhq_650.png,Szczęście
archive (3)/Test/sad/image0003921.jpg,Smutek
archive (3)/Train/sad/image0027208.jpg,Smutek
archive (3)/Test/Anger/image0018144.jpg,Złość
archive (3)/Test/surprise/image0022827.jpg,Zaskoczenie
archive (3)/Train/fear/image0035981.jpg,Strach
archive (3)/Test/surprise/ffhq_9.png,Zaskoczenie
archive (3)/Test/happy/ffhq_2627.png,Szczęście
archive (3)/Train/surprise/image0026734.jpg,Zaskoczenie
archive (3)/Train/happy/ffhq_2837.png,Szczęście
archive (3)/Test/surprise/ffhq_340.png,Zaskoczenie
archive (3)/Test/happy/ffhq_1651.png,Szczęście
archive (3)/Test/happy/ffhq_2120.png,Szczęście
archive (3)/Test/sad/image0007270.jpg,Smutek
archive (3)/Test/happy/ffhq_1776.png,Szczęście
archive (3)/Train/sad/image0029579.jpg,Smutek
archive (3)/Train/surprise/image0034325.jpg,Zaskoczenie
archive (3)/Train/happy/ffhq_4697.png,Szczęście
archive (3)/Test/surprise/image0015784.jpg,Zaskoczenie
archive (3)/Train/anger/image0029293.jpg,Złość
archive (3)/Test/happy/ffhq_751.png,Szczęście
archive (3)/Test/surprise/image0019160.jpg,Zaskoczenie
archive (3)/Train/fear/image0039955.jpg,Strach
archive (3)/Train/anger/image0027898.jpg,Złość
archive (3)/Test/surprise/image0000128.jpg,Zaskoczenie
archive (3)/Train/anger/image0027858.jpg,Złość
archive (3)/Train/happy/ffhq_3657.png,Szczęście
archive (3)/Test/happy/ffhq_1504.png,Szczęście
archive (3)/Test/Anger/image0006976.jpg,Złość
archive (3)/Train/happy/ffhq_4275.png,Szczęście
archive (3)/Train/fear/image0038702.jpg,Strach
archive (3)/Test/fear/image0034047.jpg,Strach
archive (3)/Test/surprise/image0019453.jpg,Zaskoczenie
archive (3)/Test/surprise/image0020072.jpg,Zaskoczenie
archive (3)/Train/sad/image0029608.jpg,Smutek
archive (3)/Train/happy/ffhq_3142.png,Szczęście
archive (3)/Train/happy/ffhq_4549.png,Szczęście
archive (3)/Test/fear/image0031603.jpg,Strach
archive (3)/Train/surprise/image0032042.jpg,Zaskoczenie
archive (3)/Train/sad/image0030140.jpg,Smutek
archive (3)/Test/Anger/image0009171.jpg,Złość
archive (3)/Test/happy/ffhq_437.png,Szczęście
archive (3)/Test/happy/ffhq_1711.png,Szczęście
archive (3)/Test/Anger/image0019892.jpg,Złość
archive (3)/Test/sad/image0008942.jpg,Smutek
archive (3)/Test/happy/ffhq_373.png,Szczęście
archive (3)/Train/anger/image0025547.jpg,Złość
archive (3)/Train/sad/image0012686.jpg,Smutek
archive (3)/Test/surprise/image0012804.jpg,Zaskoczenie
archive (3)/Train/happy/ffhq_4148.png,Szczęście
archive (3)/Test/fear/image0034102.jpg,Strach
archive (3)/Train/surprise/image0030932.jpg,Zaskoczenie
archive (3)/Train/surprise/image0034171.jpg,Zaskoczenie
archive (3)/Train/sad/image0002904.jpg,Smutek
archive (3)/Train/happy/ffhq_4940.png,Szczęście
archive (3)/Train/surprise/image0033437.jpg,Zaskoczenie
archive (3)/Train/fear/image0039045.jpg,Strach
archive (3)/Test/surprise/image0013074.jpg,Zaskoczenie
archive (3)/Test/sad/image0019988.jpg,Smutek
archive (3)/Test/surprise/image0007748.jpg,Zaskoczenie
archive (3)/Test/sad/image0007080.jpg,Smutek
archive (3)/Train/anger/image0027245.jpg,Złość
archive (3)/Train/surprise/image0034578.jpg,Zaskoczenie
archive (3)/Test/Anger/image0011843.jpg,Złość
archive (3)/Train/surprise/image0033650.jpg,Zaskoczenie
archive (3)/Test/surprise/image0012580.jpg,Zaskoczenie
archive (3)/Test/sad/image0013465.jpg,Smutek
archive (3)/Train/surprise/image0031185.jpg,Zaskoczenie
archive (3)/Train/surprise/image0028018.jpg,Zaskoczenie
archive (3)/Test/Anger/image0013857.jpg,Złość
archive (3)/Test/fear/image0022019.jpg,Strach
archive (3)/Test/sad/image0006424.jpg,Smutek
archive (3)/Train/fear/image0039068.jpg,Strach
archive (3)/Test/fear/image0028143.jpg,Strach
archive (3)/Train/surprise/image0033832.jpg,Zaskoczenie
archive (3)/Test/surprise/image0008101.jpg,Zaskoczenie
archive (3)/Train/sad/image0027553.jpg,Smutek
archive (3)/Train/anger/image0025593.jpg,Złość
archive (3)/Train/fear/image0040209.jpg,Strach
archive (3)/Test/happy/ffhq_530.png,Szczęście
archive (3)/Train/surprise/image0034576.jpg,Zaskoczenie
archive (3)/Train/sad/image0013441.jpg,Smutek
archive (3)/Test/surprise/image0011108.jpg,Zaskoczenie
archive (3)/Train/surprise/image0024277.jpg,Zaskoczenie
archive (3)/Train/anger/image0026745.jpg,Złość
archive (3)/Test/surprise/image0023227.jpg,Zaskoczenie
archive (3)/Test/surprise/image0015708.jpg,Zaskoczenie
archive (3)/Train/anger/image0025657.jpg,Złość
archive (3)/Test/Anger/image0015833.jpg,Złość
archive (3)/Train/surprise/image0033433.jpg,Zaskoczenie
archive (3)/Train/happy/ffhq_4059.png,Szczęście
archive (3)/Train/fear/image0040750.jpg,Strach
archive (3)/Train/fear/image0038351.jpg,Strach
archive (3)/Test/happy/ffhq_2261.png,Szczęście
archive (3)/Train/anger/image0026778.jpg,Złość
archive (3)/Train/sad/image0024742.jpg,Smutek
archive (3)/Test/happy/ffhq_1407.png,Szczęście
archive (3)/Test/surprise/ffhq_161.png,Zaskoczenie
archive (3)/Train/sad/image0010381.jpg,Smutek
archive (3)/Train/sad/image0001837.jpg,Smutek
archive (3)/Train/sad/image0019085.jpg,Smutek
archive (3)/Test/happy/ffhq_457.png,Szczęście
archive (3)/Test/fear/image0026084.jpg,Strach
archive (3)/Train/happy/ffhq_4805.png,Szczęście
archive (3)/Test/sad/image0013403.jpg,Smutek
archive (3)/Train/surprise/image0032632.jpg,Zaskoczenie
archive (3)/Test/surprise/image0017329.jpg,Zaskoczenie
archive (3)/Test/fear/image0032598.jpg,Strach
archive (3)/Train/surprise/image0033843.jpg,Zaskoczenie
archive (3)/Test/surprise/image0000651.jpg,Zaskoczenie
archive (3)/Test/surprise/image0011705.jpg,Zaskoczenie
archive (3)/Test/sad/image0003581.jpg,Smutek
archive (3)/Train/surprise/image0033085.jpg,Zaskoczenie
archive (3)/Test/happy/ffhq_2494.png,Szczęście
archive (3)/Train/anger/image0025099.jpg,Złość
archive (3)/Train/happy/ffhq_2968.png,Szczęście
archive (3)/Test/happy/ffhq_621.png,Szczęście
archive (3)/Test/sad/image0019401.jpg,Smutek
archive (3)/Test/sad/image0005451.jpg,Smutek
archive (3)/Train/happy/ffhq_3036.png,Szczęście
archive (3)/Train/happy/ffhq_4721.png,Szczęście
archive (3)/Train/happy/ffhq_4738.png,Szczęście
archive (3)/Train/surprise/image0031502.jpg,Zaskoczenie
archive (3)/Train/sad/image0022928.jpg,Smutek
archive (3)/Train/sad/image0018655.jpg,Smutek
archive (3)/Train/sad/image0015754.jpg,Smutek
archive (3)/Test/fear/image0035301.jpg,Strach
archive (3)/Test/sad/image0015100.jpg,Smutek
archive (3)/Train/sad/image0014916.jpg,Smutek
archive (3)/Test/sad/image0015756.jpg,Smutek
archive (3)/Test/fear/image0032543.jpg,Strach
archive (3)/Train/fear/image0037434.jpg,Strach
archive (3)/Train/surprise/image0024647.jpg,Zaskoczenie
archive (3)/Train/happy/ffhq_3316.png,Szczęście
archive (3)/Test/Anger/image0000723.jpg,Złość
archive (3)/Test/fear/image0035366.jpg,Strach
archive (3)/Train/surprise/image0026890.jpg,Zaskoczenie
archive (3)/Test/happy/ffhq_1741.png,Szczęście
archive (3)/Test/sad/image0004549.jpg,Smutek
archive (3)/Test/sad/image0018527.jpg,Smutek
archive (3)/Test/fear/image0033904.jpg,Strach
archive (3)/Test/fear/image0032605.jpg,Strach
archive (3)/Test/Anger/image0021646.jpg,Złość
archive (3)/Train/surprise/image0029240.jpg,Zaskoczenie
archive (3)/Test/surprise/image0019166.jpg,Zaskoczenie
archive (3)/Train/happy/ffhq_4130.png,Szczęście
archive (3)/Test/surprise/ffhq_280.png,Zaskoczenie
archive (3)/Test/surprise/image0022270.jpg,Zaskoczenie
archive (3)/Test/Anger/image0015076.jpg,Złość
archive (3)/Train/fear/image0035667.jpg,Strach
archive (3)/Test/happy/ffhq_205.png,Szczęście
archive (3)/Train/anger/image0030284.jpg,Złość
archive (3)/Test/sad/image0012815.jpg,Smutek
archive (3)/Test/fear/image0001454.jpg,Strach
archive (3)/Test/fear/image0012007.jpg,Strach
archive (3)/Test/fear/image0030381.jpg,Strach
archive (3)/Test/Anger/image0018017.jpg,Złość
archive (3)/Test/Anger/image0010004.jpg,Złość
archive (3)/Test/happy/ffhq_239.png,Szczęście
archive (3)/Test/sad/image0017609.jpg,Smutek
archive (3)/Test/fear/image0032513.jpg,Strach
archive (3)/Test/Anger/image0021112.jpg,Złość
archive (3)/Test/happy/ffhq_2238.png,Szczęście
archive (3)/Test/happy/ffhq_166.png,Szczęście
archive (3)/Test/surprise/image0010710.jpg,Zaskoczenie
archive (3)/Train/happy/ffhq_4373.png,Szczęście
archive (3)/Train/happy/ffhq_4073.png,Szczęście
archive (3)/Test/Anger/image0011730.jpg,Złość
archive (3)/Test/fear/image0017454.jpg,Strach
archive (3)/Test/Anger/image0012369.jpg,Złość
archive (3)/Train/happy/ffhq_3923.png,Szczęście
archive (3)/Test/Anger/image0021124.jpg,Złość
archive (3)/Test/fear/image0024241.jpg,Strach
archive (3)/Test/surprise/ffhq_405.png,Zaskoczenie
archive (3)/Train/anger/image0025117.jpg,Złość
archive (3)/Test/surprise/ffhq_198.png,Zaskoczenie
archive (3)/Train/fear/image0039195.jpg,Strach
archive (3)/Test/happy/ffhq_2324.png,Szczęście
archive (3)/Train/happy/ffhq_3703.png,Szczęście
archive (3)/Train/anger/image0028604.jpg,Złość
archive (3)/Test/surprise/image0022087.jpg,Zaskoczenie
archive (3)/Train/happy/ffhq_3550.png,Szczęście
archive (3)/Train/anger/image0028042.jpg,Złość
archive (3)/Test/Anger/image0020933.jpg,Złość
archive (3)/Train/sad/image0016834.jpg,Smutek
archive (3)/Test/happy/ffhq_194.png,Szczęście
archive (3)/Test/surprise/image0022386.jpg,Zaskoczenie
archive (3)/Test/happy/ffhq_1714.png,Szczęście
archive (3)/Test/Anger/image0004946.jpg,Złość
archive (3)/Test/sad/image0015816.jpg,Smutek
archive (3)/Test/fear/image0034569.jpg,Strach
archive (3)/Test/fear/image0018360.jpg,Strach
archive (3)/Train/sad/image0021618.jpg,Smutek
archive (3)/Train/happy/ffhq_4782.png,Szczęście
archive (3)/Test/Anger/image0014674.jpg,Złość
archive (3)/Test/fear/image0033583.jpg,Strach
archive (3)/Test/sad/image0011199.jpg,Smutek
archive (3)/Test/surprise/image0015054.jpg,Zaskoczenie
archive (3)/Test/surprise/image0015917.jpg,Zaskoczenie
archive (3)/Train/sad/image0013547.jpg,Smutek
archive (3)/Train/happy/ffhq_4816.png,Szczęście
archive (3)/Train/happy/ffhq_4609.png,Szczęście
archive (3)/Train/happy/ffhq_4572.png,Szczęście
archive (3)/Train/fear/image0037063.jpg,Strach
archive (3)/Test/surprise/image0012842.jpg,Zaskoczenie
archive (3)/Train/anger/image0026823.jpg,Złość
archive (3)/Test/happy/ffhq_2489.png,Szczęście
archive (3)/Test/surprise/image0011259.jpg,Zaskoczenie
archive (3)/Test/happy/ffhq_687.png,Szczęście
archive (3)/Test/Anger/image0002281.jpg,Złość
archive (3)/Train/fear/image0035801.jpg,Strach
archive (3)/Test/happy/ffhq_1642.png,Szczęście
archive (3)/Test/happy/ffhq_1752.png,Szczęście
archive (3)/Train/fear/image0039318.jpg,Strach
archive (3)/Test/happy/ffhq_992.png,Szczęście
archive (3)/Test/sad/image0010451.jpg,Smutek
archive (3)/Test/sad/image0014688.jpg,Smutek
archive (3)/Test/fear/image0031122.jpg,Strach
archive (3)/Test/fear/image0035388.jpg,Strach
archive (3)/Test/happy/ffhq_786.png,Szczęście
archive (3)/Test/happy/ffhq_899.png,Szczęście
archive (3)/Test/sad/image0008940.jpg,Smutek
archive (3)/Test/fear/image0024841.jpg,Strach
archive (3)/Train/happy/ffhq_3147.png,Szczęście
archive (3)/Test/sad/image0006018.jpg,Smutek
archive (3)/Test/happy/ffhq_2277.png,Szczęście
archive (3)/Test/Anger/image0019123.jpg,Złość
archive (3)/Test/sad/image0019068.jpg,Smutek
archive (3)/Train/surprise/image0030662.jpg,Zaskoczenie
archive (3)/Train/fear/image0038629.jpg,Strach
archive (3)/Train/fear/image0037473.jpg,Strach
archive (3)/Train/sad/image0026142.jpg,Smutek
archive (3)/Train/happy/ffhq_3527.png,Szczęście
archive (3)/Test/fear/image0035095.jpg,Strach
archive (3)/Train/sad/image0001919.jpg,Smutek
archive (3)/Train/happy/ffhq_3413.png,Szczęście
archive (3)/Test/happy/ffhq_755.png,Szczęście
archive (3)/Train/sad/image0029697.jpg,Smutek
archive (3)/Test/fear/image0035451.jpg,Strach
archive (3)/Test/happy/ffhq_576.png,Szczęście
archive (3)/Test/happy/ffhq_2051.png,Szczęście
archive (3)/Train/happy/ffhq_2757.png,Szczęście
archive (3)/Train/sad/image0014752.jpg,Smutek
archive (3)/Test/happy/ffhq_2161.png,Szczęście
archive (3)/Train/sad/image0017612.jpg,Smutek
archive (3)/Train/surprise/image0029262.jpg,Zaskoczenie
archive (3)/Train/sad/image0025310.jpg,Smutek
archive (3)/Test/fear/image0027591.jpg,Strach
archive (3)/Train/sad/image0022947.jpg,Smutek
archive (3)/Train/surprise/image0026660.jpg,Zaskoczenie
archive (3)/Train/anger/image0028843.jpg,Złość
archive (3)/Test/Anger/image0016994.jpg,Złość
archive (3)/Train/anger/image0030227.jpg,Złość
archive (3)/Test/sad/image0008508.jpg,Smutek
archive (3)/Train/sad/image0017028.jpg,Smutek
archive (3)/Train/fear/image0039111.jpg,Strach
archive (3)/Train/happy/ffhq_3097.png,Szczęście
archive (3)/Train/anger/image0026965.jpg,Złość
archive (3)/Train/fear/image0039256.jpg,Strach
archive (3)/Train/happy/ffhq_3328.png,Szczęście
archive (3)/Train/anger/image0026118.jpg,Złość
archive (3)/Train/happy/ffhq_3897.png,Szczęście
archive (3)/Test/surprise/ffhq_233.png,Zaskoczenie
archive (3)/Train/sad/image0018134.jpg,Smutek
archive (3)/Train/surprise/image0028523.jpg,Zaskoczenie
archive (3)/Test/surprise/image0004583.jpg,Zaskoczenie
archive (3)/Test/fear/image0034491.jpg,Strach
archive (3)/Train/sad/image0009086.jpg,Smutek
archive (3)/Train/sad/image0017703.jpg,Smutek
archive (3)/Train/anger/image0024943.jpg,Złość
archive (3)/Test/happy/ffhq_1533.png,Szczęście
archive (3)/Train/sad/image0023686.jpg,Smutek
archive (3)/Train/sad/image0014675.jpg,Smutek
archive (3)/Train/happy/ffhq_3322.png,Szczęście
archive (3)/Train/happy/ffhq_2785.png,Szczęście
archive (3)/Train/sad/image0016553.jpg,Smutek
archive (3)/Train/happy/ffhq_3854.png,Szczęście
archive (3)/Train/sad/image0020054.jpg,Smutek
archive (3)/Train/happy/ffhq_4236.png,Szczęście
archive (3)/Train/happy/ffhq_4624.png,Szczęście
archive (3)/Test/happy/ffhq_1399.png,Szczęście
archive (3)/Test/happy/ffhq_1618.png,Szczęście
archive (3)/Test/fear/image0034291.jpg,Strach
archive (3)/Train/sad/image0024257.jpg,Smutek
archive (3)/Train/anger/image0026747.jpg,Złość
archive (3)/Test/happy/ffhq_2348.png,Szczęście
archive (3)/Train/sad/image0017904.jpg,Smutek
archive (3)/Test/fear/image0032833.jpg,Strach
archive (3)/Train/surprise/image0029387.jpg,Zaskoczenie
archive (3)/Train/sad/image0010769.jpg,Smutek
archive (3)/Train/fear/image0040833.jpg,Strach
archive (3)/Train/anger/image0028289.jpg,Złość
archive (3)/Test/surprise/image0020373.jpg,Zaskoczenie
archive (3)/Test/sad/image0020272.jpg,Smutek
archive (3)/Train/fear/image0040254.jpg,Strach
archive (3)/Train/surprise/image0028164.jpg,Zaskoczenie
archive (3)/Test/sad/image0020957.jpg,Smutek
archive (3)/Test/happy/ffhq_1636.png,Szczęście
archive (3)/Test/surprise/ffhq_355.png,Zaskoczenie
archive (3)/Train/surprise/image0032959.jpg,Zaskoczenie
archive (3)/Test/Anger/image0019774.jpg,Złość
archive (3)/Train/sad/image0018109.jpg,Smutek
archive (3)/Train/sad/image0008926.jpg,Smutek
archive (3)/Test/fear/image0032531.jpg,Strach
archive (3)/Train/sad/image0016864.jpg,Smutek
archive (3)/Train/surprise/image0025419.jpg,Zaskoczenie
archive (3)/Train/happy/ffhq_4726.png,Szczęście
archive (3)/Test/happy/ffhq_1750.png,Szczęście
archive (3)/Test/Anger/image0020666.jpg,Złość
archive (3)/Test/happy/ffhq_2182.png,Szczęście
archive (3)/Test/surprise/image0015919.jpg,Zaskoczenie
archive (3)/Test/fear/image0034062.jpg,Strach
archive (3)/Train/sad/image0022089.jpg,Smutek
archive (3)/Test/surprise/image0008531.jpg,Zaskoczenie
archive (3)/Train/anger/image0029304.jpg,Złość
archive (3)/Train/anger/image0023193.jpg,Złość
archive (3)/Train/happy/ffhq_3816.png,Szczęście
archive (3)/Test/happy/ffhq_582.png,Szczęście
archive (3)/Train/happy/ffhq_3517.png,Szczęście
archive (3)/Train/anger/image0027949.jpg,Złość
archive (3)/Test/happy/ffhq_807.png,Szczęście
archive (3)/Test/Anger/image0018757.jpg,Złość
archive (3)/Train/sad/image0022314.jpg,Smutek
archive (3)/Test/happy/ffhq_2344.png,Szczęście
archive (3)/Train/fear/image0035642.jpg,Strach
archive (3)/Test/sad/image0007934.jpg,Smutek
archive (3)/Test/happy/ffhq_2174.png,Szczęście
archive (3)/Train/fear/image0036479.jpg,Strach
archive (3)/Train/happy/ffhq_3774.png,Szczęście
archive (3)/Train/sad/image0015052.jpg,Smutek
archive (3)/Test/fear/image0034517.jpg,Strach
archive (3)/Train/happy/ffhq_3085.png,Szczęście
archive (3)/Train/sad/image0014887.jpg,Smutek
archive (3)/Test/Anger/image0016378.jpg,Złość
archive (3)/Test/happy/ffhq_732.png,Szczęście
archive (3)/Test/sad/image0012026.jpg,Smutek
archive (3)/Test/Anger/image0008610.jpg,Złość
archive (3)/Train/surprise/image0030419.jpg,Zaskoczenie
archive (3)/Test/happy/ffhq_2533.png,Szczęście
archive (3)/Test/happy/ffhq_140.png,Szczęście
archive (3)/Test/Anger/image0013374.jpg,Złość
archive (3)/Train/sad/image0026132.jpg,Smutek
archive (3)/Test/surprise/image0015273.jpg,Zaskoczenie
archive (3)/Test/surprise/image0019922.jpg,Zaskoczenie
archive (3)/Train/sad/image0023089.jpg,Smutek
archive (3)/Train/fear/image0038386.jpg,Strach
archive (3)/Train/surprise/image0033219.jpg,Zaskoczenie
archive (3)/Test/sad/image0002265.jpg,Smutek
archive (3)/Test/happy/ffhq_569.png,Szczęście
archive (3)/Train/fear/image0037835.jpg,Strach
archive (3)/Train/sad/image0018784.jpg,Smutek
archive (3)/Test/Anger/image0010015.jpg,Złość
archive (3)/Test/fear/image0026704.jpg,Strach
archive (3)/Train/surprise/image0026087.jpg,Zaskoczenie
archive (3)/Test/surprise/image0015976.jpg,Zaskoczenie
archive (3)/Train/sad/image0006511.jpg,Smutek
archive (3)/Train/happy/ffhq_2715.png,Szczęście
archive (3)/Train/happy/ffhq_3877.png,Szczęście
archive (3)/Test/happy/ffhq_1544.png,Szczęście
archive (3)/Train/surprise/image0033846.jpg,Zaskoczenie
archive (3)/Train/surprise/image0026631.jpg,Zaskoczenie
archive (3)/Train/surprise/image0028140.jpg,Zaskoczenie
archive (3)/Train/fear/image0036562.jpg,Strach
archive (3)/Test/fear/image0022231.jpg,Strach
archive (3)/Test/sad/image0018672.jpg,Smutek
archive (3)/Test/happy/ffhq_1127.png,Szczęście
archive (3)/Test/happy/ffhq_1229.png,Szczęście
archive (3)/Test/Anger/image0019536.jpg,Złość
archive (3)/Train/surprise/image0033181.jpg,Zaskoczenie
archive (3)/Test/Anger/image0019803.jpg,Złość
archive (3)/Train/surprise/image0031496.jpg,Zaskoczenie
archive (3)/Test/happy/ffhq_1656.png,Szczęście
archive (3)/Test/surprise/ffhq_80.png,Zaskoczenie
archive (3)/Test/sad/image0015052.jpg,Smutek
archive (3)/Train/happy/ffhq_4736.png,Szczęście
archive (3)/Test/happy/ffhq_1214.png,Szczęście
archive (3)/Test/sad/image0002224.jpg,Smutek
archive (3)/Train/sad/image0010138.jpg,Smutek
archive (3)/Test/sad/image0014340.jpg,Smutek
archive (3)/Test/surprise/image0006399.jpg,Zaskoczenie
archive (3)/Train/anger/image0022092.jpg,Złość
archive (3)/Test/surprise/ffhq_302.png,Zaskoczenie
archive (3)/Test/sad/image0014424.jpg,Smutek
archive (3)/Train/anger/image0024537.jpg,Złość
archive (3)/Train/surprise/image0024306.jpg,Zaskoczenie
archive (3)/Train/happy/ffhq_4985.png,Szczęście
archive (3)/Test/Anger/image0001524.jpg,Złość
archive (3)/Train/surprise/image0033754.jpg,Zaskoczenie
archive (3)/Train/happy/ffhq_3993.png,Szczęście
archive (3)/Train/sad/image0018930.jpg,Smutek
archive (3)/Test/happy/ffhq_318.png,Szczęście
archive (3)/Train/surprise/image0031953.jpg,Zaskoczenie
archive (3)/Test/happy/ffhq_1866.png,Szczęście
archive (3)/Train/happy/ffhq_3970.png,Szczęście
archive (3)/Test/happy/ffhq_2279.png,Szczęście
archive (3)/Train/surprise/image0031176.jpg,Zaskoczenie
archive (3)/Test/happy/ffhq_1440.png,Szczęście
archive (3)/Train/happy/ffhq_4554.png,Szczęście
archive (3)/Train/sad/image0019751.jpg,Smutek
archive (3)/Test/Anger/image0006195.jpg,Złość
archive (3)/Test/happy/ffhq_2025.png,Szczęście
archive (3)/Test/Anger/image0012323.jpg,Złość
archive (3)/Test/sad/image0017501.jpg,Smutek
archive (3)/Train/happy/ffhq_3088.png,Szczęście
archive (3)/Train/happy/ffhq_3194.png,Szczęście
archive (3)/Test/happy/ffhq_2095.png,Szczęście
archive (3)/Train/happy/ffhq_4366.png,Szczęście
archive (3)/Train/sad/image0012820.jpg,Smutek
archive (3)/Train/sad/image0013053.jpg,Smutek
archive (3)/Test/fear/image0028778.jpg,Strach
archive (3)/Test/sad/image0019197.jpg,Smutek
archive (3)/Test/Anger/image0015873.jpg,Złość
archive (3)/Train/sad/image0028530.jpg,Smutek
archive (3)/Train/fear/image0038892.jpg,Strach
archive (3)/Test/surprise/image0019942.jpg,Zaskoczenie
archive (3)/Train/surprise/image0033624.jpg,Zaskoczenie
archive (3)/Test/Anger/image0010797.jpg,Złość
archive (3)/Train/happy/ffhq_3264.png,Szczęście
archive (3)/Test/sad/image0015068.jpg,Smutek
archive (3)/Train/surprise/image0027147.jpg,Zaskoczenie
archive (3)/Test/surprise/image0008458.jpg,Zaskoczenie
archive (3)/Test/surprise/image0017098.jpg,Zaskoczenie
archive (3)/Train/happy/ffhq_4321.png,Szczęście
archive (3)/Train/surprise/image0032283.jpg,Zaskoczenie
archive (3)/Test/happy/ffhq_541.png,Szczęście
archive (3)/Test/fear/image0030333.jpg,Strach
archive (3)/Test/surprise/image0012942.jpg,Zaskoczenie
archive (3)/Train/surprise/image0034518.jpg,Zaskoczenie
archive (3)/Test/happy/ffhq_1144.png,Szczęście
archive (3)/Test/happy/ffhq_2300.png,Szczęście
archive (3)/Train/fear/image0036283.jpg,Strach
archive (3)/Test/fear/image0033953.jpg,Strach
archive (3)/Train/anger/image0023167.jpg,Złość
archive (3)/Train/anger/image0025309.jpg,Złość
archive (3)/Test/fear/image0035015.jpg,Strach
archive (3)/Test/fear/image0029605.jpg,Strach
archive (3)/Train/sad/image0014615.jpg,Smutek
archive (3)/Test/sad/image0017131.jpg,Smutek
archive (3)/Train/sad/image0015074.jpg,Smutek
archive (3)/Train/anger/image0027457.jpg,Złość
archive (3)/Train/fear/image0040215.jpg,Strach
archive (3)/Test/fear/image0003146.jpg,Strach
archive (3)/Test/sad/image0018686.jpg,Smutek
archive (3)/Train/happy/ffhq_3361.png,Szczęście
archive (3)/Train/fear/image0036164.jpg,Strach
archive (3)/Test/sad/image0014274.jpg,Smutek
archive (3)/Train/surprise/image0033256.jpg,Zaskoczenie
archive (3)/Test/Anger/image0013638.jpg,Złość
archive (3)/Test/happy/ffhq_2040.png,Szczęście
archive (3)/Train/surprise/image0029620.jpg,Zaskoczenie
archive (3)/Train/sad/image0025158.jpg,Smutek
archive (3)/Train/surprise/image0028629.jpg,Zaskoczenie
archive (3)/Train/anger/image0030257.jpg,Złość
archive (3)/Test/happy/ffhq_2325.png,Szczęście
archive (3)/Test/happy/ffhq_842.png,Szczęście
archive (3)/Train/sad/image0013403.jpg,Smutek
archive (3)/Train/surprise/image0027979.jpg,Zaskoczenie
archive (3)/Test/surprise/ffhq_619.png,Zaskoczenie
archive (3)/Train/surprise/image0034267.jpg,Zaskoczenie
archive (3)/Test/surprise/image0019881.jpg,Zaskoczenie
archive (3)/Train/surprise/image0034372.jpg,Zaskoczenie
archive (3)/Train/happy/ffhq_4277.png,Szczęście
archive (3)/Train/anger/image0023987.jpg,Złość
archive (3)/Test/Anger/image0011187.jpg,Złość
archive (3)/Train/sad/image0028703.jpg,Smutek
archive (3)/Train/sad/image0024729.jpg,Smutek
archive (3)/Train/surprise/image0030947.jpg,Zaskoczenie
archive (3)/Test/happy/ffhq_1570.png,Szczęście
archive (3)/Test/sad/image0015667.jpg,Smutek
archive (3)/Train/surprise/image0029128.jpg,Zaskoczenie
archive (3)/Train/sad/image0021562.jpg,Smutek
archive (3)/Test/Anger/image0013929.jpg,Złość
archive (3)/Train/surprise/image0032634.jpg,Zaskoczenie
archive (3)/Test/fear/image0031776.jpg,Strach
archive (3)/Test/happy/ffhq_2228.png,Szczęście
archive (3)/Train/anger/image0029174.jpg,Złość
archive (3)/Test/sad/image0013134.jpg,Smutek
archive (3)/Test/happy/ffhq_51.png,Szczęście
archive (3)/Test/Anger/image0018482.jpg,Złość
archive (3)/Train/sad/image0007337.jpg,Smutek
archive (3)/Test/surprise/image0021844.jpg,Zaskoczenie
archive (3)/Test/happy/ffhq_1282.png,Szczęście
archive (3)/Test/fear/image0033644.jpg,Strach
archive (3)/Train/sad/image0007074.jpg,Smutek
archive (3)/Train/sad/image0017956.jpg,Smutek
archive (3)/Train/fear/image0037949.jpg,Strach
archive (3)/Test/fear/image0034849.jpg,Strach
archive (3)/Train/happy/ffhq_4097.png,Szczęście
archive (3)/Train/sad/image0027403.jpg,Smutek
archive (3)/Test/Anger/image0005935.jpg,Złość
archive (3)/Test/happy/ffhq_940.png,Szczęście
archive (3)/Test/Anger/image0018916.jpg,Złość
archive (3)/Train/anger/image0024378.jpg,Złość
archive (3)/Train/anger/image0028394.jpg,Złość
archive (3)/Train/anger/image0029679.jpg,Złość
archive (3)/Test/happy/ffhq_458.png,Szczęście
archive (3)/Test/happy/ffhq_2096.png,Szczęście
archive (3)/Train/sad/image0029086.jpg,Smutek
archive (3)/Train/sad/image0008999.jpg,Smutek
archive (3)/Train/sad/image0027229.jpg,Smutek
archive (3)/Test/happy/ffhq_114.png,Szczęście
archive (3)/Test/sad/image0015536.jpg,Smutek
archive (3)/Test/surprise/image0019884.jpg,Zaskoczenie
archive (3)/Test/fear/image0019064.jpg,Strach
archive (3)/Test/sad/image0007820.jpg,Smutek
archive (3)/Train/anger/image0028009.jpg,Złość
archive (3)/Train/fear/image0036329.jpg,Strach
archive (3)/Test/sad/image0014046.jpg,Smutek
archive (3)/Test/Anger/image0001688.jpg,Złość
archive (3)/Test/surprise/ffhq_227.png,Zaskoczenie
archive (3)/Test/fear/image0027934.jpg,Strach
archive (3)/Test/happy/ffhq_624.png,Szczęście
archive (3)/Test/surprise/image0013159.jpg,Zaskoczenie
archive (3)/Train/fear/image0038752.jpg,Strach
archive (3)/Test/Anger/image0009404.jpg,Złość
archive (3)/Train/happy/ffhq_3983.png,Szczęście
archive (3)/Train/sad/image0009051.jpg,Smutek
archive (3)/Train/surprise/image0033131.jpg,Zaskoczenie
archive (3)/Test/sad/image0019097.jpg,Smutek
archive (3)/Test/fear/image0035405.jpg,Strach
archive (3)/Train/sad/image0020024.jpg,Smutek
archive (3)/Train/happy/ffhq_3150.png,Szczęście
archive (3)/Train/anger/image0024586.jpg,Złość
archive (3)/Test/surprise/image0016440.jpg,Zaskoczenie
archive (3)/Test/Anger/image0006661.jpg,Złość
archive (3)/Train/happy/ffhq_3176.png,Szczęście
archive (3)/Train/happy/ffhq_4077.png,Szczęście
archive (3)/Test/happy/ffhq_1039.png,Szczęście
archive (3)/Train/sad/image0013126.jpg,Smutek
archive (3)/Test/sad/image0004289.jpg,Smutek
archive (3)/Train/happy/ffhq_4597.png,Szczęście
archive (3)/Train/happy/ffhq_2839.png,Szczęście
archive (3)/Train/sad/image0003736.jpg,Smutek
archive (3)/Train/happy/ffhq_3852.png,Szczęście
archive (3)/Test/happy/ffhq_1248.png,Szczęście
archive (3)/Train/anger/image0028891.jpg,Złość
archive (3)/Test/surprise/image0023063.jpg,Zaskoczenie
archive (3)/Train/sad/image0018560.jpg,Smutek
archive (3)/Test/surprise/image0023473.jpg,Zaskoczenie
archive (3)/Train/anger/image0029370.jpg,Złość
archive (3)/Train/happy/ffhq_3399.png,Szczęście
archive (3)/Train/sad/image0005593.jpg,Smutek
archive (3)/Train/sad/image0013931.jpg,Smutek
archive (3)/Train/sad/image0013443.jpg,Smutek
archive (3)/Train/fear/image0040868.jpg,Strach
archive (3)/Test/sad/image0013199.jpg,Smutek
archive (3)/Train/sad/image0021211.jpg,Smutek
archive (3)/Train/anger/image0023085.jpg,Złość
archive (3)/Test/fear/image0022478.jpg,Strach
archive (3)/Train/surprise/image0028054.jpg,Zaskoczenie
archive (3)/Train/surprise/image0032471.jpg,Zaskoczenie
archive (3)/Train/anger/image0030453.jpg,Złość
archive (3)/Test/happy/ffhq_730.png,Szczęście
archive (3)/Test/happy/ffhq_1070.png,Szczęście
archive (3)/Train/sad/image0025787.jpg,Smutek
archive (3)/Train/surprise/image0033948.jpg,Zaskoczenie
archive (3)/Test/surprise/image0021238.jpg,Zaskoczenie
archive (3)/Train/happy/ffhq_3044.png,Szczęście
archive (3)/Test/Anger/image0019380.jpg,Złość
archive (3)/Train/fear/image0040106.jpg,Strach
archive (3)/Test/sad/image0020988.jpg,Smutek
archive (3)/Train/happy/ffhq_4223.png,Szczęście
archive (3)/Train/sad/image0004289.jpg,Smutek
archive (3)/Train/sad/image0026935.jpg,Smutek
archive (3)/Train/happy/ffhq_4110.png,Szczęście
archive (3)/Train/happy/ffhq_3465.png,Szczęście
archive (3)/Test/sad/image0019161.jpg,Smutek
archive (3)/Train/happy/ffhq_4916.png,Szczęście
archive (3)/Train/surprise/image0030829.jpg,Zaskoczenie
archive (3)/Test/sad/image0017864.jpg,Smutek
archive (3)/Train/fear/image0037272.jpg,Strach
archive (3)/Test/Anger/image0001375.jpg,Złość
archive (3)/Train/sad/image0026782.jpg,Smutek
archive (3)/Test/surprise/image0020547.jpg,Zaskoczenie
archive (3)/Test/sad/image0015430.jpg,Smutek
archive (3)/Test/fear/image0035464.jpg,Strach
archive (3)/Train/anger/image0025170.jpg,Złość
archive (3)/Train/surprise/image0033926.jpg,Zaskoczenie
archive (3)/Test/fear/image0033739.jpg,Strach
archive (3)/Train/fear/image0037725.jpg,Strach
archive (3)/Test/happy/ffhq_1513.png,Szczęście
archive (3)/Test/sad/image0012492.jpg,Smutek
archive (3)/Train/happy/ffhq_2792.png,Szczęście
archive (3)/Train/happy/ffhq_4664.png,Szczęście
archive (3)/Train/surprise/image0034499.jpg,Zaskoczenie
archive (3)/Train/surprise/image0025668.jpg,Zaskoczenie
archive (3)/Test/surprise/image0022172.jpg,Zaskoczenie
archive (3)/Train/sad/image0014802.jpg,Smutek
archive (3)/Train/happy/ffhq_2814.png,Szczęście
archive (3)/Test/Anger/image0019415.jpg,Złość
archive (3)/Train/sad/image0004897.jpg,Smutek
archive (3)/Test/fear/image0030268.jpg,Strach
archive (3)/Test/Anger/image0003133.jpg,Złość
archive (3)/Test/surprise/image0013495.jpg,Zaskoczenie
archive (3)/Test/surprise/ffhq_608.png,Zaskoczenie
archive (3)/Test/happy/ffhq_1748.png,Szczęście
archive (3)/Train/surprise/image0033810.jpg,Zaskoczenie
archive (3)/Test/Anger/image0017627.jpg,Złość
archive (3)/Train/surprise/image0028425.jpg,Zaskoczenie
archive (3)/Test/sad/image0000986.jpg,Smutek
archive (3)/Train/anger/image0024193.jpg,Złość
archive (3)/Test/Anger/image0005396.jpg,Złość
archive (3)/Test/happy/ffhq_1942.png,Szczęście
archive (3)/Test/surprise/image0000659.jpg,Zaskoczenie
archive (3)/Train/surprise/image0032296.jpg,Zaskoczenie
archive (3)/Test/Anger/image0020296.jpg,Złość
archive (3)/Test/happy/ffhq_2649.png,Szczęście
archive (3)/Train/happy/ffhq_3661.png,Szczęście
archive (3)/Test/happy/ffhq_1136.png,Szczęście
archive (3)/Test/Anger/image0013431.jpg,Złość
archive (3)/Train/anger/image0026481.jpg,Złość
archive (3)/Test/fear/image0030911.jpg,Strach
archive (3)/Train/sad/image0022819.jpg,Smutek
archive (3)/Test/happy/ffhq_2471.png,Szczęście
archive (3)/Train/anger/image0026609.jpg,Złość
archive (3)/Test/Anger/image0021436.jpg,Złość
archive (3)/Train/sad/image0027385.jpg,Smutek
archive (3)/Train/happy/ffhq_4911.png,Szczęście
archive (3)/Train/happy/ffhq_3544.png,Szczęście
archive (3)/Train/anger/image0026594.jpg,Złość
archive (3)/Train/happy/ffhq_4652.png,Szczęście
archive (3)/Test/fear/image0018531.jpg,Strach
archive (3)/Test/fear/image0035085.jpg,Strach
archive (3)/Test/Anger/image0008480.jpg,Złość
archive (3)/Test/Anger/image0018685.jpg,Złość
archive (3)/Train/surprise/image0034024.jpg,Zaskoczenie
archive (3)/Train/fear/image0040269.jpg,Strach
archive (3)/Train/fear/image0037946.jpg,Strach
archive (3)/Test/surprise/image0020097.jpg,Zaskoczenie
archive (3)/Test/happy/ffhq_378.png,Szczęście
archive (3)/Test/Anger/image0007451.jpg,Złość
archive (3)/Train/surprise/image0027876.jpg,Zaskoczenie
archive (3)/Train/surprise/image0028457.jpg,Zaskoczenie
archive (3)/Test/fear/image0029920.jpg,Strach
archive (3)/Test/sad/image0019259.jpg,Smutek
archive (3)/Test/surprise/image0012568.jpg,Zaskoczenie
archive (3)/Test/happy/ffhq_711.png,Szczęście
archive (3)/Test/surprise/image0020784.jpg,Zaskoczenie
archive (3)/Test/Anger/image0007281.jpg,Złość
archive (3)/Train/sad/image0028544.jpg,Smutek
archive (3)/Train/happy/ffhq_3311.png,Szczęście
archive (3)/Test/fear/image0019413.jpg,Strach
archive (3)/Train/fear/image0038680.jpg,Strach
archive (3)/Test/surprise/image0006901.jpg,Zaskoczenie
archive (3)/Train/happy/ffhq_4203.png,Szczęście
archive (3)/Test/fear/image0015696.jpg,Strach
archive (3)/Train/sad/image0005674.jpg,Smutek
archive (3)/Test/happy/ffhq_505.png,Szczęście
archive (3)/Test/happy/ffhq_2483.png,Szczęście
archive (3)/Train/fear/image0039626.jpg,Strach
archive (3)/Test/surprise/image0011415.jpg,Zaskoczenie
archive (3)/Train/sad/image0027531.jpg,Smutek
archive (3)/Train/anger/image0024038.jpg,Złość
archive (3)/Train/happy/ffhq_4270.png,Szczęście
archive (3)/Test/happy/ffhq_2638.png,Szczęście
archive (3)/Test/surprise/image0020833.jpg,Zaskoczenie
archive (3)/Test/Anger/image0013279.jpg,Złość
archive (3)/Train/sad/image0030183.jpg,Smutek
archive (3)/Test/happy/ffhq_219.png,Szczęście
archive (3)/Train/sad/image0022585.jpg,Smutek
archive (3)/Train/happy/ffhq_4615.png,Szczęście
archive (3)/Test/surprise/image0014118.jpg,Zaskoczenie
archive (3)/Test/Anger/image0013864.jpg,Złość
archive (3)/Test/surprise/image0005125.jpg,Zaskoczenie
archive (3)/Test/happy/ffhq_631.png,Szczęście
archive (3)/Test/happy/ffhq_1256.png,Szczęście
archive (3)/Train/surprise/image0033838.jpg,Zaskoczenie
archive (3)/Train/surprise/image0029243.jpg,Zaskoczenie
archive (3)/Train/sad/image0029053.jpg,Smutek
archive (3)/Train/sad/image0026046.jpg,Smutek
archive (3)/Train/anger/image0023852.jpg,Złość
archive (3)/Train/happy/ffhq_3730.png,Szczęście
archive (3)/Train/surprise/image0026982.jpg,Zaskoczenie
archive (3)/Test/Anger/image0010092.jpg,Złość
archive (3)/Train/anger/image0023326.jpg,Złość
archive (3)/Train/sad/image0014593.jpg,Smutek
archive (3)/Train/sad/image0009294.jpg,Smutek
archive (3)/Test/sad/image0013548.jpg,Smutek
archive (3)/Test/Anger/image0003116.jpg,Złość
archive (3)/Train/fear/image0037781.jpg,Strach
archive (3)/Train/anger/image0027872.jpg,Złość
archive (3)/Train/surprise/image0034594.jpg,Zaskoczenie
archive (3)/Test/sad/image0019028.jpg,Smutek
archive (3)/Train/sad/image0027980.jpg,Smutek
archive (3)/Test/fear/image0024824.jpg,Strach
archive (3)/Train/anger/image0029107.jpg,Złość
archive (3)/Train/sad/image0028144.jpg,Smutek
archive (3)/Test/happy/ffhq_1697.png,Szczęście
archive (3)/Train/fear/image0039745.jpg,Strach
archive (3)/Train/fear/image0036940.jpg,Strach
archive (3)/Test/happy/ffhq_1025.png,Szczęście
archive (3)/Train/anger/image0025863.jpg,Złość
archive (3)/Test/surprise/image0021603.jpg,Zaskoczenie
archive (3)/Test/happy/ffhq_1855.png,Szczęście
archive (3)/Train/fear/image0037356.jpg,Strach
archive (3)/Train/happy/ffhq_3456.png,Szczęście
archive (3)/Train/sad/image0029137.jpg,Smutek
archive (3)/Train/fear/image0035771.jpg,Strach
archive (3)/Train/happy/ffhq_3610.png,Szczęście
archive (3)/Test/surprise/image0016063.jpg,Zaskoczenie
archive (3)/Train/surprise/image0031381.jpg,Zaskoczenie
archive (3)/Test/Anger/image0009286.jpg,Złość
archive (3)/Test/happy/ffhq_1330.png,Szczęście
archive (3)/Train/sad/image0029092.jpg,Smutek
archive (3)/Test/Anger/image0002685.jpg,Złość
archive (3)/Train/sad/image0027961.jpg,Smutek
archive (3)/Test/happy/ffhq_1989.png,Szczęście
archive (3)/Test/fear/image0034212.jpg,Strach
archive (3)/Test/surprise/image0013761.jpg,Zaskoczenie
archive (3)/Train/anger/image0025239.jpg,Złość
archive (3)/Train/sad/image0014376.jpg,Smutek
archive (3)/Test/fear/image0031699.jpg,Strach
archive (3)/Train/sad/image0004069.jpg,Smutek
archive (3)/Train/sad/image0007165.jpg,Smutek
archive (3)/Test/fear/image0019009.jpg,Strach
archive (3)/Train/anger/image0021923.jpg,Złość
archive (3)/Test/fear/image0031613.jpg,Strach
archive (3)/Train/fear/image0036322.jpg,Strach
archive (3)/Train/happy/ffhq_3882.png,Szczęście
archive (3)/Test/happy/ffhq_1126.png,Szczęście
archive (3)/Test/surprise/image0020334.jpg,Zaskoczenie
archive (3)/Test/happy/ffhq_47.png,Szczęście
archive (3)/Train/happy/ffhq_4410.png,Szczęście
archive (3)/Test/happy/ffhq_2112.png,Szczęście
archive (3)/Train/anger/image0026213.jpg,Złość
archive (3)/Test/fear/image0019688.jpg,Strach
archive (3)/Test/happy/ffhq_1170.png,Szczęście
archive (3)/Test/Anger/image0007223.jpg,Złość
archive (3)/Test/Anger/image0013578.jpg,Złość
archive (3)/Test/sad/image0019782.jpg,Smutek
archive (3)/Train/sad/image0002134.jpg,Smutek
archive (3)/Test/happy/ffhq_771.png,Szczęście
archive (3)/Test/surprise/ffhq_269.png,Zaskoczenie
archive (3)/Train/surprise/image0032674.jpg,Zaskoczenie
archive (3)/Train/surprise/image0031439.jpg,Zaskoczenie
archive (3)/Test/happy/ffhq_304.png,Szczęście
archive (3)/Train/sad/image0027525.jpg,Smutek
archive (3)/Test/fear/image0031521.jpg,Strach
archive (3)/Train/surprise/image0034150.jpg,Zaskoczenie
archive (3)/Train/sad/image0018037.jpg,Smutek
archive (3)/Test/Anger/image0017176.jpg,Złość
archive (3)/Test/happy/ffhq_2450.png,Szczęście
archive (3)/Test/happy/ffhq_301.png,Szczęście
archive (3)/Test/happy/ffhq_1063.png,Szczęście
archive (3)/Test/fear/image0028447.jpg,Strach
archive (3)/Train/anger/image0029652.jpg,Złość
archive (3)/Test/happy/ffhq_1404.png,Szczęście
archive (3)/Train/fear/image0040893.jpg,Strach
archive (3)/Train/anger/image0029565.jpg,Złość
archive (3)/Test/surprise/ffhq_155.png,Zaskoczenie
archive (3)/Test/sad/image0020358.jpg,Smutek
archive (3)/Test/surprise/image0021685.jpg,Zaskoczenie
archive (3)/Train/surprise/image0028554.jpg,Zaskoczenie
archive (3)/Train/sad/image0028324.jpg,Smutek
archive (3)/Train/sad/image0014311.jpg,Smutek
archive (3)/Train/surprise/image0032071.jpg,Zaskoczenie
archive (3)/Train/happy/ffhq_4064.png,Szczęście
archive (3)/Train/happy/ffhq_4388.png,Szczęście
archive (3)/Test/sad/image0019499.jpg,Smutek
archive (3)/Test/fear/image0011424.jpg,Strach
archive (3)/Test/fear/image0033331.jpg,Strach
archive (3)/Test/fear/image0032504.jpg,Strach
archive (3)/Train/happy/ffhq_4946.png,Szczęście
archive (3)/Test/happy/ffhq_2292.png,Szczęście
archive (3)/Test/happy/ffhq_2683.png,Szczęście
archive (3)/Test/fear/image0032346.jpg,Strach
archive (3)/Train/surprise/image0033105.jpg,Zaskoczenie
archive (3)/Test/surprise/image0004689.jpg,Zaskoczenie
archive (3)/Train/surprise/image0034176.jpg,Zaskoczenie
archive (3)/Test/happy/ffhq_403.png,Szczęście
archive (3)/Train/happy/ffhq_3952.png,Szczęście
archive (3)/Train/fear/image0035640.jpg,Strach
archive (3)/Train/sad/image0024418.jpg,Smutek
archive (3)/Train/sad/image0019987.jpg,Smutek
archive (3)/Train/sad/image0026711.jpg,Smutek
archive (3)/Test/happy/ffhq_366.png,Szczęście
archive (3)/Train/sad/image0016953.jpg,Smutek
archive (3)/Test/surprise/ffhq_349.png,Zaskoczenie
archive (3)/Train/surprise/image0028492.jpg,Zaskoczenie
archive (3)/Train/fear/image0037191.jpg,Strach
archive (3)/Test/sad/image0000323.jpg,Smutek
archive (3)/Test/happy/ffhq_737.png,Szczęście
archive (3)/Train/fear/image0036261.jpg,Strach
archive (3)/Train/anger/image0030273.jpg,Złość
archive (3)/Test/surprise/ffhq_457.png,Zaskoczenie
archive (3)/Train/surprise/image0034153.jpg,Zaskoczenie
archive (3)/Train/surprise/image0031271.jpg,Zaskoczenie
archive (3)/Train/happy/ffhq_4139.png,Szczęście
archive (3)/Train/sad/image0025020.jpg,Smutek
archive (3)/Train/sad/image0026915.jpg,Smutek
archive (3)/Test/happy/ffhq_2592.png,Szczęście
archive (3)/Train/surprise/image0028045.jpg,Zaskoczenie
archive (3)/Test/happy/ffhq_1301.png,Szczęście
archive (3)/Test/fear/image0034259.jpg,Strach
archive (3)/Test/surprise/ffhq_532.png,Zaskoczenie
archive (3)/Train/happy/ffhq_4058.png,Szczęście
archive (3)/Train/surprise/image0027621.jpg,Zaskoczenie
archive (3)/Train/happy/ffhq_3307.png,Szczęście
archive (3)/Train/anger/image0030030.jpg,Złość
archive (3)/Train/surprise/image0029893.jpg,Zaskoczenie
archive (3)/Train/happy/ffhq_4822.png,Szczęście
archive (3)/Test/happy/ffhq_1205.png,Szczęście
archive (3)/Train/sad/image0000244.jpg,Smutek
archive (3)/Test/Anger/image0019750.jpg,Złość
archive (3)/Train/happy/ffhq_4865.png,Szczęście
archive (3)/Train/sad/image0026072.jpg,Smutek
archive (3)/Train/sad/image0024884.jpg,Smutek
archive (3)/Test/happy/ffhq_2121.png,Szczęście
archive (3)/Test/surprise/image0017741.jpg,Zaskoczenie
archive (3)/Train/sad/image0019406.jpg,Smutek
archive (3)/Train/surprise/image0030002.jpg,Zaskoczenie
archive (3)/Train/sad/image0023430.jpg,Smutek
archive (3)/Test/surprise/ffhq_488.png,Zaskoczenie
archive (3)/Train/sad/image0018911.jpg,Smutek
archive (3)/Test/sad/image0001986.jpg,Smutek
archive (3)/Train/happy/ffhq_4447.png,Szczęście
archive (3)/Train/fear/image0038249.jpg,Strach
archive (3)/Train/happy/ffhq_4796.png,Szczęście
archive (3)/Test/happy/ffhq_73.png,Szczęście
archive (3)/Test/happy/ffhq_2173.png,Szczęście
archive (3)/Test/happy/ffhq_1013.png,Szczęście
archive (3)/Test/surprise/image0006318.jpg,Zaskoczenie
archive (3)/Train/happy/ffhq_4548.png,Szczęście
archive (3)/Train/fear/image0039713.jpg,Strach
archive (3)/Test/sad/image0020593.jpg,Smutek
archive (3)/Train/happy/ffhq_3373.png,Szczęście
archive (3)/Test/happy/ffhq_2249.png,Szczęście
archive (3)/Test/surprise/image0008621.jpg,Zaskoczenie
archive (3)/Test/sad/image0012882.jpg,Smutek
archive (3)/Train/happy/ffhq_4413.png,Szczęście
archive (3)/Test/happy/ffhq_1500.png,Szczęście
archive (3)/Test/sad/image0013755.jpg,Smutek
archive (3)/Test/happy/ffhq_1402.png,Szczęście
archive (3)/Train/happy/image0029927.jpg,Szczęście
archive (3)/Train/sad/image0015143.jpg,Smutek
archive (3)/Train/fear/image0040151.jpg,Strach
archive (3)/Train/sad/image0000219.jpg,Smutek
archive (3)/Test/Anger/image0007354.jpg,Złość
archive (3)/Train/happy/ffhq_3931.png,Szczęście
archive (3)/Test/fear/image0029661.jpg,Strach
archive (3)/Train/anger/image0027438.jpg,Złość
archive (3)/Train/anger/image0030675.jpg,Złość
archive (3)/Test/happy/ffhq_2303.png,Szczęście
archive (3)/Test/happy/ffhq_234.png,Szczęście
archive (3)/Train/anger/image0025421.jpg,Złość
archive (3)/Test/sad/image0019141.jpg,Smutek
archive (3)/Train/happy/ffhq_3548.png,Szczęście
archive (3)/Test/surprise/ffhq_564.png,Zaskoczenie
archive (3)/Train/sad/image0006595.jpg,Smutek
archive (3)/Test/sad/image0019096.jpg,Smutek
archive (3)/Test/surprise/ffhq_491.png,Zaskoczenie
archive (3)/Test/happy/ffhq_772.png,Szczęście
archive (3)/Train/fear/image0039065.jpg,Strach
archive (3)/Train/surprise/image0027672.jpg,Zaskoczenie
archive (3)/Train/surprise/image0034655.jpg,Zaskoczenie
archive (3)/Test/fear/image0034030.jpg,Strach
archive (3)/Train/sad/image0028248.jpg,Smutek
archive (3)/Train/anger/image0027446.jpg,Złość
archive (3)/Test/surprise/ffhq_185.png,Zaskoczenie
archive (3)/Test/sad/image0004094.jpg,Smutek
archive (3)/Test/Anger/image0019305.jpg,Złość
archive (3)/Train/fear/image0038297.jpg,Strach
archive (3)/Test/fear/image0004512.jpg,Strach
archive (3)/Train/sad/image0004549.jpg,Smutek
archive (3)/Test/Anger/image0014480.jpg,Złość
archive (3)/Test/Anger/image0013875.jpg,Złość
archive (3)/Train/sad/image0023383.jpg,Smutek
archive (3)/Test/sad/image0008141.jpg,Smutek
archive (3)/Test/happy/ffhq_2329.png,Szczęście
archive (3)/Test/happy/ffhq_135.png,Szczęście
archive (3)/Train/happy/ffhq_4573.png,Szczęście
archive (3)/Train/anger/image0028455.jpg,Złość
archive (3)/Test/fear/image0019263.jpg,Strach
archive (3)/Train/happy/ffhq_4441.png,Szczęście
archive (3)/Train/happy/ffhq_4747.png,Szczęście
archive (3)/Train/fear/image0037767.jpg,Strach
archive (3)/Test/Anger/image0020149.jpg,Złość
archive (3)/Train/happy/ffhq_4338.png,Szczęście
archive (3)/Train/fear/image0035859.jpg,Strach
archive (3)/Test/Anger/image0013044.jpg,Złość
archive (3)/Train/surprise/image0029648.jpg,Zaskoczenie
archive (3)/Train/fear/image0037521.jpg,Strach
archive (3)/Test/fear/image0031445.jpg,Strach
archive (3)/Train/happy/image0032290.jpg,Szczęście
archive (3)/Test/fear/image0020912.jpg,Strach
archive (3)/Train/anger/image0028606.jpg,Złość
archive (3)/Train/surprise/image0032020.jpg,Zaskoczenie
archive (3)/Train/surprise/image0025803.jpg,Zaskoczenie
archive (3)/Train/sad/image0027726.jpg,Smutek
archive (3)/Train/surprise/image0034237.jpg,Zaskoczenie
archive (3)/Train/fear/image0039935.jpg,Strach
archive (3)/Train/happy/ffhq_3290.png,Szczęście
archive (3)/Train/sad/image0001037.jpg,Smutek
archive (3)/Test/Anger/image0010214.jpg,Złość
archive (3)/Train/surprise/image0024644.jpg,Zaskoczenie
archive (3)/Train/fear/image0035827.jpg,Strach
archive (3)/Train/sad/image0024226.jpg,Smutek
archive (3)/Test/surprise/image0013117.jpg,Zaskoczenie
archive (3)/Train/surprise/image0031561.jpg,Zaskoczenie
archive (3)/Test/Anger/image0008136.jpg,Złość
archive (3)/Test/surprise/image0005556.jpg,Zaskoczenie
archive (3)/Train/anger/image0029296.jpg,Złość
archive (3)/Train/surprise/image0033372.jpg,Zaskoczenie
archive (3)/Test/Anger/image0021118.jpg,Złość
archive (3)/Train/sad/image0012104.jpg,Smutek
archive (3)/Test/happy/ffhq_2176.png,Szczęście
archive (3)/Test/surprise/image0003696.jpg,Zaskoczenie
archive (3)/Train/anger/image0030022.jpg,Złość
archive (3)/Train/sad/image0023448.jpg,Smutek
archive (3)/Train/sad/image0014942.jpg,Smutek
archive (3)/Test/happy/ffhq_1816.png,Szczęście
archive (3)/Train/happy/ffhq_4616.png,Szczęście
archive (3)/Train/anger/image0027107.jpg,Złość
archive (3)/Test/fear/image0031197.jpg,Strach
archive (3)/Train/surprise/image0027478.jpg,Zaskoczenie
archive (3)/Train/sad/image0005588.jpg,Smutek
archive (3)/Test/fear/image0032712.jpg,Strach
archive (3)/Train/anger/image0023601.jpg,Złość
archive (3)/Train/happy/ffhq_4286.png,Szczęście
archive (3)/Train/sad/image0024088.jpg,Smutek
archive (3)/Test/fear/image0033112.jpg,Strach
archive (3)/Test/sad/image0020615.jpg,Smutek
archive (3)/Train/happy/ffhq_4892.png,Szczęście
archive (3)/Train/fear/image0039439.jpg,Strach
archive (3)/Test/sad/image0002276.jpg,Smutek
archive (3)/Test/happy/ffhq_198.png,Szczęście
archive (3)/Train/surprise/image0031336.jpg,Zaskoczenie
archive (3)/Test/fear/image0034527.jpg,Strach
archive (3)/Test/surprise/ffhq_344.png,Zaskoczenie
archive (3)/Test/happy/ffhq_777.png,Szczęście
archive (3)/Train/happy/ffhq_3695.png,Szczęście
archive (3)/Train/sad/image0022521.jpg,Smutek
archive (3)/Test/surprise/image0012309.jpg,Zaskoczenie
archive (3)/Train/anger/image0025868.jpg,Złość
archive (3)/Train/fear/image0038536.jpg,Strach
archive (3)/Test/happy/ffhq_261.png,Szczęście
archive (3)/Test/happy/ffhq_1799.png,Szczęście
archive (3)/Train/sad/image0029103.jpg,Smutek
archive (3)/Test/sad/image0017549.jpg,Smutek
archive (3)/Test/happy/ffhq_2555.png,Szczęście
archive (3)/Test/surprise/image0020061.jpg,Zaskoczenie
archive (3)/Train/sad/image0015303.jpg,Smutek
archive (3)/Train/surprise/image0026216.jpg,Zaskoczenie
archive (3)/Train/happy/ffhq_4408.png,Szczęście
archive (3)/Train/anger/image0029562.jpg,Złość
archive (3)/Test/sad/image0020380.jpg,Smutek
archive (3)/Test/surprise/image0007336.jpg,Zaskoczenie
archive (3)/Test/fear/image0029596.jpg,Strach
archive (3)/Test/happy/ffhq_2098.png,Szczęście
archive (3)/Train/anger/image0030722.jpg,Złość
archive (3)/Train/anger/image0028517.jpg,Złość
archive (3)/Test/Anger/image0011033.jpg,Złość
archive (3)/Train/sad/image0028735.jpg,Smutek
archive (3)/Train/fear/image0036141.jpg,Strach
archive (3)/Train/sad/image0019654.jpg,Smutek
archive (3)/Test/happy/ffhq_300.png,Szczęście
archive (3)/Test/happy/ffhq_1583.png,Szczęście
archive (3)/Test/Anger/image0019323.jpg,Złość
archive (3)/Train/fear/image0038470.jpg,Strach
archive (3)/Train/surprise/image0034841.jpg,Zaskoczenie
archive (3)/Test/fear/image0035165.jpg,Strach
archive (3)/Train/sad/image0012793.jpg,Smutek
archive (3)/Train/surprise/image0034878.jpg,Zaskoczenie
archive (3)/Train/sad/image0025197.jpg,Smutek
archive (3)/Train/surprise/image0034432.jpg,Zaskoczenie
archive (3)/Train/happy/ffhq_4324.png,Szczęście
archive (3)/Test/Anger/image0010520.jpg,Złość
archive (3)/Train/sad/image0013655.jpg,Smutek
archive (3)/Test/happy/ffhq_877.png,Szczęście
archive (3)/Test/happy/ffhq_858.png,Szczęście
archive (3)/Train/happy/ffhq_2915.png,Szczęście
archive (3)/Test/sad/image0002127.jpg,Smutek
archive (3)/Test/happy/ffhq_2579.png,Szczęście
archive (3)/Train/sad/image0029198.jpg,Smutek
archive (3)/Train/surprise/image0025762.jpg,Zaskoczenie
archive (3)/Test/sad/image0016946.jpg,Smutek
archive (3)/Train/happy/ffhq_2896.png,Szczęście
archive (3)/Test/happy/ffhq_1891.png,Szczęście
archive (3)/Train/surprise/image0031892.jpg,Zaskoczenie
archive (3)/Train/sad/image0030097.jpg,Smutek
archive (3)/Test/happy/ffhq_346.png,Szczęście
archive (3)/Train/sad/image0029956.jpg,Smutek
archive (3)/Train/anger/image0028393.jpg,Złość
archive (3)/Test/Anger/image0020504.jpg,Złość
archive (3)/Train/fear/image0038192.jpg,Strach
archive (3)/Train/surprise/image0026843.jpg,Zaskoczenie
archive (3)/Train/sad/image0028695.jpg,Smutek
archive (3)/Test/fear/image0031537.jpg,Strach
archive (3)/Test/happy/ffhq_2327.png,Szczęście
archive (3)/Train/happy/ffhq_3094.png,Szczęście
archive (3)/Train/happy/ffhq_4601.png,Szczęście
archive (3)/Train/sad/image0013791.jpg,Smutek
archive (3)/Test/fear/image0014236.jpg,Strach
archive (3)/Test/Anger/image0016648.jpg,Złość
archive (3)/Test/surprise/ffhq_368.png,Zaskoczenie
archive (3)/Test/happy/ffhq_1115.png,Szczęście
archive (3)/Train/fear/image0038420.jpg,Strach
archive (3)/Test/Anger/image0014386.jpg,Złość
archive (3)/Test/surprise/image0014587.jpg,Zaskoczenie
archive (3)/Test/happy/ffhq_1827.png,Szczęście
archive (3)/Train/surprise/image0033442.jpg,Zaskoczenie
archive (3)/Test/happy/ffhq_2034.png,Szczęście
archive (3)/Train/surprise/image0029381.jpg,Zaskoczenie
archive (3)/Test/fear/image0033771.jpg,Strach
archive (3)/Train/sad/image0017308.jpg,Smutek
archive (3)/Train/surprise/image0024594.jpg,Zaskoczenie
archive (3)/Train/sad/image0013235.jpg,Smutek
archive (3)/Train/surprise/image0027750.jpg,Zaskoczenie
archive (3)/Test/Anger/image0019110.jpg,Złość
archive (3)/Train/happy/ffhq_4426.png,Szczęście
archive (3)/Test/fear/image0018001.jpg,Strach
archive (3)/Train/sad/image0017632.jpg,Smutek
archive (3)/Train/anger/image0028232.jpg,Złość
archive (3)/Test/surprise/ffhq_398.png,Zaskoczenie
archive (3)/Test/surprise/image0014408.jpg,Zaskoczenie
archive (3)/Train/sad/image0022853.jpg,Smutek
archive (3)/Test/Anger/image0008670.jpg,Złość
archive (3)/Test/happy/ffhq_1842.png,Szczęście
archive (3)/Test/happy/ffhq_1821.png,Szczęście
archive (3)/Test/Anger/image0021016.jpg,Złość
archive (3)/Train/surprise/image0033627.jpg,Zaskoczenie
archive (3)/Train/happy/ffhq_4187.png,Szczęście
archive (3)/Train/sad/image0006612.jpg,Smutek
archive (3)/Test/sad/image0005655.jpg,Smutek
archive (3)/Test/fear/image0029537.jpg,Strach
archive (3)/Test/Anger/image0007803.jpg,Złość
archive (3)/Train/anger/image0027152.jpg,Złość
archive (3)/Test/Anger/image0004845.jpg,Złość
archive (3)/Train/sad/image0016909.jpg,Smutek
archive (3)/Test/Anger/image0014526.jpg,Złość
archive (3)/Train/sad/image0012344.jpg,Smutek
archive (3)/Train/fear/image0038946.jpg,Strach
archive (3)/Train/sad/image0004566.jpg,Smutek
archive (3)/Train/fear/image0040073.jpg,Strach
archive (3)/Train/surprise/image0030828.jpg,Zaskoczenie
archive (3)/Train/fear/image0037939.jpg,Strach
archive (3)/Test/surprise/image0020473.jpg,Zaskoczenie
archive (3)/Train/fear/image0038758.jpg,Strach
archive (3)/Train/anger/image0026806.jpg,Złość
archive (3)/Train/fear/image0036806.jpg,Strach
archive (3)/Test/happy/ffhq_938.png,Szczęście
archive (3)/Train/happy/ffhq_3301.png,Szczęście
archive (3)/Train/surprise/image0030443.jpg,Zaskoczenie
archive (3)/Train/sad/image0021312.jpg,Smutek
archive (3)/Train/sad/image0013888.jpg,Smutek
archive (3)/Test/fear/image0034691.jpg,Strach
archive (3)/Test/Anger/image0004952.jpg,Złość
archive (3)/Train/fear/image0036767.jpg,Strach
archive (3)/Test/fear/image0011993.jpg,Strach
archive (3)/Train/sad/image0026561.jpg,Smutek
archive (3)/Train/happy/ffhq_2965.png,Szczęście
archive (3)/Train/surprise/image0024432.jpg,Zaskoczenie
archive (3)/Test/fear/image0034404.jpg,Strach
archive (3)/Train/surprise/image0031560.jpg,Zaskoczenie
archive (3)/Test/surprise/ffhq_296.png,Zaskoczenie
archive (3)/Train/sad/image0020205.jpg,Smutek
archive (3)/Train/fear/image0040539.jpg,Strach
archive (3)/Train/anger/image0029330.jpg,Złość
archive (3)/Test/surprise/ffhq_351.png,Zaskoczenie
archive (3)/Test/happy/ffhq_1360.png,Szczęście
archive (3)/Test/surprise/image0011663.jpg,Zaskoczenie
archive (3)/Test/Anger/image0003757.jpg,Złość
archive (3)/Train/happy/ffhq_4643.png,Szczęście
archive (3)/Test/happy/ffhq_2527.png,Szczęście
archive (3)/Train/anger/image0025021.jpg,Złość
archive (3)/Train/sad/image0006897.jpg,Smutek
archive (3)/Train/sad/image0028358.jpg,Smutek
archive (3)/Test/sad/image0004115.jpg,Smutek
archive (3)/Train/anger/image0030465.jpg,Złość
archive (3)/Train/happy/ffhq_3364.png,Szczęście
archive (3)/Test/surprise/ffhq_392.png,Zaskoczenie
archive (3)/Test/happy/ffhq_2275.png,Szczęście
archive (3)/Test/fear/image0027562.jpg,Strach
archive (3)/Test/sad/image0012283.jpg,Smutek
archive (3)/Train/surprise/image0034181.jpg,Zaskoczenie
archive (3)/Test/happy/ffhq_1217.png,Szczęście
archive (3)/Test/happy/ffhq_1415.png,Szczęście
archive (3)/Test/Anger/image0021697.jpg,Złość
archive (3)/Train/anger/image0022799.jpg,Złość
archive (3)/Train/sad/image0022997.jpg,Smutek
archive (3)/Test/Anger/image0013588.jpg,Złość
archive (3)/Train/happy/ffhq_4168.png,Szczęście
archive (3)/Test/sad/image0006196.jpg,Smutek
archive (3)/Train/surprise/image0031877.jpg,Zaskoczenie
archive (3)/Train/sad/image0024460.jpg,Smutek
archive (3)/Train/surprise/image0028206.jpg,Zaskoczenie
archive (3)/Test/happy/ffhq_1784.png,Szczęście
archive (3)/Train/surprise/image0032976.jpg,Zaskoczenie
archive (3)/Test/sad/image0006396.jpg,Smutek
archive (3)/Train/sad/image0025162.jpg,Smutek
archive (3)/Train/sad/image0027535.jpg,Smutek
archive (3)/Train/fear/image0036678.jpg,Strach
archive (3)/Train/sad/image0021227.jpg,Smutek
archive (3)/Test/surprise/image0018151.jpg,Zaskoczenie
archive (3)/Test/fear/image0024717.jpg,Strach
archive (3)/Test/surprise/image0000646.jpg,Zaskoczenie
archive (3)/Test/sad/image0018736.jpg,Smutek
archive (3)/Train/surprise/image0031324.jpg,Zaskoczenie
archive (3)/Train/anger/image0028685.jpg,Złość
archive (3)/Test/fear/image0029727.jpg,Strach
archive (3)/Train/surprise/image0029992.jpg,Zaskoczenie
archive (3)/Train/happy/ffhq_4720.png,Szczęście
archive (3)/Test/happy/ffhq_1919.png,Szczęście
archive (3)/Test/surprise/ffhq_360.png,Zaskoczenie
archive (3)/Train/happy/ffhq_4841.png,Szczęście
archive (3)/Test/Anger/image0019958.jpg,Złość
archive (3)/Train/fear/image0037164.jpg,Strach
archive (3)/Train/sad/image0012445.jpg,Smutek
archive (3)/Train/sad/image0009527.jpg,Smutek
archive (3)/Test/fear/image0031227.jpg,Strach
archive (3)/Train/happy/ffhq_4026.png,Szczęście
archive (3)/Train/happy/ffhq_4024.png,Szczęście
archive (3)/Test/surprise/image0023145.jpg,Zaskoczenie
archive (3)/Train/surprise/image0029019.jpg,Zaskoczenie
archive (3)/Test/fear/image0032056.jpg,Strach
archive (3)/Test/happy/ffhq_333.png,Szczęście
archive (3)/Test/Anger/image0008605.jpg,Złość
archive (3)/Train/surprise/image0027604.jpg,Zaskoczenie
archive (3)/Train/sad/image0019122.jpg,Smutek
archive (3)/Train/happy/image0031673.jpg,Szczęście
archive (3)/Train/anger/image0030763.jpg,Złość
archive (3)/Train/surprise/image0025847.jpg,Zaskoczenie
archive (3)/Test/surprise/image0019180.jpg,Zaskoczenie
archive (3)/Train/sad/image0023799.jpg,Smutek
archive (3)/Test/fear/image0030923.jpg,Strach
archive (3)/Test/surprise/image0020721.jpg,Zaskoczenie
archive (3)/Train/anger/image0027589.jpg,Złość
archive (3)/Train/happy/ffhq_3847.png,Szczęście
archive (3)/Train/happy/ffhq_3000.png,Szczęście
archive (3)/Train/happy/ffhq_3089.png,Szczęście
archive (3)/Test/sad/image0015388.jpg,Smutek
archive (3)/Train/sad/image0026188.jpg,Smutek
archive (3)/Train/fear/image0039776.jpg,Strach
archive (3)/Train/sad/image0026865.jpg,Smutek
archive (3)/Train/sad/image0028997.jpg,Smutek
archive (3)/Train/anger/image0028515.jpg,Złość
archive (3)/Test/sad/image0016974.jpg,Smutek
archive (3)/Test/sad/image0011067.jpg,Smutek
archive (3)/Train/happy/ffhq_4492.png,Szczęście
archive (3)/Test/surprise/image0003549.jpg,Zaskoczenie
archive (3)/Test/Anger/image0017373.jpg,Złość
archive (3)/Test/Anger/image0002475.jpg,Złość
archive (3)/Train/surprise/image0033654.jpg,Zaskoczenie
archive (3)/Train/sad/image0022255.jpg,Smutek
archive (3)/Test/Anger/image0021589.jpg,Złość
archive (3)/Train/sad/image0014052.jpg,Smutek
archive (3)/Train/sad/image0026092.jpg,Smutek
archive (3)/Test/Anger/image0005070.jpg,Złość
archive (3)/Train/sad/image0005121.jpg,Smutek
archive (3)/Train/sad/image0025694.jpg,Smutek
archive (3)/Test/surprise/image0021715.jpg,Zaskoczenie
archive (3)/Test/Anger/image0020075.jpg,Złość
archive (3)/Train/anger/image0029673.jpg,Złość
archive (3)/Train/surprise/image0029170.jpg,Zaskoczenie
archive (3)/Train/fear/image0037036.jpg,Strach
archive (3)/Test/sad/image0020501.jpg,Smutek
archive (3)/Train/anger/image0028024.jpg,Złość
archive (3)/Test/happy/ffhq_470.png,Szczęście
archive (3)/Test/sad/image0019273.jpg,Smutek
archive (3)/Test/fear/image0017140.jpg,Strach
archive (3)/Test/sad/image0012836.jpg,Smutek
archive (3)/Test/happy/ffhq_1790.png,Szczęście
archive (3)/Train/sad/image0017921.jpg,Smutek
archive (3)/Train/happy/ffhq_3978.png,Szczęście
archive (3)/Train/happy/ffhq_4029.png,Szczęście
archive (3)/Train/sad/image0029626.jpg,Smutek
archive (3)/Train/happy/ffhq_3928.png,Szczęście
archive (3)/Train/happy/ffhq_2832.png,Szczęście
archive (3)/Test/happy/ffhq_1608.png,Szczęście
archive (3)/Test/fear/image0035444.jpg,Strach
archive (3)/Test/surprise/image0023486.jpg,Zaskoczenie
archive (3)/Train/surprise/image0024863.jpg,Zaskoczenie
archive (3)/Train/sad/image0005582.jpg,Smutek
archive (3)/Test/surprise/image0013704.jpg,Zaskoczenie
archive (3)/Train/happy/ffhq_3916.png,Szczęście
archive (3)/Test/happy/ffhq_463.png,Szczęście
archive (3)/Train/sad/image0009212.jpg,Smutek
archive (3)/Test/Anger/image0018363.jpg,Złość
archive (3)/Test/happy/ffhq_1623.png,Szczęście
archive (3)/Train/surprise/image0034125.jpg,Zaskoczenie
archive (3)/Train/happy/ffhq_3001.png,Szczęście
archive (3)/Train/sad/image0026842.jpg,Smutek
archive (3)/Train/sad/image0029556.jpg,Smutek
archive (3)/Train/anger/image0026926.jpg,Złość
archive (3)/Test/Anger/image0020176.jpg,Złość
archive (3)/Train/fear/image0037690.jpg,Strach
archive (3)/Test/surprise/image0022088.jpg,Zaskoczenie
archive (3)/Test/happy/ffhq_1924.png,Szczęście
archive (3)/Test/happy/ffhq_230.png,Szczęście
archive (3)/Train/sad/image0030055.jpg,Smutek
archive (3)/Test/Anger/image0004456.jpg,Złość
archive (3)/Train/surprise/image0024413.jpg,Zaskoczenie
archive (3)/Test/happy/ffhq_1507.png,Szczęście
archive (3)/Train/fear/image0035836.jpg,Strach
archive (3)/Train/fear/image0036533.jpg,Strach
archive (3)/Test/surprise/image0023092.jpg,Zaskoczenie
archive (3)/Test/surprise/image0013328.jpg,Zaskoczenie
archive (3)/Train/happy/ffhq_4677.png,Szczęście
archive (3)/Test/happy/ffhq_339.png,Szczęście
archive (3)/Test/sad/image0012009.jpg,Smutek
archive (3)/Train/happy/ffhq_3011.png,Szczęście
archive (3)/Test/happy/ffhq_354.png,Szczęście
archive (3)/Test/Anger/image0019811.jpg,Złość
archive (3)/Test/fear/image0029954.jpg,Strach
archive (3)/Test/surprise/image0017358.jpg,Zaskoczenie
archive (3)/Train/anger/image0028158.jpg,Złość
archive (3)/Train/happy/ffhq_4735.png,Szczęście
archive (3)/Test/Anger/image0016852.jpg,Złość
archive (3)/Test/Anger/image0016759.jpg,Złość
archive (3)/Test/surprise/image0023461.jpg,Zaskoczenie
archive (3)/Train/sad/image0017417.jpg,Smutek
archive (3)/Train/anger/image0027882.jpg,Złość
archive (3)/Test/surprise/image0003391.jpg,Zaskoczenie
archive (3)/Train/sad/image0019786.jpg,Smutek
archive (3)/Train/sad/image0014287.jpg,Smutek
archive (3)/Test/surprise/image0020560.jpg,Zaskoczenie
archive (3)/Test/Anger/image0016565.jpg,Złość
archive (3)/Test/surprise/image0016697.jpg,Zaskoczenie
archive (3)/Test/surprise/image0022353.jpg,Zaskoczenie
archive (3)/Test/sad/image0001037.jpg,Smutek
archive (3)/Train/sad/image0027897.jpg,Smutek
archive (3)/Test/surprise/image0012210.jpg,Zaskoczenie
archive (3)/Test/surprise/image0001924.jpg,Zaskoczenie
archive (3)/Test/fear/image0026962.jpg,Strach
archive (3)/Test/surprise/image0015164.jpg,Zaskoczenie
archive (3)/Train/happy/image0041657.jpg,Szczęście
archive (3)/Train/sad/image0024565.jpg,Smutek
archive (3)/Test/sad/image0007971.jpg,Smutek
archive (3)/Train/surprise/image0031011.jpg,Zaskoczenie
archive (3)/Test/sad/image0000497.jpg,Smutek
archive (3)/Test/fear/image0020797.jpg,Strach
archive (3)/Test/happy/ffhq_387.png,Szczęście
archive (3)/Train/surprise/image0033456.jpg,Zaskoczenie
archive (3)/Test/sad/image0017170.jpg,Smutek
archive (3)/Train/surprise/image0034633.jpg,Zaskoczenie
archive (3)/Test/sad/image0006120.jpg,Smutek
archive (3)/Test/Anger/image0017641.jpg,Złość
archive (3)/Test/sad/image0013984.jpg,Smutek
archive (3)/Test/sad/image0012083.jpg,Smutek
archive (3)/Train/happy/ffhq_3829.png,Szczęście
archive (3)/Test/happy/ffhq_1546.png,Szczęście
archive (3)/Train/sad/image0025096.jpg,Smutek
archive (3)/Test/fear/image0027505.jpg,Strach
archive (3)/Train/fear/image0040169.jpg,Strach
archive (3)/Test/Anger/image0021804.jpg,Złość
archive (3)/Train/happy/ffhq_3888.png,Szczęście
archive (3)/Test/fear/image0023767.jpg,Strach
archive (3)/Test/Anger/image0017225.jpg,Złość
archive (3)/Train/sad/image0009290.jpg,Smutek
archive (3)/Train/happy/ffhq_3185.png,Szczęście
archive (3)/Train/anger/image0024820.jpg,Złość
archive (3)/Test/sad/image0019623.jpg,Smutek
archive (3)/Test/Anger/image0003573.jpg,Złość
archive (3)/Train/surprise/image0030793.jpg,Zaskoczenie
archive (3)/Train/happy/ffhq_3668.png,Szczęście
archive (3)/Train/sad/image0001748.jpg,Smutek
archive (3)/Train/happy/ffhq_4951.png,Szczęście
archive (3)/Train/sad/image0025356.jpg,Smutek
archive (3)/Train/surprise/image0033470.jpg,Zaskoczenie
archive (3)/Test/sad/image0020009.jpg,Smutek
archive (3)/Test/sad/image0018416.jpg,Smutek
archive (3)/Train/sad/image0029241.jpg,Smutek
archive (3)/Test/happy/ffhq_1864.png,Szczęście
archive (3)/Test/fear/image0032739.jpg,Strach
archive (3)/Train/surprise/image0029106.jpg,Zaskoczenie
archive (3)/Test/fear/image0033671.jpg,Strach
archive (3)/Train/happy/ffhq_2786.png,Szczęście
archive (3)/Train/sad/image0006117.jpg,Smutek
archive (3)/Train/anger/image0029185.jpg,Złość
archive (3)/Test/fear/image0031252.jpg,Strach
archive (3)/Train/surprise/image0028535.jpg,Zaskoczenie
archive (3)/Test/fear/image0005434.jpg,Strach
archive (3)/Train/sad/image0019516.jpg,Smutek
archive (3)/Test/happy/ffhq_393.png,Szczęście
archive (3)/Test/surprise/image0000137.jpg,Zaskoczenie
archive (3)/Test/surprise/image0008953.jpg,Zaskoczenie
archive (3)/Train/fear/image0040281.jpg,Strach
archive (3)/Train/surprise/image0034234.jpg,Zaskoczenie
archive (3)/Test/surprise/image0019981.jpg,Zaskoczenie
archive (3)/Train/fear/image0038526.jpg,Strach
archive (3)/Train/happy/ffhq_4837.png,Szczęście
archive (3)/Test/Anger/image0003609.jpg,Złość
archive (3)/Train/sad/image0004510.jpg,Smutek
archive (3)/Train/surprise/image0032823.jpg,Zaskoczenie
archive (3)/Train/fear/image0036126.jpg,Strach
archive (3)/Train/happy/ffhq_3477.png,Szczęście
archive (3)/Train/anger/image0030683.jpg,Złość
archive (3)/Train/surprise/image0031782.jpg,Zaskoczenie
archive (3)/Test/surprise/image0010762.jpg,Zaskoczenie
archive (3)/Test/sad/image0018832.jpg,Smutek
archive (3)/Test/Anger/image0009116.jpg,Złość
archive (3)/Train/sad/image0029078.jpg,Smutek
archive (3)/Test/Anger/image0008544.jpg,Złość
archive (3)/Test/happy/ffhq_1261.png,Szczęście
archive (3)/Test/happy/ffhq_1088.png,Szczęście
archive (3)/Test/happy/ffhq_132.png,Szczęście
archive (3)/Test/surprise/ffhq_69.png,Zaskoczenie
archive (3)/Train/anger/image0029360.jpg,Złość
archive (3)/Test/happy/ffhq_645.png,Szczęście
archive (3)/Train/anger/image0028139.jpg,Złość
archive (3)/Test/fear/image0033735.jpg,Strach
archive (3)/Test/surprise/image0014620.jpg,Zaskoczenie
archive (3)/Test/fear/image0017446.jpg,Strach
archive (3)/Train/surprise/image0030010.jpg,Zaskoczenie
archive (3)/Test/fear/image0031581.jpg,Strach
archive (3)/Test/happy/ffhq_1022.png,Szczęście
archive (3)/Train/fear/image0037375.jpg,Strach
archive (3)/Test/happy/ffhq_1198.png,Szczęście
archive (3)/Test/happy/ffhq_314.png,Szczęście
archive (3)/Test/sad/image0017612.jpg,Smutek
archive (3)/Test/happy/ffhq_2340.png,Szczęście
archive (3)/Test/sad/image0005477.jpg,Smutek
archive (3)/Test/surprise/image0023356.jpg,Zaskoczenie
archive (3)/Train/anger/image0028657.jpg,Złość
archive (3)/Train/fear/image0035599.jpg,Strach
archive (3)/Train/fear/image0036378.jpg,Strach
archive (3)/Test/happy/ffhq_880.png,Szczęście
archive (3)/Train/surprise/image0031867.jpg,Zaskoczenie
archive (3)/Train/happy/ffhq_4566.png,Szczęście
archive (3)/Train/sad/image0017901.jpg,Smutek
archive (3)/Train/happy/ffhq_3949.png,Szczęście
archive (3)/Train/happy/ffhq_3628.png,Szczęście
archive (3)/Train/sad/image0017946.jpg,Smutek
archive (3)/Train/happy/ffhq_3006.png,Szczęście
archive (3)/Train/happy/ffhq_4935.png,Szczęście
archive (3)/Test/surprise/image0020837.jpg,Zaskoczenie
archive (3)/Test/fear/image0035127.jpg,Strach
archive (3)/Train/sad/image0007171.jpg,Smutek
archive (3)/Train/happy/ffhq_4192.png,Szczęście
archive (3)/Train/anger/image0027679.jpg,Złość
archive (3)/Train/anger/image0026650.jpg,Złość
archive (3)/Train/fear/image0040365.jpg,Strach
archive (3)/Train/happy/ffhq_4761.png,Szczęście
archive (3)/Train/happy/ffhq_2976.png,Szczęście
archive (3)/Test/happy/ffhq_708.png,Szczęście
archive (3)/Train/happy/ffhq_4564.png,Szczęście
archive (3)/Train/happy/ffhq_4705.png,Szczęście
archive (3)/Test/Anger/image0003734.jpg,Złość
archive (3)/Train/surprise/image0027823.jpg,Zaskoczenie
archive (3)/Train/sad/image0030065.jpg,Smutek
archive (3)/Train/fear/image0038931.jpg,Strach
archive (3)/Test/surprise/image0023611.jpg,Zaskoczenie
archive (3)/Test/Anger/image0017646.jpg,Złość
archive (3)/Test/Anger/image0020853.jpg,Złość
archive (3)/Train/fear/image0038909.jpg,Strach
archive (3)/Test/fear/image0024949.jpg,Strach
archive (3)/Test/happy/ffhq_1083.png,Szczęście
archive (3)/Train/sad/image0028442.jpg,Smutek
archive (3)/Test/surprise/image0019029.jpg,Zaskoczenie
archive (3)/Test/Anger/image0004051.jpg,Złość
archive (3)/Test/sad/image0015865.jpg,Smutek
archive (3)/Test/surprise/ffhq_53.png,Zaskoczenie
archive (3)/Test/fear/image0020838.jpg,Strach
archive (3)/Test/surprise/image0018546.jpg,Zaskoczenie
archive (3)/Test/happy/ffhq_926.png,Szczęście
archive (3)/Train/sad/image0008317.jpg,Smutek
archive (3)/Train/sad/image0029309.jpg,Smutek
archive (3)/Train/sad/image0029548.jpg,Smutek
archive (3)/Test/surprise/ffhq_147.png,Zaskoczenie
archive (3)/Test/surprise/image0018988.jpg,Zaskoczenie
archive (3)/Test/sad/image0004138.jpg,Smutek
archive (3)/Train/sad/image0028996.jpg,Smutek
archive (3)/Train/anger/image0024325.jpg,Złość
archive (3)/Train/surprise/image0034299.jpg,Zaskoczenie
archive (3)/Train/happy/ffhq_2794.png,Szczęście
archive (3)/Test/Anger/image0021166.jpg,Złość
archive (3)/Test/surprise/image0015209.jpg,Zaskoczenie
archive (3)/Train/fear/image0040780.jpg,Strach
archive (3)/Train/sad/image0029071.jpg,Smutek
archive (3)/Train/sad/image0029531.jpg,Smutek
archive (3)/Train/anger/image0029416.jpg,Złość
archive (3)/Train/surprise/image0033657.jpg,Zaskoczenie
archive (3)/Train/sad/image0024391.jpg,Smutek
archive (3)/Test/fear/image0028718.jpg,Strach
archive (3)/Train/surprise/image0026310.jpg,Zaskoczenie
archive (3)/Test/sad/image0017773.jpg,Smutek
archive (3)/Train/sad/image0029947.jpg,Smutek
archive (3)/Train/surprise/image0026766.jpg,Zaskoczenie
archive (3)/Train/fear/image0037771.jpg,Strach
archive (3)/Test/surprise/ffhq_407.png,Zaskoczenie
archive (3)/Test/fear/image0035123.jpg,Strach
archive (3)/Train/happy/ffhq_4091.png,Szczęście
archive (3)/Test/Anger/image0017541.jpg,Złość
archive (3)/Train/surprise/image0027777.jpg,Zaskoczenie
archive (3)/Test/sad/image0020977.jpg,Smutek
archive (3)/Test/happy/ffhq_1117.png,Szczęście
archive (3)/Test/fear/image0032819.jpg,Strach
archive (3)/Test/fear/image0002832.jpg,Strach
archive (3)/Train/sad/image0025131.jpg,Smutek
archive (3)/Test/Anger/image0003666.jpg,Złość
archive (3)/Train/anger/image0022392.jpg,Złość
archive (3)/Test/Anger/image0017536.jpg,Złość
archive (3)/Train/happy/ffhq_2867.png,Szczęście
archive (3)/Train/sad/image0014084.jpg,Smutek
archive (3)/Train/anger/image0030121.jpg,Złość
archive (3)/Test/sad/image0004119.jpg,Smutek
archive (3)/Test/Anger/image0019008.jpg,Złość
archive (3)/Test/surprise/image0003469.jpg,Zaskoczenie
archive (3)/Train/sad/image0009190.jpg,Smutek
archive (3)/Test/Anger/image0012281.jpg,Złość
archive (3)/Train/fear/image0036342.jpg,Strach
archive (3)/Train/anger/image0025630.jpg,Złość
archive (3)/Test/happy/ffhq_2334.png,Szczęście
archive (3)/Test/Anger/image0019277.jpg,Złość
archive (3)/Train/sad/image0006107.jpg,Smutek
archive (3)/Train/sad/image0024614.jpg,Smutek
archive (3)/Test/Anger/image0012164.jpg,Złość
archive (3)/Test/surprise/image0018883.jpg,Zaskoczenie
archive (3)/Train/surprise/image0030310.jpg,Zaskoczenie
archive (3)/Test/sad/image0000563.jpg,Smutek
archive (3)/Test/surprise/image0005401.jpg,Zaskoczenie
archive (3)/Train/surprise/image0033284.jpg,Zaskoczenie
archive (3)/Test/fear/image0035228.jpg,Strach
archive (3)/Test/fear/image0027566.jpg,Strach
archive (3)/Train/sad/image0029720.jpg,Smutek
archive (3)/Train/anger/image0026381.jpg,Złość
archive (3)/Train/fear/image0036190.jpg,Strach
archive (3)/Train/anger/image0025853.jpg,Złość
archive (3)/Test/happy/ffhq_2438.png,Szczęście
archive (3)/Test/fear/image0028829.jpg,Strach
archive (3)/Test/happy/ffhq_480.png,Szczęście
archive (3)/Train/fear/image0039463.jpg,Strach
archive (3)/Train/fear/image0037044.jpg,Strach
archive (3)/Test/surprise/image0014762.jpg,Zaskoczenie
archive (3)/Train/sad/image0015239.jpg,Smutek
archive (3)/Train/happy/ffhq_2883.png,Szczęście
archive (3)/Train/happy/ffhq_4626.png,Szczęście
archive (3)/Test/surprise/image0005452.jpg,Zaskoczenie
archive (3)/Test/happy/ffhq_1847.png,Szczęście
archive (3)/Test/fear/image0029935.jpg,Strach
archive (3)/Train/sad/image0030105.jpg,Smutek
archive (3)/Train/surprise/image0030478.jpg,Zaskoczenie
archive (3)/Test/surprise/image0021749.jpg,Zaskoczenie
archive (3)/Train/sad/image0027715.jpg,Smutek
archive (3)/Test/fear/image0035453.jpg,Strach
archive (3)/Test/happy/ffhq_1210.png,Szczęście
archive (3)/Train/happy/ffhq_4228.png,Szczęście
archive (3)/Train/surprise/image0029108.jpg,Zaskoczenie
archive (3)/Test/fear/image0030813.jpg,Strach
archive (3)/Train/happy/ffhq_4291.png,Szczęście
archive (3)/Train/surprise/image0033336.jpg,Zaskoczenie
archive (3)/Train/fear/image0038569.jpg,Strach
archive (3)/Test/Anger/image0009939.jpg,Złość
archive (3)/Test/surprise/image0000967.jpg,Zaskoczenie
archive (3)/Test/surprise/image0004544.jpg,Zaskoczenie
archive (3)/Test/sad/image0016649.jpg,Smutek
archive (3)/Train/sad/image0025089.jpg,Smutek
archive (3)/Test/surprise/image0022939.jpg,Zaskoczenie
archive (3)/Test/sad/image0019084.jpg,Smutek
archive (3)/Train/happy/ffhq_3486.png,Szczęście
archive (3)/Train/anger/image0029079.jpg,Złość
archive (3)/Test/happy/ffhq_917.png,Szczęście
archive (3)/Test/happy/ffhq_1495.png,Szczęście
archive (3)/Train/sad/image0027027.jpg,Smutek
archive (3)/Train/anger/image0022253.jpg,Złość
archive (3)/Test/surprise/ffhq_579.png,Zaskoczenie
archive (3)/Train/sad/image0010440.jpg,Smutek
archive (3)/Test/sad/image0012272.jpg,Smutek
archive (3)/Train/happy/image0027394.jpg,Szczęście
archive (3)/Train/fear/image0040574.jpg,Strach
archive (3)/Train/anger/image0029904.jpg,Złość
archive (3)/Train/anger/image0025056.jpg,Złość
archive (3)/Test/happy/ffhq_2507.png,Szczęście
archive (3)/Train/fear/image0037485.jpg,Strach
archive (3)/Test/fear/image0031463.jpg,Strach
archive (3)/Test/happy/ffhq_682.png,Szczęście
archive (3)/Train/happy/ffhq_4517.png,Szczęście
archive (3)/Train/surprise/image0033502.jpg,Zaskoczenie
archive (3)/Test/fear/image0035111.jpg,Strach
archive (3)/Train/happy/ffhq_3072.png,Szczęście
archive (3)/Test/Anger/image0018776.jpg,Złość
archive (3)/Test/Anger/image0008289.jpg,Złość
archive (3)/Test/happy/ffhq_1501.png,Szczęście
archive (3)/Train/fear/image0038953.jpg,Strach
archive (3)/Test/surprise/ffhq_653.png,Zaskoczenie
archive (3)/Train/fear/image0038079.jpg,Strach
archive (3)/Test/surprise/image0014967.jpg,Zaskoczenie
archive (3)/Test/surprise/image0021175.jpg,Zaskoczenie
archive (3)/Train/sad/image0024757.jpg,Smutek
archive (3)/Test/happy/ffhq_241.png,Szczęście
archive (3)/Train/sad/image0018948.jpg,Smutek
archive (3)/Test/surprise/image0019618.jpg,Zaskoczenie
archive (3)/Train/happy/ffhq_3165.png,Szczęście
archive (3)/Train/fear/image0040170.jpg,Strach
archive (3)/Test/happy/ffhq_759.png,Szczęście
archive (3)/Test/sad/image0007757.jpg,Smutek
archive (3)/Test/surprise/ffhq_193.png,Zaskoczenie
archive (3)/Train/happy/ffhq_4031.png,Szczęście
archive (3)/Train/happy/ffhq_3210.png,Szczęście
archive (3)/Test/happy/ffhq_2057.png,Szczęście
archive (3)/Test/sad/image0021006.jpg,Smutek
archive (3)/Train/surprise/image0034597.jpg,Zaskoczenie
archive (3)/Train/happy/ffhq_3385.png,Szczęście
archive (3)/Train/happy/ffhq_4284.png,Szczęście
archive (3)/Test/sad/image0017921.jpg,Smutek
archive (3)/Train/happy/ffhq_4336.png,Szczęście
archive (3)/Train/fear/image0039585.jpg,Strach
archive (3)/Test/sad/image0007165.jpg,Smutek
archive (3)/Train/anger/image0030727.jpg,Złość
archive (3)/Test/happy/ffhq_2116.png,Szczęście
archive (3)/Train/surprise/image0031159.jpg,Zaskoczenie
archive (3)/Test/surprise/ffhq_388.png,Zaskoczenie
archive (3)/Train/anger/image0026163.jpg,Złość
archive (3)/Train/happy/ffhq_3116.png,Szczęście
archive (3)/Test/fear/image0024668.jpg,Strach
archive (3)/Test/sad/image0013235.jpg,Smutek
archive (3)/Test/surprise/image0007668.jpg,Zaskoczenie
archive (3)/Train/fear/image0037135.jpg,Strach
archive (3)/Train/fear/image0040284.jpg,Strach
archive (3)/Test/Anger/image0017270.jpg,Złość
archive (3)/Test/surprise/image0005059.jpg,Zaskoczenie
archive (3)/Test/happy/ffhq_891.png,Szczęście
archive (3)/Train/sad/image0029057.jpg,Smutek
archive (3)/Test/surprise/ffhq_473.png,Zaskoczenie
archive (3)/Test/happy/ffhq_801.png,Szczęście
archive (3)/Train/surprise/image0034632.jpg,Zaskoczenie
archive (3)/Train/fear/image0040941.jpg,Strach
archive (3)/Test/happy/ffhq_2165.png,Szczęście
archive (3)/Test/Anger/image0013343.jpg,Złość
archive (3)/Train/happy/ffhq_3130.png,Szczęście
archive (3)/Train/happy/ffhq_3167.png,Szczęście
archive (3)/Test/sad/image0003386.jpg,Smutek
archive (3)/Train/fear/image0039354.jpg,Strach
archive (3)/Test/happy/ffhq_1009.png,Szczęście
archive (3)/Test/Anger/image0020689.jpg,Złość
archive (3)/Train/anger/image0023605.jpg,Złość
archive (3)/Test/Anger/image0020983.jpg,Złość
archive (3)/Train/fear/image0038958.jpg,Strach
archive (3)/Test/sad/image0004913.jpg,Smutek
archive (3)/Train/happy/ffhq_3845.png,Szczęście
archive (3)/Test/happy/ffhq_667.png,Szczęście
archive (3)/Test/happy/ffhq_794.png,Szczęście
archive (3)/Train/happy/ffhq_3496.png,Szczęście
archive (3)/Train/sad/image0019163.jpg,Smutek
archive (3)/Test/surprise/image0007511.jpg,Zaskoczenie
archive (3)/Test/Anger/image0016716.jpg,Złość
archive (3)/Train/surprise/image0027417.jpg,Zaskoczenie
archive (3)/Train/anger/image0030063.jpg,Złość
archive (3)/Test/happy/ffhq_2352.png,Szczęście
archive (3)/Train/sad/image0023689.jpg,Smutek
archive (3)/Train/happy/ffhq_3330.png,Szczęście
archive (3)/Train/sad/image0015817.jpg,Smutek
archive (3)/Train/sad/image0021551.jpg,Smutek
archive (3)/Train/anger/image0030458.jpg,Złość
archive (3)/Train/sad/image0019444.jpg,Smutek
archive (3)/Test/fear/image0031424.jpg,Strach
archive (3)/Test/happy/ffhq_2662.png,Szczęście
archive (3)/Test/happy/ffhq_87.png,Szczęście
archive (3)/Train/anger/image0028730.jpg,Złość
archive (3)/Test/fear/image0020273.jpg,Strach
archive (3)/Test/sad/image0015942.jpg,Smutek
archive (3)/Test/happy/ffhq_918.png,Szczęście
archive (3)/Test/surprise/ffhq_262.png,Zaskoczenie
archive (3)/Train/happy/ffhq_4899.png,Szczęście
archive (3)/Train/surprise/image0030117.jpg,Zaskoczenie
archive (3)/Train/sad/image0021063.jpg,Smutek
archive (3)/Test/fear/image0031471.jpg,Strach
archive (3)/Train/happy/ffhq_4640.png,Szczęście
archive (3)/Test/surprise/ffhq_315.png,Zaskoczenie
archive (3)/Train/surprise/image0025457.jpg,Zaskoczenie
archive (3)/Train/surprise/image0029189.jpg,Zaskoczenie
archive (3)/Train/sad/image0010972.jpg,Smutek
archive (3)/Test/happy/ffhq_852.png,Szczęście
archive (3)/Test/surprise/image0022608.jpg,Zaskoczenie
archive (3)/Test/Anger/image0019133.jpg,Złość
archive (3)/Test/happy/ffhq_629.png,Szczęście
archive (3)/Train/fear/image0035702.jpg,Strach
archive (3)/Train/happy/ffhq_3766.png,Szczęście
archive (3)/Test/surprise/ffhq_311.png,Zaskoczenie
archive (3)/Train/fear/image0036534.jpg,Strach
archive (3)/Train/anger/image0026575.jpg,Złość
archive (3)/Test/surprise/ffhq_251.png,Zaskoczenie
archive (3)/Train/surprise/image0033922.jpg,Zaskoczenie
archive (3)/Test/sad/image0014157.jpg,Smutek
archive (3)/Test/happy/ffhq_1383.png,Szczęście
archive (3)/Test/happy/ffhq_472.png,Szczęście
archive (3)/Test/surprise/image0022794.jpg,Zaskoczenie
archive (3)/Test/happy/ffhq_1432.png,Szczęście
archive (3)/Test/sad/image0017687.jpg,Smutek
archive (3)/Train/fear/image0040323.jpg,Strach
archive (3)/Train/surprise/image0033955.jpg,Zaskoczenie
archive (3)/Train/surprise/image0033568.jpg,Zaskoczenie
archive (3)/Test/happy/ffhq_113.png,Szczęście
archive (3)/Test/Anger/image0021805.jpg,Złość
archive (3)/Test/fear/image0033283.jpg,Strach
archive (3)/Train/surprise/image0034560.jpg,Zaskoczenie
archive (3)/Test/happy/ffhq_932.png,Szczęście
archive (3)/Train/sad/image0020272.jpg,Smutek
archive (3)/Train/surprise/image0034055.jpg,Zaskoczenie
archive (3)/Train/fear/image0036692.jpg,Strach
archive (3)/Train/happy/ffhq_3320.png,Szczęście
archive (3)/Test/surprise/image0004844.jpg,Zaskoczenie
archive (3)/Test/happy/ffhq_1969.png,Szczęście
archive (3)/Train/surprise/image0026582.jpg,Zaskoczenie
archive (3)/Test/happy/ffhq_2059.png,Szczęście
archive (3)/Train/fear/image0035735.jpg,Strach
archive (3)/Test/fear/image0034523.jpg,Strach
archive (3)/Train/fear/image0036933.jpg,Strach
archive (3)/Test/happy/ffhq_1450.png,Szczęście
archive (3)/Test/fear/image0026665.jpg,Strach
archive (3)/Train/fear/image0038934.jpg,Strach
archive (3)/Train/surprise/image0027821.jpg,Zaskoczenie
archive (3)/Test/sad/image0020559.jpg,Smutek
archive (3)/Train/sad/image0026494.jpg,Smutek
archive (3)/Test/happy/ffhq_7.png,Szczęście
archive (3)/Test/Anger/image0014344.jpg,Złość
archive (3)/Test/surprise/image0020263.jpg,Zaskoczenie
archive (3)/Train/happy/ffhq_3376.png,Szczęście
archive (3)/Train/sad/image0010198.jpg,Smutek
archive (3)/Test/Anger/image0003836.jpg,Złość
archive (3)/Test/Anger/image0017432.jpg,Złość
archive (3)/Test/Anger/image0006834.jpg,Złość
archive (3)/Train/anger/image0028078.jpg,Złość
archive (3)/Test/happy/ffhq_1163.png,Szczęście
archive (3)/Train/fear/image0040918.jpg,Strach
archive (3)/Test/happy/ffhq_1848.png,Szczęście
archive (3)/Train/fear/image0036939.jpg,Strach
archive (3)/Test/fear/image0033681.jpg,Strach
archive (3)/Test/Anger/image0009826.jpg,Złość
archive (3)/Train/happy/ffhq_4034.png,Szczęście
archive (3)/Test/happy/ffhq_72.png,Szczęście
archive (3)/Test/surprise/ffhq_73.png,Zaskoczenie
archive (3)/Train/surprise/image0029811.jpg,Zaskoczenie
archive (3)/Test/surprise/image0017934.jpg,Zaskoczenie
archive (3)/Test/fear/image0030508.jpg,Strach
archive (3)/Test/fear/image0019607.jpg,Strach
archive (3)/Train/fear/image0038014.jpg,Strach
archive (3)/Train/sad/image0018049.jpg,Smutek
archive (3)/Test/surprise/ffhq_594.png,Zaskoczenie
archive (3)/Train/happy/ffhq_3482.png,Szczęście
archive (3)/Train/happy/ffhq_4937.png,Szczęście
archive (3)/Test/Anger/image0013784.jpg,Złość
archive (3)/Train/surprise/image0030825.jpg,Zaskoczenie
archive (3)/Train/anger/image0024376.jpg,Złość
archive (3)/Train/happy/ffhq_4602.png,Szczęście
archive (3)/Train/surprise/image0031083.jpg,Zaskoczenie
archive (3)/Test/happy/ffhq_1795.png,Szczęście
archive (3)/Train/happy/ffhq_3800.png,Szczęście
archive (3)/Test/happy/ffhq_473.png,Szczęście
archive (3)/Test/sad/image0020090.jpg,Smutek
archive (3)/Test/sad/image0003668.jpg,Smutek
archive (3)/Test/Anger/image0012265.jpg,Złość
archive (3)/Train/sad/image0000013.jpg,Smutek
archive (3)/Test/sad/image0019155.jpg,Smutek
archive (3)/Test/sad/image0004052.jpg,Smutek
archive (3)/Train/happy/ffhq_3315.png,Szczęście
archive (3)/Test/happy/ffhq_1003.png,Szczęście
archive (3)/Test/fear/image0020171.jpg,Strach
archive (3)/Train/surprise/image0034465.jpg,Zaskoczenie
archive (3)/Train/happy/ffhq_4376.png,Szczęście
archive (3)/Train/sad/image0006424.jpg,Smutek
archive (3)/Train/surprise/image0030672.jpg,Zaskoczenie
archive (3)/Train/fear/image0040709.jpg,Strach
archive (3)/Test/surprise/image0021683.jpg,Zaskoczenie
archive (3)/Train/sad/image0020959.jpg,Smutek
archive (3)/Test/Anger/image0019182.jpg,Złość
archive (3)/Train/fear/image0039672.jpg,Strach
archive (3)/Train/sad/image0028651.jpg,Smutek
archive (3)/Test/surprise/image0007564.jpg,Zaskoczenie
archive (3)/Train/fear/image0039011.jpg,Strach
archive (3)/Test/sad/image0013574.jpg,Smutek
archive (3)/Test/happy/ffhq_482.png,Szczęście
archive (3)/Test/happy/ffhq_2691.png,Szczęście
archive (3)/Test/sad/image0010969.jpg,Smutek
archive (3)/Test/surprise/image0021193.jpg,Zaskoczenie
archive (3)/Train/sad/image0005770.jpg,Smutek
archive (3)/Train/fear/image0039770.jpg,Strach
archive (3)/Test/sad/image0009590.jpg,Smutek
archive (3)/Test/happy/ffhq_257.png,Szczęście
archive (3)/Test/Anger/image0018236.jpg,Złość
archive (3)/Train/sad/image0022727.jpg,Smutek
archive (3)/Test/happy/ffhq_1405.png,Szczęście
archive (3)/Test/sad/image0007797.jpg,Smutek
archive (3)/Test/happy/ffhq_1081.png,Szczęście
archive (3)/Train/surprise/image0028440.jpg,Zaskoczenie
archive (3)/Test/happy/ffhq_1770.png,Szczęście
archive (3)/Train/happy/ffhq_3855.png,Szczęście
archive (3)/Test/Anger/image0021571.jpg,Złość
archive (3)/Train/surprise/image0030017.jpg,Zaskoczenie
archive (3)/Train/sad/image0027474.jpg,Smutek
archive (3)/Test/surprise/image0013739.jpg,Zaskoczenie
archive (3)/Train/fear/image0039464.jpg,Strach
archive (3)/Train/fear/image0037691.jpg,Strach
archive (3)/Test/happy/ffhq_1958.png,Szczęście
archive (3)/Train/happy/ffhq_3634.png,Szczęście
archive (3)/Train/happy/ffhq_4898.png,Szczęście
archive (3)/Test/happy/ffhq_2024.png,Szczęście
archive (3)/Test/sad/image0019220.jpg,Smutek
archive (3)/Test/fear/image0028310.jpg,Strach
archive (3)/Test/happy/ffhq_1499.png,Szczęście
archive (3)/Test/happy/ffhq_1093.png,Szczęście
archive (3)/Test/happy/ffhq_2256.png,Szczęście
archive (3)/Train/sad/image0026701.jpg,Smutek
archive (3)/Train/fear/image0037435.jpg,Strach
archive (3)/Train/fear/image0038968.jpg,Strach
archive (3)/Train/surprise/image0032903.jpg,Zaskoczenie
archive (3)/Train/surprise/image0027780.jpg,Zaskoczenie
archive (3)/Test/surprise/image0022874.jpg,Zaskoczenie
archive (3)/Train/surprise/image0029177.jpg,Zaskoczenie
archive (3)/Train/sad/image0024467.jpg,Smutek
archive (3)/Train/anger/image0022725.jpg,Złość
archive (3)/Test/Anger/image0004099.jpg,Złość
archive (3)/Train/anger/image0027232.jpg,Złość
archive (3)/Train/surprise/image0031487.jpg,Zaskoczenie
archive (3)/Train/anger/image0027063.jpg,Złość
archive (3)/Test/sad/image0015377.jpg,Smutek
archive (3)/Train/surprise/image0030795.jpg,Zaskoczenie
archive (3)/Test/happy/ffhq_245.png,Szczęście
archive (3)/Test/sad/image0005478.jpg,Smutek
archive (3)/Train/happy/ffhq_3155.png,Szczęście
archive (3)/Test/fear/image0033455.jpg,Strach
archive (3)/Train/sad/image0029590.jpg,Smutek
archive (3)/Test/surprise/image0021457.jpg,Zaskoczenie
archive (3)/Test/sad/image0002875.jpg,Smutek
archive (3)/Train/happy/ffhq_3104.png,Szczęście
archive (3)/Train/surprise/image0029996.jpg,Zaskoczenie
archive (3)/Train/happy/ffhq_3558.png,Szczęście
archive (3)/Test/Anger/image0018361.jpg,Złość
archive (3)/Test/surprise/image0021024.jpg,Zaskoczenie
archive (3)/Train/sad/image0018434.jpg,Smutek
archive (3)/Train/sad/image0019581.jpg,Smutek
archive (3)/Train/sad/image0028502.jpg,Smutek
archive (3)/Train/sad/image0026402.jpg,Smutek
archive (3)/Train/fear/image0040559.jpg,Strach
archive (3)/Train/happy/ffhq_4436.png,Szczęście
archive (3)/Train/anger/image0027634.jpg,Złość
archive (3)/Test/Anger/image0019507.jpg,Złość
archive (3)/Train/surprise/image0026235.jpg,Zaskoczenie
archive (3)/Train/surprise/image0034939.jpg,Zaskoczenie
archive (3)/Test/happy/ffhq_42.png,Szczęście
archive (3)/Train/happy/ffhq_4407.png,Szczęście
archive (3)/Train/surprise/image0033503.jpg,Zaskoczenie
archive (3)/Test/surprise/image0023849.jpg,Zaskoczenie
archive (3)/Test/surprise/image0016887.jpg,Zaskoczenie
archive (3)/Train/sad/image0023882.jpg,Smutek
archive (3)/Train/sad/image0028491.jpg,Smutek
archive (3)/Train/sad/image0016997.jpg,Smutek
archive (3)/Test/happy/ffhq_1242.png,Szczęście
archive (3)/Train/happy/ffhq_3636.png,Szczęście
archive (3)/Train/happy/ffhq_4632.png,Szczęście
archive (3)/Train/surprise/image0033047.jpg,Zaskoczenie
archive (3)/Train/surprise/image0030282.jpg,Zaskoczenie
archive (3)/Train/sad/image0001044.jpg,Smutek
archive (3)/Test/fear/image0020449.jpg,Strach
archive (3)/Train/sad/image0010890.jpg,Smutek
archive (3)/Test/Anger/image0007988.jpg,Złość
archive (3)/Train/anger/image0022696.jpg,Złość
archive (3)/Train/fear/image0039594.jpg,Strach
archive (3)/Train/happy/ffhq_4858.png,Szczęście
archive (3)/Test/Anger/image0008854.jpg,Złość
archive (3)/Train/surprise/image0034603.jpg,Zaskoczenie
archive (3)/Train/surprise/image0026813.jpg,Zaskoczenie
archive (3)/Train/fear/image0040231.jpg,Strach
archive (3)/Test/happy/ffhq_2415.png,Szczęście
archive (3)/Test/Anger/image0018648.jpg,Złość
archive (3)/Test/sad/image0001759.jpg,Smutek
archive (3)/Train/happy/ffhq_2718.png,Szczęście
archive (3)/Train/sad/image0028109.jpg,Smutek
archive (3)/Test/fear/image0034860.jpg,Strach
archive (3)/Test/surprise/ffhq_287.png,Zaskoczenie
archive (3)/Test/happy/ffhq_2255.png,Szczęście
archive (3)/Train/happy/ffhq_3346.png,Szczęście
archive (3)/Train/happy/ffhq_3904.png,Szczęście
archive (3)/Train/happy/ffhq_4653.png,Szczęście
archive (3)/Test/fear/image0032752.jpg,Strach
archive (3)/Train/anger/image0022679.jpg,Złość
archive (3)/Train/happy/ffhq_2924.png,Szczęście
archive (3)/Train/sad/image0002792.jpg,Smutek
archive (3)/Train/sad/image0026868.jpg,Smutek
archive (3)/Test/Anger/image0019797.jpg,Złość
archive (3)/Train/anger/image0026173.jpg,Złość
archive (3)/Train/fear/image0040352.jpg,Strach
archive (3)/Train/happy/ffhq_3349.png,Szczęście
archive (3)/Test/fear/image0003514.jpg,Strach
archive (3)/Test/surprise/image0021187.jpg,Zaskoczenie
archive (3)/Train/happy/ffhq_3261.png,Szczęście
archive (3)/Test/fear/image0027016.jpg,Strach
archive (3)/Train/fear/image0038299.jpg,Strach
archive (3)/Train/fear/image0040194.jpg,Strach
archive (3)/Train/anger/image0025236.jpg,Złość
archive (3)/Train/anger/image0027035.jpg,Złość
archive (3)/Train/sad/image0016469.jpg,Smutek
archive (3)/Test/Anger/image0021502.jpg,Złość
archive (3)/Train/surprise/image0031903.jpg,Zaskoczenie
archive (3)/Test/fear/image0029336.jpg,Strach
archive (3)/Test/surprise/image0016120.jpg,Zaskoczenie
archive (3)/Train/surprise/image0033658.jpg,Zaskoczenie
archive (3)/Train/happy/ffhq_4769.png,Szczęście
archive (3)/Test/Anger/image0018947.jpg,Złość
archive (3)/Train/sad/image0016342.jpg,Smutek
archive (3)/Train/sad/image0006498.jpg,Smutek
archive (3)/Train/sad/image0026537.jpg,Smutek
archive (3)/Train/fear/image0037008.jpg,Strach
archive (3)/Test/Anger/image0020394.jpg,Złość
archive (3)/Test/surprise/ffhq_515.png,Zaskoczenie
archive (3)/Train/happy/ffhq_3837.png,Szczęście
archive (3)/Test/fear/image0035250.jpg,Strach
archive (3)/Train/sad/image0027093.jpg,Smutek
archive (3)/Test/sad/image0017637.jpg,Smutek
archive (3)/Train/surprise/image0033894.jpg,Zaskoczenie
archive (3)/Train/anger/image0026663.jpg,Złość
archive (3)/Train/sad/image0015685.jpg,Smutek
archive (3)/Train/anger/image0022460.jpg,Złość
archive (3)/Train/sad/image0008237.jpg,Smutek
archive (3)/Train/sad/image0005772.jpg,Smutek
archive (3)/Train/happy/ffhq_4207.png,Szczęście
archive (3)/Test/happy/ffhq_1883.png,Szczęście
archive (3)/Train/sad/image0022818.jpg,Smutek
archive (3)/Train/happy/ffhq_4862.png,Szczęście
archive (3)/Train/happy/ffhq_3247.png,Szczęście
archive (3)/Train/anger/image0027746.jpg,Złość
archive (3)/Test/happy/ffhq_1302.png,Szczęście
archive (3)/Test/happy/ffhq_655.png,Szczęście
archive (3)/Train/happy/ffhq_2750.png,Szczęście
archive (3)/Train/anger/image0021893.jpg,Złość
archive (3)/Train/fear/image0039808.jpg,Strach
archive (3)/Test/happy/ffhq_485.png,Szczęście
archive (3)/Test/sad/image0012338.jpg,Smutek
archive (3)/Train/fear/image0040035.jpg,Strach
archive (3)/Train/sad/image0029869.jpg,Smutek
archive (3)/Test/Anger/image0004504.jpg,Złość
archive (3)/Train/fear/image0036691.jpg,Strach
archive (3)/Train/fear/image0036416.jpg,Strach
archive (3)/Train/fear/image0036206.jpg,Strach
archive (3)/Test/happy/ffhq_2089.png,Szczęście
archive (3)/Train/sad/image0028579.jpg,Smutek
archive (3)/Train/happy/ffhq_4387.png,Szczęście
archive (3)/Train/sad/image0018210.jpg,Smutek
archive (3)/Test/fear/image0033717.jpg,Strach
archive (3)/Train/surprise/image0033802.jpg,Zaskoczenie
archive (3)/Test/sad/image0013298.jpg,Smutek
archive (3)/Test/happy/ffhq_2224.png,Szczęście
archive (3)/Train/happy/image0042006.jpg,Szczęście
archive (3)/Train/surprise/image0028444.jpg,Zaskoczenie
archive (3)/Test/happy/ffhq_298.png,Szczęście
archive (3)/Train/anger/image0025403.jpg,Złość
archive (3)/Train/anger/image0027311.jpg,Złość
archive (3)/Test/Anger/image0020003.jpg,Złość
archive (3)/Test/surprise/image0013778.jpg,Zaskoczenie
archive (3)/Train/sad/image0029916.jpg,Smutek
archive (3)/Train/surprise/image0031774.jpg,Zaskoczenie
archive (3)/Train/sad/image0012667.jpg,Smutek
archive (3)/Test/sad/image0008509.jpg,Smutek
archive (3)/Train/happy/ffhq_3772.png,Szczęście
archive (3)/Train/anger/image0029835.jpg,Złość
archive (3)/Train/surprise/image0029279.jpg,Zaskoczenie
archive (3)/Train/surprise/image0030103.jpg,Zaskoczenie
archive (3)/Train/surprise/image0025980.jpg,Zaskoczenie
archive (3)/Test/surprise/image0022201.jpg,Zaskoczenie
archive (3)/Test/fear/image0028543.jpg,Strach
archive (3)/Test/surprise/image0014124.jpg,Zaskoczenie
archive (3)/Test/happy/ffhq_267.png,Szczęście
archive (3)/Test/fear/image0034053.jpg,Strach
archive (3)/Train/sad/image0014946.jpg,Smutek
archive (3)/Train/anger/image0024551.jpg,Złość
archive (3)/Train/surprise/image0025501.jpg,Zaskoczenie
archive (3)/Test/happy/ffhq_1603.png,Szczęście
archive (3)/Test/happy/ffhq_215.png,Szczęście
archive (3)/Test/sad/image0017796.jpg,Smutek
archive (3)/Train/fear/image0039567.jpg,Strach
archive (3)/Train/surprise/image0027395.jpg,Zaskoczenie
archive (3)/Test/sad/image0008170.jpg,Smutek
archive (3)/Train/happy/ffhq_3207.png,Szczęście
archive (3)/Train/happy/ffhq_4684.png,Szczęście
archive (3)/Train/happy/ffhq_4255.png,Szczęście
archive (3)/Test/happy/ffhq_1141.png,Szczęście
archive (3)/Train/happy/ffhq_4557.png,Szczęście
archive (3)/Train/fear/image0037439.jpg,Strach
archive (3)/Test/happy/ffhq_2142.png,Szczęście
archive (3)/Train/sad/image0009784.jpg,Smutek
archive (3)/Train/sad/image0009625.jpg,Smutek
archive (3)/Test/happy/ffhq_2608.png,Szczęście
archive (3)/Train/sad/image0013558.jpg,Smutek
archive (3)/Test/Anger/image0002156.jpg,Złość
archive (3)/Train/sad/image0029666.jpg,Smutek
archive (3)/Test/sad/image0006035.jpg,Smutek
archive (3)/Train/surprise/image0028820.jpg,Zaskoczenie
archive (3)/Test/happy/ffhq_1665.png,Szczęście
archive (3)/Test/surprise/image0021007.jpg,Zaskoczenie
archive (3)/Test/happy/ffhq_1287.png,Szczęście
archive (3)/Test/happy/ffhq_2013.png,Szczęście
archive (3)/Train/happy/ffhq_3690.png,Szczęście
archive (3)/Train/sad/image0025878.jpg,Smutek
archive (3)/Train/sad/image0026321.jpg,Smutek
archive (3)/Test/surprise/image0017237.jpg,Zaskoczenie
archive (3)/Test/fear/image0029226.jpg,Strach
archive (3)/Train/happy/ffhq_3470.png,Szczęście
archive (3)/Train/sad/image0028984.jpg,Smutek
archive (3)/Train/fear/image0040019.jpg,Strach
archive (3)/Test/surprise/ffhq_647.png,Zaskoczenie
archive (3)/Test/happy/ffhq_861.png,Szczęście
archive (3)/Test/surprise/image0003399.jpg,Zaskoczenie
archive (3)/Test/happy/ffhq_1078.png,Szczęście
archive (3)/Train/sad/image0026749.jpg,Smutek
archive (3)/Test/surprise/image0003158.jpg,Zaskoczenie
archive (3)/Train/fear/image0037852.jpg,Strach
archive (3)/Test/happy/ffhq_2567.png,Szczęście
archive (3)/Train/sad/image0027020.jpg,Smutek
archive (3)/Test/Anger/image0011819.jpg,Złość
archive (3)/Train/anger/image0026596.jpg,Złość
archive (3)/Train/sad/image0020105.jpg,Smutek
archive (3)/Test/Anger/image0005124.jpg,Złość
archive (3)/Test/fear/image0031143.jpg,Strach
archive (3)/Test/happy/ffhq_1283.png,Szczęście
archive (3)/Test/fear/image0035567.jpg,Strach
archive (3)/Test/happy/ffhq_1289.png,Szczęście
archive (3)/Test/happy/ffhq_929.png,Szczęście
archive (3)/Test/surprise/image0022530.jpg,Zaskoczenie
archive (3)/Train/fear/image0038044.jpg,Strach
archive (3)/Train/fear/image0037412.jpg,Strach
archive (3)/Train/fear/image0040822.jpg,Strach
archive (3)/Test/fear/image0022243.jpg,Strach
archive (3)/Train/fear/image0037029.jpg,Strach
archive (3)/Train/fear/image0039314.jpg,Strach
archive (3)/Train/surprise/image0032268.jpg,Zaskoczenie
archive (3)/Train/fear/image0037972.jpg,Strach
archive (3)/Test/Anger/image0019543.jpg,Złość
archive (3)/Train/anger/image0026635.jpg,Złość
archive (3)/Train/happy/ffhq_3332.png,Szczęście
archive (3)/Test/happy/ffhq_1125.png,Szczęście
archive (3)/Test/fear/image0033914.jpg,Strach
archive (3)/Test/happy/ffhq_1278.png,Szczęście
archive (3)/Test/sad/image0005674.jpg,Smutek
archive (3)/Train/fear/image0035880.jpg,Strach
archive (3)/Train/anger/image0026280.jpg,Złość
archive (3)/Train/sad/image0015465.jpg,Smutek
archive (3)/Train/anger/image0025650.jpg,Złość
archive (3)/Test/surprise/image0011272.jpg,Zaskoczenie
archive (3)/Train/sad/image0027226.jpg,Smutek
archive (3)/Train/happy/ffhq_4665.png,Szczęście
archive (3)/Test/surprise/ffhq_578.png,Zaskoczenie
archive (3)/Test/fear/image0027911.jpg,Strach
archive (3)/Test/happy/ffhq_483.png,Szczęście
archive (3)/Train/anger/image0025581.jpg,Złość
archive (3)/Test/happy/ffhq_1419.png,Szczęście
archive (3)/Train/surprise/image0028798.jpg,Zaskoczenie
archive (3)/Test/surprise/image0006480.jpg,Zaskoczenie
archive (3)/Test/happy/ffhq_1668.png,Szczęście
archive (3)/Test/Anger/image0010000.jpg,Złość
archive (3)/Test/sad/image0013978.jpg,Smutek
archive (3)/Train/sad/image0008013.jpg,Smutek
archive (3)/Test/happy/ffhq_927.png,Szczęście
archive (3)/Test/Anger/image0020341.jpg,Złość
archive (3)/Test/sad/image0019547.jpg,Smutek
archive (3)/Train/sad/image0025509.jpg,Smutek
archive (3)/Test/Anger/image0017760.jpg,Złość
archive (3)/Train/fear/image0039623.jpg,Strach
archive (3)/Train/sad/image0027941.jpg,Smutek
archive (3)/Train/sad/image0011407.jpg,Smutek
archive (3)/Train/happy/ffhq_2890.png,Szczęście
archive (3)/Test/happy/ffhq_305.png,Szczęście
archive (3)/Test/happy/ffhq_2432.png,Szczęście
archive (3)/Test/surprise/image0011018.jpg,Zaskoczenie
archive (3)/Train/happy/ffhq_4924.png,Szczęście
archive (3)/Train/sad/image0019705.jpg,Smutek
archive (3)/Train/anger/image0028506.jpg,Złość
archive (3)/Test/happy/ffhq_1423.png,Szczęście
archive (3)/Test/happy/ffhq_975.png,Szczęście
archive (3)/Train/surprise/image0033175.jpg,Zaskoczenie
archive (3)/Train/surprise/image0032005.jpg,Zaskoczenie
archive (3)/Train/happy/ffhq_4421.png,Szczęście
archive (3)/Test/sad/image0011216.jpg,Smutek
archive (3)/Train/sad/image0030389.jpg,Smutek
archive (3)/Test/Anger/image0019933.jpg,Złość
archive (3)/Train/surprise/image0030948.jpg,Zaskoczenie
archive (3)/Test/Anger/image0018010.jpg,Złość
archive (3)/Test/Anger/image0020182.jpg,Złość
archive (3)/Train/surprise/image0028714.jpg,Zaskoczenie
archive (3)/Train/sad/image0019313.jpg,Smutek
archive (3)/Train/sad/image0026974.jpg,Smutek
archive (3)/Test/Anger/image0008820.jpg,Złość
archive (3)/Test/Anger/image0010859.jpg,Złość
archive (3)/Test/happy/ffhq_97.png,Szczęście
archive (3)/Test/Anger/image0015856.jpg,Złość
archive (3)/Train/fear/image0037210.jpg,Strach
archive (3)/Train/sad/image0019700.jpg,Smutek
archive (3)/Test/fear/image0031539.jpg,Strach
archive (3)/Test/happy/ffhq_2594.png,Szczęście
archive (3)/Train/anger/image0030688.jpg,Złość
archive (3)/Test/fear/image0030924.jpg,Strach
archive (3)/Test/happy/ffhq_2026.png,Szczęście
archive (3)/Train/sad/image0023846.jpg,Smutek
archive (3)/Test/surprise/image0012255.jpg,Zaskoczenie
archive (3)/Train/surprise/image0026633.jpg,Zaskoczenie
archive (3)/Test/fear/image0035255.jpg,Strach
archive (3)/Test/happy/ffhq_224.png,Szczęście
archive (3)/Train/sad/image0002601.jpg,Smutek
archive (3)/Test/fear/image0034551.jpg,Strach
archive (3)/Test/surprise/image0010328.jpg,Zaskoczenie
archive (3)/Test/fear/image0029407.jpg,Strach
archive (3)/Test/happy/ffhq_1263.png,Szczęście
archive (3)/Test/happy/ffhq_1398.png,Szczęście
archive (3)/Test/fear/image0011735.jpg,Strach
archive (3)/Train/surprise/image0026159.jpg,Zaskoczenie
archive (3)/Train/happy/ffhq_2998.png,Szczęście
archive (3)/Train/anger/image0023797.jpg,Złość
archive (3)/Test/sad/image0018237.jpg,Smutek
archive (3)/Test/happy/ffhq_1957.png,Szczęście
archive (3)/Train/surprise/image0033726.jpg,Zaskoczenie
archive (3)/Train/sad/image0017796.jpg,Smutek
archive (3)/Test/surprise/image0009588.jpg,Zaskoczenie
archive (3)/Train/surprise/image0034421.jpg,Zaskoczenie
archive (3)/Train/surprise/image0033551.jpg,Zaskoczenie
archive (3)/Train/fear/image0036241.jpg,Strach
archive (3)/Train/sad/image0007601.jpg,Smutek
archive (3)/Test/happy/ffhq_2056.png,Szczęście
archive (3)/Test/happy/ffhq_770.png,Szczęście
archive (3)/Test/surprise/ffhq_439.png,Zaskoczenie
archive (3)/Test/sad/image0012535.jpg,Smutek
archive (3)/Test/happy/ffhq_860.png,Szczęście
archive (3)/Test/sad/image0014593.jpg,Smutek
archive (3)/Test/fear/image0018851.jpg,Strach
archive (3)/Train/sad/image0026629.jpg,Smutek
archive (3)/Train/happy/ffhq_4811.png,Szczęście
archive (3)/Train/sad/image0021154.jpg,Smutek
archive (3)/Train/sad/image0029354.jpg,Smutek
archive (3)/Test/happy/ffhq_2401.png,Szczęście
archive (3)/Train/sad/image0013779.jpg,Smutek
archive (3)/Train/happy/ffhq_2713.png,Szczęście
archive (3)/Test/happy/ffhq_742.png,Szczęście
archive (3)/Train/sad/image0014336.jpg,Smutek
archive (3)/Test/sad/image0005047.jpg,Smutek
archive (3)/Test/surprise/ffhq_279.png,Zaskoczenie
archive (3)/Train/surprise/image0025012.jpg,Zaskoczenie
archive (3)/Train/happy/ffhq_2983.png,Szczęście
archive (3)/Test/happy/ffhq_67.png,Szczęście
archive (3)/Test/Anger/image0000996.jpg,Złość
archive (3)/Test/sad/image0016596.jpg,Smutek
archive (3)/Test/surprise/image0006915.jpg,Zaskoczenie
archive (3)/Test/happy/ffhq_1736.png,Szczęście
archive (3)/Test/surprise/image0012463.jpg,Zaskoczenie
archive (3)/Test/sad/image0020424.jpg,Smutek
archive (3)/Train/fear/image0040157.jpg,Strach
archive (3)/Train/happy/ffhq_2859.png,Szczęście
archive (3)/Test/happy/ffhq_2558.png,Szczęście
archive (3)/Train/happy/image0029281.jpg,Szczęście
archive (3)/Test/surprise/image0018351.jpg,Zaskoczenie
archive (3)/Test/sad/image0016561.jpg,Smutek
archive (3)/Train/happy/ffhq_2716.png,Szczęście
archive (3)/Train/surprise/image0028098.jpg,Zaskoczenie
archive (3)/Train/surprise/image0033708.jpg,Zaskoczenie
archive (3)/Train/sad/image0003607.jpg,Smutek
archive (3)/Train/sad/image0021067.jpg,Smutek
archive (3)/Train/anger/image0029165.jpg,Złość
archive (3)/Train/sad/image0027848.jpg,Smutek
archive (3)/Test/happy/ffhq_822.png,Szczęście
archive (3)/Train/fear/image0039519.jpg,Strach
archive (3)/Train/surprise/image0033454.jpg,Zaskoczenie
archive (3)/Train/sad/image0011216.jpg,Smutek
archive (3)/Test/sad/image0008470.jpg,Smutek
archive (3)/Train/fear/image0037752.jpg,Strach
archive (3)/Test/happy/ffhq_1669.png,Szczęście
archive (3)/Train/fear/image0039964.jpg,Strach
archive (3)/Train/anger/image0029768.jpg,Złość
archive (3)/Train/anger/image0026818.jpg,Złość
archive (3)/Test/happy/ffhq_2109.png,Szczęście
archive (3)/Train/surprise/image0026034.jpg,Zaskoczenie
archive (3)/Train/happy/ffhq_2920.png,Szczęście
archive (3)/Train/sad/image0001294.jpg,Smutek
archive (3)/Test/happy/ffhq_390.png,Szczęście
archive (3)/Train/sad/image0018900.jpg,Smutek
archive (3)/Train/sad/image0020441.jpg,Smutek
archive (3)/Test/happy/ffhq_1881.png,Szczęście
archive (3)/Test/Anger/image0021447.jpg,Złość
archive (3)/Test/Anger/image0020219.jpg,Złość
archive (3)/Test/Anger/image0005528.jpg,Złość
archive (3)/Train/fear/image0035932.jpg,Strach
archive (3)/Test/surprise/image0011587.jpg,Zaskoczenie
archive (3)/Train/surprise/image0030771.jpg,Zaskoczenie
archive (3)/Test/happy/ffhq_1565.png,Szczęście
archive (3)/Test/happy/ffhq_2137.png,Szczęście
archive (3)/Train/sad/image0020694.jpg,Smutek
archive (3)/Train/anger/image0030725.jpg,Złość
archive (3)/Train/anger/image0023753.jpg,Złość
archive (3)/Test/Anger/image0010491.jpg,Złość
archive (3)/Train/sad/image0015536.jpg,Smutek
archive (3)/Train/fear/image0036894.jpg,Strach
archive (3)/Train/anger/image0025968.jpg,Złość
archive (3)/Train/surprise/image0027696.jpg,Zaskoczenie
archive (3)/Test/surprise/ffhq_356.png,Zaskoczenie
archive (3)/Test/Anger/image0009337.jpg,Złość
archive (3)/Train/anger/image0027648.jpg,Złość
archive (3)/Train/surprise/image0031997.jpg,Zaskoczenie
archive (3)/Train/happy/ffhq_3753.png,Szczęście
archive (3)/Test/happy/ffhq_60.png,Szczęście
archive (3)/Test/sad/image0017453.jpg,Smutek
archive (3)/Train/surprise/image0026054.jpg,Zaskoczenie
archive (3)/Train/happy/ffhq_4328.png,Szczęście
archive (3)/Test/Anger/image0020235.jpg,Złość
archive (3)/Test/surprise/image0001918.jpg,Zaskoczenie
archive (3)/Test/happy/ffhq_1180.png,Szczęście
archive (3)/Test/sad/image0007742.jpg,Smutek
archive (3)/Train/anger/image0023665.jpg,Złość
archive (3)/Train/anger/image0029791.jpg,Złość
archive (3)/Test/Anger/image0018244.jpg,Złość
archive (3)/Train/surprise/image0032667.jpg,Zaskoczenie
archive (3)/Test/Anger/image0021389.jpg,Złość
archive (3)/Train/sad/image0020587.jpg,Smutek
archive (3)/Train/sad/image0028811.jpg,Smutek
archive (3)/Train/surprise/image0026666.jpg,Zaskoczenie
archive (3)/Train/anger/image0030392.jpg,Złość
archive (3)/Test/fear/image0032496.jpg,Strach
archive (3)/Train/sad/image0025011.jpg,Smutek
archive (3)/Test/Anger/image0010162.jpg,Złość
archive (3)/Test/happy/ffhq_2210.png,Szczęście
archive (3)/Test/sad/image0020755.jpg,Smutek
archive (3)/Test/happy/ffhq_2011.png,Szczęście
archive (3)/Train/anger/image0022839.jpg,Złość
archive (3)/Test/happy/ffhq_1594.png,Szczęście
archive (3)/Train/anger/image0022681.jpg,Złość
archive (3)/Test/sad/image0012950.jpg,Smutek
archive (3)/Train/sad/image0022632.jpg,Smutek
archive (3)/Train/anger/image0026667.jpg,Złość
archive (3)/Test/happy/ffhq_2444.png,Szczęście
archive (3)/Train/sad/image0014389.jpg,Smutek
archive (3)/Train/fear/image0035884.jpg,Strach
archive (3)/Test/surprise/image0015570.jpg,Zaskoczenie
archive (3)/Train/surprise/image0034141.jpg,Zaskoczenie
archive (3)/Test/happy/ffhq_625.png,Szczęście
archive (3)/Test/sad/image0009190.jpg,Smutek
archive (3)/Train/happy/ffhq_2732.png,Szczęście
archive (3)/Train/surprise/image0030058.jpg,Zaskoczenie
archive (3)/Train/surprise/image0028296.jpg,Zaskoczenie
archive (3)/Test/fear/image0022237.jpg,Strach
archive (3)/Test/happy/ffhq_1461.png,Szczęście
archive (3)/Test/happy/ffhq_1255.png,Szczęście
archive (3)/Train/sad/image0014914.jpg,Smutek
archive (3)/Train/sad/image0020615.jpg,Smutek
archive (3)/Test/Anger/image0004341.jpg,Złość
archive (3)/Test/Anger/image0009950.jpg,Złość
archive (3)/Train/sad/image0018137.jpg,Smutek
archive (3)/Train/fear/image0036149.jpg,Strach
archive (3)/Test/happy/ffhq_555.png,Szczęście
archive (3)/Train/surprise/image0034649.jpg,Zaskoczenie
archive (3)/Test/sad/image0015232.jpg,Smutek
archive (3)/Test/happy/ffhq_1659.png,Szczęście
archive (3)/Test/sad/image0019235.jpg,Smutek
archive (3)/Train/surprise/image0031131.jpg,Zaskoczenie
archive (3)/Test/fear/image0031236.jpg,Strach
archive (3)/Train/sad/image0007162.jpg,Smutek
archive (3)/Train/sad/image0018237.jpg,Smutek
archive (3)/Train/happy/ffhq_3750.png,Szczęście
archive (3)/Test/happy/ffhq_1505.png,Szczęście
archive (3)/Train/fear/image0040757.jpg,Strach
archive (3)/Test/surprise/image0015333.jpg,Zaskoczenie
archive (3)/Test/surprise/image0013714.jpg,Zaskoczenie
archive (3)/Train/sad/image0016826.jpg,Smutek
archive (3)/Train/surprise/image0033613.jpg,Zaskoczenie
archive (3)/Train/anger/image0027018.jpg,Złość
archive (3)/Train/fear/image0040569.jpg,Strach
archive (3)/Train/fear/image0039041.jpg,Strach
archive (3)/Train/happy/ffhq_3153.png,Szczęście
archive (3)/Train/happy/ffhq_3384.png,Szczęście
archive (3)/Train/sad/image0026104.jpg,Smutek
archive (3)/Test/happy/ffhq_2118.png,Szczęście
archive (3)/Train/surprise/image0028314.jpg,Zaskoczenie
archive (3)/Test/sad/image0021451.jpg,Smutek
archive (3)/Test/fear/image0033144.jpg,Strach
archive (3)/Test/happy/ffhq_286.png,Szczęście
archive (3)/Train/happy/ffhq_3933.png,Szczęście
archive (3)/Test/fear/image0031392.jpg,Strach
archive (3)/Test/fear/image0033240.jpg,Strach
archive (3)/Train/surprise/image0031506.jpg,Zaskoczenie
archive (3)/Train/sad/image0029452.jpg,Smutek
archive (3)/Train/anger/image0029836.jpg,Złość
archive (3)/Train/sad/image0027302.jpg,Smutek
archive (3)/Train/happy/ffhq_3945.png,Szczęście
archive (3)/Train/fear/image0040145.jpg,Strach
archive (3)/Test/surprise/ffhq_352.png,Zaskoczenie
archive (3)/Test/Anger/image0018318.jpg,Złość
archive (3)/Test/sad/image0020943.jpg,Smutek
archive (3)/Train/sad/image0020701.jpg,Smutek
archive (3)/Train/surprise/image0032925.jpg,Zaskoczenie
archive (3)/Train/anger/image0028400.jpg,Złość
archive (3)/Train/surprise/image0030093.jpg,Zaskoczenie
archive (3)/Train/happy/ffhq_4555.png,Szczęście
archive (3)/Train/happy/ffhq_4308.png,Szczęście
archive (3)/Train/sad/image0019292.jpg,Smutek
archive (3)/Test/Anger/image0019996.jpg,Złość
archive (3)/Test/happy/ffhq_2681.png,Szczęście
archive (3)/Test/Anger/image0007753.jpg,Złość
archive (3)/Test/fear/image0028906.jpg,Strach
archive (3)/Train/anger/image0027816.jpg,Złość
archive (3)/Train/happy/ffhq_4133.png,Szczęście
archive (3)/Test/sad/image0014214.jpg,Smutek
archive (3)/Test/happy/ffhq_1913.png,Szczęście
archive (3)/Train/happy/ffhq_4868.png,Szczęście
archive (3)/Test/happy/ffhq_2384.png,Szczęście
archive (3)/Train/happy/ffhq_3864.png,Szczęście
archive (3)/Test/sad/image0011358.jpg,Smutek
archive (3)/Test/happy/ffhq_62.png,Szczęście
archive (3)/Test/surprise/image0014596.jpg,Zaskoczenie
archive (3)/Test/sad/image0016471.jpg,Smutek
archive (3)/Test/happy/ffhq_2550.png,Szczęście
archive (3)/Test/surprise/image0012672.jpg,Zaskoczenie
archive (3)/Train/surprise/image0032571.jpg,Zaskoczenie
archive (3)/Test/happy/ffhq_1888.png,Szczęście
archive (3)/Train/happy/ffhq_3003.png,Szczęście
archive (3)/Train/sad/image0020262.jpg,Smutek
archive (3)/Test/happy/ffhq_824.png,Szczęście
archive (3)/Train/surprise/image0031313.jpg,Zaskoczenie
archive (3)/Train/sad/image0027492.jpg,Smutek
archive (3)/Test/happy/ffhq_1756.png,Szczęście
archive (3)/Train/surprise/image0030902.jpg,Zaskoczenie
archive (3)/Test/Anger/image0018025.jpg,Złość
archive (3)/Test/happy/ffhq_247.png,Szczęście
archive (3)/Train/surprise/image0033214.jpg,Zaskoczenie
archive (3)/Train/sad/image0024779.jpg,Smutek
archive (3)/Test/happy/ffhq_2035.png,Szczęście
archive (3)/Test/Anger/image0018386.jpg,Złość
archive (3)/Train/surprise/image0026498.jpg,Zaskoczenie
archive (3)/Test/surprise/image0014237.jpg,Zaskoczenie
archive (3)/Test/surprise/image0023369.jpg,Zaskoczenie
archive (3)/Train/anger/image0029770.jpg,Złość
archive (3)/Test/sad/image0005804.jpg,Smutek
archive (3)/Test/Anger/image0008255.jpg,Złość
archive (3)/Test/happy/ffhq_25.png,Szczęście
archive (3)/Train/sad/image0014726.jpg,Smutek
archive (3)/Train/sad/image0023736.jpg,Smutek
archive (3)/Test/surprise/image0023310.jpg,Zaskoczenie
archive (3)/Train/sad/image0026162.jpg,Smutek
archive (3)/Test/surprise/ffhq_212.png,Zaskoczenie
archive (3)/Train/happy/ffhq_3596.png,Szczęście
archive (3)/Test/fear/image0021290.jpg,Strach
archive (3)/Test/Anger/image0018639.jpg,Złość
archive (3)/Test/surprise/ffhq_92.png,Zaskoczenie
archive (3)/Train/anger/image0025754.jpg,Złość
archive (3)/Test/happy/ffhq_88.png,Szczęście
archive (3)/Train/happy/ffhq_3791.png,Szczęście
archive (3)/Train/sad/image0026074.jpg,Smutek
archive (3)/Train/sad/image0022784.jpg,Smutek
archive (3)/Train/anger/image0024711.jpg,Złość
archive (3)/Test/happy/ffhq_1731.png,Szczęście
archive (3)/Train/surprise/image0027368.jpg,Zaskoczenie
archive (3)/Train/fear/image0039826.jpg,Strach
archive (3)/Train/sad/image0029933.jpg,Smutek
archive (3)/Test/happy/ffhq_431.png,Szczęście
archive (3)/Test/happy/ffhq_1246.png,Szczęście
archive (3)/Train/anger/image0023083.jpg,Złość
archive (3)/Test/happy/ffhq_2184.png,Szczęście
archive (3)/Test/Anger/image0000416.jpg,Złość
archive (3)/Train/fear/image0036430.jpg,Strach
archive (3)/Test/surprise/image0009227.jpg,Zaskoczenie
archive (3)/Test/Anger/image0006246.jpg,Złość
archive (3)/Test/Anger/image0002830.jpg,Złość
archive (3)/Test/surprise/image0015120.jpg,Zaskoczenie
archive (3)/Train/surprise/image0028633.jpg,Zaskoczenie
archive (3)/Train/happy/ffhq_4669.png,Szczęście
archive (3)/Test/Anger/image0004860.jpg,Złość
archive (3)/Train/sad/image0023701.jpg,Smutek
archive (3)/Train/sad/image0012305.jpg,Smutek
archive (3)/Test/happy/ffhq_1841.png,Szczęście
archive (3)/Train/surprise/image0031047.jpg,Zaskoczenie
archive (3)/Test/happy/ffhq_316.png,Szczęście
archive (3)/Train/anger/image0023289.jpg,Złość
archive (3)/Test/surprise/image0017528.jpg,Zaskoczenie
archive (3)/Test/sad/image0003867.jpg,Smutek
archive (3)/Test/happy/ffhq_689.png,Szczęście
archive (3)/Test/happy/ffhq_1789.png,Szczęście
archive (3)/Test/sad/image0019824.jpg,Smutek
archive (3)/Train/happy/ffhq_4089.png,Szczęście
archive (3)/Test/sad/image0015328.jpg,Smutek
archive (3)/Test/sad/image0006642.jpg,Smutek
archive (3)/Test/surprise/image0022648.jpg,Zaskoczenie
archive (3)/Test/happy/ffhq_2692.png,Szczęście
archive (3)/Train/sad/image0012009.jpg,Smutek
archive (3)/Train/happy/ffhq_4527.png,Szczęście
archive (3)/Test/surprise/ffhq_83.png,Zaskoczenie
archive (3)/Test/surprise/image0010932.jpg,Zaskoczenie
archive (3)/Train/surprise/image0027141.jpg,Zaskoczenie
archive (3)/Train/fear/image0038226.jpg,Strach
archive (3)/Train/fear/image0036125.jpg,Strach
archive (3)/Test/sad/image0014744.jpg,Smutek
archive (3)/Test/sad/image0013580.jpg,Smutek
archive (3)/Test/happy/ffhq_683.png,Szczęście
archive (3)/Test/surprise/ffhq_216.png,Zaskoczenie
archive (3)/Test/happy/ffhq_513.png,Szczęście
archive (3)/Test/Anger/image0021539.jpg,Złość
archive (3)/Test/fear/image0020346.jpg,Strach
archive (3)/Test/sad/image0021203.jpg,Smutek
archive (3)/Test/fear/image0035178.jpg,Strach
archive (3)/Test/happy/ffhq_525.png,Szczęście
archive (3)/Test/fear/image0033669.jpg,Strach
archive (3)/Train/sad/image0028895.jpg,Smutek
archive (3)/Test/happy/ffhq_723.png,Szczęście
archive (3)/Train/sad/image0021027.jpg,Smutek
archive (3)/Test/happy/ffhq_1412.png,Szczęście
archive (3)/Test/surprise/image0016483.jpg,Zaskoczenie
archive (3)/Test/surprise/image0015198.jpg,Zaskoczenie
archive (3)/Train/sad/image0026812.jpg,Smutek
archive (3)/Train/fear/image0038347.jpg,Strach
archive (3)/Test/surprise/image0012603.jpg,Zaskoczenie
archive (3)/Test/Anger/image0019573.jpg,Złość
archive (3)/Train/anger/image0022393.jpg,Złość
archive (3)/Train/sad/image0028792.jpg,Smutek
archive (3)/Train/surprise/image0031452.jpg,Zaskoczenie
archive (3)/Train/happy/ffhq_4509.png,Szczęście
archive (3)/Test/happy/ffhq_2158.png,Szczęście
archive (3)/Train/sad/image0019167.jpg,Smutek
archive (3)/Train/happy/ffhq_4362.png,Szczęście
archive (3)/Test/fear/image0034085.jpg,Strach
archive (3)/Test/surprise/ffhq_169.png,Zaskoczenie
archive (3)/Train/surprise/image0033563.jpg,Zaskoczenie
archive (3)/Train/happy/ffhq_4181.png,Szczęście
archive (3)/Train/happy/ffhq_3389.png,Szczęście
archive (3)/Train/surprise/image0031901.jpg,Zaskoczenie
archive (3)/Test/sad/image0000704.jpg,Smutek
archive (3)/Test/surprise/image0019641.jpg,Zaskoczenie
archive (3)/Test/fear/image0019275.jpg,Strach
archive (3)/Test/surprise/ffhq_292.png,Zaskoczenie
archive (3)/Test/Anger/image0004855.jpg,Złość
archive (3)/Test/Anger/image0006712.jpg,Złość
archive (3)/Train/sad/image0001502.jpg,Smutek
archive (3)/Test/Anger/image0014792.jpg,Złość
archive (3)/Test/sad/image0018366.jpg,Smutek
archive (3)/Test/fear/image0034035.jpg,Strach
archive (3)/Train/surprise/image0025399.jpg,Zaskoczenie
archive (3)/Test/happy/ffhq_2578.png,Szczęście
archive (3)/Train/anger/image0023132.jpg,Złość
archive (3)/Train/happy/ffhq_2838.png,Szczęście
archive (3)/Test/fear/image0029591.jpg,Strach
archive (3)/Test/surprise/image0022801.jpg,Zaskoczenie
archive (3)/Test/sad/image0020529.jpg,Smutek
archive (3)/Train/anger/image0025559.jpg,Złość
archive (3)/Test/Anger/image0007904.jpg,Złość
archive (3)/Test/sad/image0009290.jpg,Smutek
archive (3)/Train/sad/image0025627.jpg,Smutek
archive (3)/Test/Anger/image0015145.jpg,Złość
archive (3)/Test/happy/ffhq_534.png,Szczęście
archive (3)/Train/happy/ffhq_3899.png,Szczęście
archive (3)/Test/Anger/image0014453.jpg,Złość
archive (3)/Train/fear/image0037838.jpg,Strach
archive (3)/Test/fear/image0033536.jpg,Strach
archive (3)/Train/fear/image0036895.jpg,Strach
archive (3)/Train/surprise/image0032928.jpg,Zaskoczenie
archive (3)/Train/sad/image0022687.jpg,Smutek
archive (3)/Train/sad/image0012389.jpg,Smutek
archive (3)/Test/surprise/ffhq_389.png,Zaskoczenie
archive (3)/Train/happy/ffhq_3064.png,Szczęście
archive (3)/Train/anger/image0021941.jpg,Złość
archive (3)/Train/fear/image0040155.jpg,Strach
archive (3)/Train/fear/image0039245.jpg,Strach
archive (3)/Train/anger/image0022901.jpg,Złość
archive (3)/Train/anger/image0027072.jpg,Złość
archive (3)/Train/surprise/image0024803.jpg,Zaskoczenie
archive (3)/Train/happy/ffhq_4108.png,Szczęście
archive (3)/Test/sad/image0012597.jpg,Smutek
archive (3)/Test/happy/ffhq_2399.png,Szczęście
archive (3)/Train/anger/image0026028.jpg,Złość
archive (3)/Train/happy/ffhq_4253.png,Szczęście
archive (3)/Train/sad/image0015574.jpg,Smutek
archive (3)/Train/surprise/image0033341.jpg,Zaskoczenie
archive (3)/Train/happy/ffhq_3475.png,Szczęście
archive (3)/Test/surprise/ffhq_301.png,Zaskoczenie
archive (3)/Test/happy/ffhq_249.png,Szczęście
archive (3)/Train/fear/image0035636.jpg,Strach
archive (3)/Test/happy/ffhq_1107.png,Szczęście
archive (3)/Test/happy/ffhq_700.png,Szczęście
archive (3)/Train/fear/image0038156.jpg,Strach
archive (3)/Test/surprise/ffhq_59.png,Zaskoczenie
archive (3)/Test/surprise/image0017232.jpg,Zaskoczenie
archive (3)/Test/surprise/ffhq_490.png,Zaskoczenie
archive (3)/Test/sad/image0000628.jpg,Smutek
archive (3)/Test/Anger/image0006260.jpg,Złość
archive (3)/Test/sad/image0021089.jpg,Smutek
archive (3)/Test/surprise/ffhq_616.png,Zaskoczenie
archive (3)/Test/happy/ffhq_262.png,Szczęście
archive (3)/Test/fear/image0033432.jpg,Strach
archive (3)/Test/surprise/ffhq_406.png,Zaskoczenie
archive (3)/Train/sad/image0003900.jpg,Smutek
archive (3)/Test/happy/ffhq_1220.png,Szczęście
archive (3)/Test/sad/image0010331.jpg,Smutek
archive (3)/Train/sad/image0014531.jpg,Smutek
archive (3)/Test/fear/image0011379.jpg,Strach
archive (3)/Test/sad/image0003896.jpg,Smutek
archive (3)/Train/happy/ffhq_4800.png,Szczęście
archive (3)/Test/fear/image0031021.jpg,Strach
archive (3)/Train/sad/image0023358.jpg,Smutek
archive (3)/Train/sad/image0026678.jpg,Smutek
archive (3)/Test/Anger/image0017674.jpg,Złość
archive (3)/Test/happy/ffhq_2574.png,Szczęście
archive (3)/Train/happy/ffhq_3362.png,Szczęście
archive (3)/Train/sad/image0023490.jpg,Smutek
archive (3)/Test/fear/image0032580.jpg,Strach
archive (3)/Test/surprise/image0010980.jpg,Zaskoczenie
archive (3)/Train/anger/image0022756.jpg,Złość
archive (3)/Test/Anger/image0000932.jpg,Złość
archive (3)/Test/surprise/image0002780.jpg,Zaskoczenie
archive (3)/Test/happy/ffhq_1966.png,Szczęście
archive (3)/Train/happy/ffhq_3154.png,Szczęście
archive (3)/Train/surprise/image0034581.jpg,Zaskoczenie
archive (3)/Test/surprise/image0017854.jpg,Zaskoczenie
archive (3)/Train/surprise/image0034253.jpg,Zaskoczenie
archive (3)/Test/happy/ffhq_1772.png,Szczęście
archive (3)/Train/happy/ffhq_3929.png,Szczęście
archive (3)/Train/fear/image0037614.jpg,Strach
archive (3)/Train/anger/image0025948.jpg,Złość
archive (3)/Test/happy/ffhq_1116.png,Szczęście
archive (3)/Train/sad/image0025862.jpg,Smutek
archive (3)/Train/fear/image0036370.jpg,Strach
archive (3)/Test/Anger/image0000965.jpg,Złość
archive (3)/Train/happy/ffhq_2904.png,Szczęście
archive (3)/Test/happy/ffhq_2634.png,Szczęście
archive (3)/Train/fear/image0039213.jpg,Strach
archive (3)/Test/fear/image0001038.jpg,Strach
archive (3)/Train/happy/ffhq_3114.png,Szczęście
archive (3)/Train/anger/image0021840.jpg,Złość
archive (3)/Test/surprise/image0006222.jpg,Zaskoczenie
archive (3)/Train/surprise/image0030622.jpg,Zaskoczenie
archive (3)/Train/sad/image0009317.jpg,Smutek
archive (3)/Test/sad/image0019677.jpg,Smutek
archive (3)/Train/anger/image0026860.jpg,Złość
archive (3)/Test/surprise/ffhq_154.png,Zaskoczenie
archive (3)/Train/fear/image0040460.jpg,Strach
archive (3)/Test/happy/ffhq_1056.png,Szczęście
archive (3)/Test/sad/image0000290.jpg,Smutek
archive (3)/Test/Anger/image0008894.jpg,Złość
archive (3)/Test/happy/ffhq_109.png,Szczęście
archive (3)/Train/happy/ffhq_4258.png,Szczęście
archive (3)/Test/Anger/image0002366.jpg,Złość
archive (3)/Test/Anger/image0017387.jpg,Złość
archive (3)/Test/sad/image0000219.jpg,Smutek
archive (3)/Train/sad/image0028337.jpg,Smutek
archive (3)/Test/surprise/image0020550.jpg,Zaskoczenie
archive (3)/Test/sad/image0018663.jpg,Smutek
archive (3)/Test/fear/image0030891.jpg,Strach
archive (3)/Train/surprise/image0027462.jpg,Zaskoczenie
archive (3)/Test/surprise/image0012833.jpg,Zaskoczenie
archive (3)/Test/fear/image0030577.jpg,Strach
archive (3)/Test/fear/image0026018.jpg,Strach
archive (3)/Train/sad/image0029846.jpg,Smutek
archive (3)/Train/sad/image0028490.jpg,Smutek
archive (3)/Train/happy/ffhq_4613.png,Szczęście
archive (3)/Train/surprise/image0034827.jpg,Zaskoczenie
archive (3)/Train/happy/ffhq_3505.png,Szczęście
archive (3)/Test/happy/ffhq_1451.png,Szczęście
archive (3)/Test/surprise/image0017511.jpg,Zaskoczenie
archive (3)/Train/anger/image0027125.jpg,Złość
archive (3)/Test/surprise/ffhq_76.png,Zaskoczenie
archive (3)/Test/fear/image0031954.jpg,Strach
archive (3)/Test/surprise/image0021999.jpg,Zaskoczenie
archive (3)/Test/happy/ffhq_1709.png,Szczęście
archive (3)/Test/fear/image0020353.jpg,Strach
archive (3)/Train/fear/image0038932.jpg,Strach
archive (3)/Train/sad/image0028234.jpg,Smutek
archive (3)/Test/happy/ffhq_1021.png,Szczęście
archive (3)/Train/anger/image0023428.jpg,Złość
archive (3)/Train/sad/image0021169.jpg,Smutek
archive (3)/Test/Anger/image0018031.jpg,Złość
archive (3)/Test/fear/image0030224.jpg,Strach
archive (3)/Test/happy/ffhq_1860.png,Szczęście
archive (3)/Test/surprise/ffhq_404.png,Zaskoczenie
archive (3)/Train/anger/image0024275.jpg,Złość
archive (3)/Train/sad/image0018768.jpg,Smutek
archive (3)/Test/surprise/image0008020.jpg,Zaskoczenie
archive (3)/Test/sad/image0012670.jpg,Smutek
archive (3)/Train/fear/image0037202.jpg,Strach
archive (3)/Train/anger/image0026820.jpg,Złość
archive (3)/Test/surprise/image0003574.jpg,Zaskoczenie
archive (3)/Train/sad/image0004715.jpg,Smutek
archive (3)/Train/surprise/image0024362.jpg,Zaskoczenie
archive (3)/Train/fear/image0040670.jpg,Strach
archive (3)/Test/surprise/image0018034.jpg,Zaskoczenie
archive (3)/Test/surprise/image0008784.jpg,Zaskoczenie
archive (3)/Test/surprise/ffhq_617.png,Zaskoczenie
archive (3)/Test/Anger/image0014642.jpg,Złość
archive (3)/Test/fear/image0034808.jpg,Strach
archive (3)/Train/happy/ffhq_4267.png,Szczęście
archive (3)/Train/surprise/image0029480.jpg,Zaskoczenie
archive (3)/Test/Anger/image0018566.jpg,Złość
archive (3)/Test/fear/image0032103.jpg,Strach
archive (3)/Test/Anger/image0001015.jpg,Złość
archive (3)/Test/surprise/image0018690.jpg,Zaskoczenie
archive (3)/Train/surprise/image0031756.jpg,Zaskoczenie
archive (3)/Test/surprise/ffhq_518.png,Zaskoczenie
archive (3)/Train/surprise/image0031486.jpg,Zaskoczenie
archive (3)/Test/happy/ffhq_34.png,Szczęście
archive (3)/Train/sad/image0031265.jpg,Smutek
archive (3)/Train/surprise/image0026653.jpg,Zaskoczenie
archive (3)/Train/sad/image0005091.jpg,Smutek
archive (3)/Test/happy/ffhq_832.png,Szczęście
archive (3)/Train/anger/image0028152.jpg,Złość
archive (3)/Test/happy/ffhq_1111.png,Szczęście
archive (3)/Train/sad/image0023540.jpg,Smutek
archive (3)/Train/happy/ffhq_4676.png,Szczęście
archive (3)/Train/happy/ffhq_3392.png,Szczęście
archive (3)/Test/sad/image0011976.jpg,Smutek
archive (3)/Train/happy/ffhq_3025.png,Szczęście
archive (3)/Train/anger/image0024028.jpg,Złość
archive (3)/Train/surprise/image0029097.jpg,Zaskoczenie
archive (3)/Test/fear/image0032148.jpg,Strach
archive (3)/Test/fear/image0023315.jpg,Strach
archive (3)/Test/happy/ffhq_441.png,Szczęście
archive (3)/Train/anger/image0029847.jpg,Złość
archive (3)/Test/happy/ffhq_2029.png,Szczęście
archive (3)/Train/surprise/image0034773.jpg,Zaskoczenie
archive (3)/Train/anger/image0025485.jpg,Złość
archive (3)/Test/sad/image0013655.jpg,Smutek
archive (3)/Test/fear/image0035565.jpg,Strach
archive (3)/Train/anger/image0028889.jpg,Złość
archive (3)/Train/sad/image0019259.jpg,Smutek
archive (3)/Train/happy/ffhq_2803.png,Szczęście
archive (3)/Train/sad/image0022296.jpg,Smutek
archive (3)/Test/surprise/ffhq_308.png,Zaskoczenie
archive (3)/Test/Anger/image0001849.jpg,Złość
archive (3)/Train/fear/image0037120.jpg,Strach
archive (3)/Test/sad/image0021091.jpg,Smutek
archive (3)/Test/happy/ffhq_1720.png,Szczęście
archive (3)/Train/happy/ffhq_4659.png,Szczęście
archive (3)/Train/sad/image0024407.jpg,Smutek
archive (3)/Test/Anger/image0020335.jpg,Złość
archive (3)/Train/happy/ffhq_2743.png,Szczęście
archive (3)/Test/surprise/image0015199.jpg,Zaskoczenie
archive (3)/Train/happy/ffhq_2918.png,Szczęście
archive (3)/Train/sad/image0019730.jpg,Smutek
archive (3)/Test/Anger/image0012707.jpg,Złość
archive (3)/Test/happy/ffhq_1932.png,Szczęście
archive (3)/Test/happy/ffhq_1727.png,Szczęście
archive (3)/Train/sad/image0003059.jpg,Smutek
archive (3)/Test/Anger/image0017253.jpg,Złość
archive (3)/Train/fear/image0036432.jpg,Strach
archive (3)/Test/sad/image0019632.jpg,Smutek
archive (3)/Train/anger/image0022787.jpg,Złość
archive (3)/Test/happy/ffhq_1468.png,Szczęście
archive (3)/Train/surprise/image0026275.jpg,Zaskoczenie
archive (3)/Train/surprise/image0033868.jpg,Zaskoczenie
archive (3)/Test/Anger/image0021717.jpg,Złość
archive (3)/Train/happy/ffhq_3540.png,Szczęście
archive (3)/Train/sad/image0018922.jpg,Smutek
archive (3)/Test/happy/ffhq_0.png,Szczęście
archive (3)/Test/Anger/image0020221.jpg,Złość
archive (3)/Train/sad/image0018132.jpg,Smutek
archive (3)/Test/happy/ffhq_416.png,Szczęście
archive (3)/Test/happy/ffhq_1921.png,Szczęście
archive (3)/Train/surprise/image0034020.jpg,Zaskoczenie
archive (3)/Train/happy/ffhq_3133.png,Szczęście
archive (3)/Test/happy/ffhq_468.png,Szczęście
archive (3)/Test/surprise/image0013365.jpg,Zaskoczenie
archive (3)/Train/sad/image0012094.jpg,Smutek
archive (3)/Train/fear/image0040762.jpg,Strach
archive (3)/Test/happy/ffhq_2298.png,Szczęście
archive (3)/Train/happy/ffhq_3140.png,Szczęście
archive (3)/Test/sad/image0008600.jpg,Smutek
archive (3)/Train/sad/image0023055.jpg,Smutek
archive (3)/Test/fear/image0031206.jpg,Strach
archive (3)/Train/surprise/image0034456.jpg,Zaskoczenie
archive (3)/Train/sad/image0022655.jpg,Smutek
archive (3)/Test/surprise/ffhq_437.png,Zaskoczenie
archive (3)/Train/anger/image0021889.jpg,Złość
archive (3)/Train/sad/image0007965.jpg,Smutek
archive (3)/Test/surprise/image0003852.jpg,Zaskoczenie
archive (3)/Test/happy/ffhq_141.png,Szczęście
archive (3)/Test/happy/ffhq_1526.png,Szczęście
archive (3)/Test/happy/ffhq_1028.png,Szczęście
archive (3)/Test/fear/image0030950.jpg,Strach
archive (3)/Test/sad/image0018210.jpg,Smutek
archive (3)/Test/Anger/image0009474.jpg,Złość
archive (3)/Train/happy/ffhq_2711.png,Szczęście
archive (3)/Test/surprise/image0013351.jpg,Zaskoczenie
archive (3)/Train/sad/image0014181.jpg,Smutek
archive (3)/Train/happy/ffhq_4000.png,Szczęście
archive (3)/Test/fear/image0023189.jpg,Strach
archive (3)/Test/surprise/image0009136.jpg,Zaskoczenie
archive (3)/Train/surprise/image0031027.jpg,Zaskoczenie
archive (3)/Train/sad/image0023876.jpg,Smutek
archive (3)/Test/sad/image0016639.jpg,Smutek
archive (3)/Train/sad/image0030440.jpg,Smutek
archive (3)/Test/surprise/image0016586.jpg,Zaskoczenie
archive (3)/Train/sad/image0029113.jpg,Smutek
archive (3)/Test/sad/image0015041.jpg,Smutek
archive (3)/Test/fear/image0029809.jpg,Strach
archive (3)/Train/fear/image0036116.jpg,Strach
archive (3)/Train/happy/ffhq_3530.png,Szczęście
archive (3)/Train/surprise/image0027846.jpg,Zaskoczenie
archive (3)/Test/happy/ffhq_2496.png,Szczęście
archive (3)/Train/anger/image0023470.jpg,Złość
archive (3)/Test/Anger/image0017943.jpg,Złość
archive (3)/Test/Anger/image0021018.jpg,Złość
archive (3)/Test/surprise/image0018550.jpg,Zaskoczenie
archive (3)/Train/surprise/image0034384.jpg,Zaskoczenie
archive (3)/Test/fear/image0035319.jpg,Strach
archive (3)/Train/anger/image0030605.jpg,Złość
archive (3)/Test/Anger/image0012202.jpg,Złość
archive (3)/Train/happy/ffhq_3411.png,Szczęście
archive (3)/Test/happy/ffhq_450.png,Szczęście
archive (3)/Test/sad/image0002258.jpg,Smutek
archive (3)/Test/sad/image0020311.jpg,Smutek
archive (3)/Train/sad/image0006202.jpg,Smutek
archive (3)/Test/Anger/image0008228.jpg,Złość
archive (3)/Train/happy/ffhq_3913.png,Szczęście
archive (3)/Train/anger/image0029006.jpg,Złość
archive (3)/Train/anger/image0028086.jpg,Złość
archive (3)/Train/surprise/image0032764.jpg,Zaskoczenie
archive (3)/Test/happy/ffhq_743.png,Szczęście
archive (3)/Test/surprise/image0015096.jpg,Zaskoczenie
archive (3)/Train/happy/ffhq_4138.png,Szczęście
archive (3)/Test/happy/ffhq_1773.png,Szczęście
archive (3)/Train/surprise/image0026669.jpg,Zaskoczenie
archive (3)/Train/sad/image0019949.jpg,Smutek
archive (3)/Train/fear/image0039728.jpg,Strach
archive (3)/Train/anger/image0025817.jpg,Złość
archive (3)/Test/fear/image0014723.jpg,Strach
archive (3)/Test/sad/image0019092.jpg,Smutek
archive (3)/Test/surprise/image0014179.jpg,Zaskoczenie
archive (3)/Test/Anger/image0021831.jpg,Złość
archive (3)/Test/fear/image0019796.jpg,Strach
archive (3)/Test/sad/image0008262.jpg,Smutek
archive (3)/Train/anger/image0025420.jpg,Złość
archive (3)/Train/happy/ffhq_4040.png,Szczęście
archive (3)/Train/sad/image0003911.jpg,Smutek
archive (3)/Train/happy/ffhq_3678.png,Szczęście
archive (3)/Train/happy/ffhq_2770.png,Szczęście
archive (3)/Test/sad/image0020411.jpg,Smutek
archive (3)/Train/happy/ffhq_4853.png,Szczęście
archive (3)/Train/happy/ffhq_4354.png,Szczęście
archive (3)/Test/happy/ffhq_2101.png,Szczęście
archive (3)/Test/Anger/image0006294.jpg,Złość
archive (3)/Train/surprise/image0024401.jpg,Zaskoczenie
archive (3)/Train/sad/image0027567.jpg,Smutek
archive (3)/Test/fear/image0033547.jpg,Strach
archive (3)/Train/surprise/image0027774.jpg,Zaskoczenie
archive (3)/Train/sad/image0023559.jpg,Smutek
archive (3)/Test/happy/ffhq_2284.png,Szczęście
archive (3)/Train/fear/image0036522.jpg,Strach
archive (3)/Test/happy/ffhq_1740.png,Szczęście
archive (3)/Train/anger/image0027628.jpg,Złość
archive (3)/Test/fear/image0031655.jpg,Strach
archive (3)/Train/surprise/image0031952.jpg,Zaskoczenie
archive (3)/Test/surprise/image0016894.jpg,Zaskoczenie
archive (3)/Test/happy/ffhq_542.png,Szczęście
archive (3)/Test/sad/image0007946.jpg,Smutek
archive (3)/Test/sad/image0002812.jpg,Smutek
archive (3)/Train/fear/image0038495.jpg,Strach
archive (3)/Train/anger/image0024728.jpg,Złość
archive (3)/Test/happy/ffhq_1167.png,Szczęście
archive (3)/Test/sad/image0015465.jpg,Smutek
archive (3)/Train/happy/ffhq_2910.png,Szczęście
archive (3)/Train/happy/ffhq_4845.png,Szczęście
archive (3)/Train/sad/image0012026.jpg,Smutek
archive (3)/Train/fear/image0037971.jpg,Strach
archive (3)/Train/surprise/image0024451.jpg,Zaskoczenie
archive (3)/Train/surprise/image0034749.jpg,Zaskoczenie
archive (3)/Train/happy/ffhq_3830.png,Szczęście
archive (3)/Train/sad/image0013118.jpg,Smutek
archive (3)/Train/anger/image0026690.jpg,Złość
archive (3)/Train/sad/image0009334.jpg,Smutek
archive (3)/Train/happy/ffhq_4869.png,Szczęście
archive (3)/Train/sad/image0011546.jpg,Smutek
archive (3)/Test/surprise/image0016205.jpg,Zaskoczenie
archive (3)/Train/surprise/image0033934.jpg,Zaskoczenie
archive (3)/Train/sad/image0029386.jpg,Smutek
archive (3)/Test/sad/image0018194.jpg,Smutek
archive (3)/Train/happy/ffhq_4296.png,Szczęście
archive (3)/Train/surprise/image0025108.jpg,Zaskoczenie
archive (3)/Train/surprise/image0031465.jpg,Zaskoczenie
archive (3)/Test/surprise/image0023241.jpg,Zaskoczenie
archive (3)/Test/surprise/image0000982.jpg,Zaskoczenie
archive (3)/Train/sad/image0021899.jpg,Smutek
archive (3)/Test/happy/ffhq_526.png,Szczęście
archive (3)/Train/happy/ffhq_3620.png,Szczęście
archive (3)/Train/happy/ffhq_3712.png,Szczęście
archive (3)/Train/happy/ffhq_4147.png,Szczęście
archive (3)/Test/happy/ffhq_423.png,Szczęście
archive (3)/Train/anger/image0026536.jpg,Złość
archive (3)/Train/sad/image0027786.jpg,Smutek
archive (3)/Train/anger/image0022456.jpg,Złość
archive (3)/Train/surprise/image0025465.jpg,Zaskoczenie
archive (3)/Test/sad/image0006423.jpg,Smutek
archive (3)/Train/happy/ffhq_4938.png,Szczęście
archive (3)/Train/fear/image0037327.jpg,Strach
archive (3)/Train/fear/image0036050.jpg,Strach
archive (3)/Test/fear/image0018126.jpg,Strach
archive (3)/Train/surprise/image0031918.jpg,Zaskoczenie
archive (3)/Train/fear/image0040044.jpg,Strach
archive (3)/Train/sad/image0027144.jpg,Smutek
archive (3)/Test/Anger/image0020578.jpg,Złość
archive (3)/Test/fear/image0033881.jpg,Strach
archive (3)/Test/happy/ffhq_662.png,Szczęście
archive (3)/Test/happy/ffhq_2410.png,Szczęście
archive (3)/Test/happy/ffhq_864.png,Szczęście
archive (3)/Test/happy/ffhq_1627.png,Szczęście
archive (3)/Train/fear/image0039168.jpg,Strach
archive (3)/Train/happy/ffhq_3994.png,Szczęście
archive (3)/Test/Anger/image0017692.jpg,Złość
archive (3)/Train/fear/image0039694.jpg,Strach
archive (3)/Train/surprise/image0034023.jpg,Zaskoczenie
archive (3)/Train/happy/ffhq_4686.png,Szczęście
archive (3)/Train/surprise/image0024702.jpg,Zaskoczenie
archive (3)/Train/surprise/image0030938.jpg,Zaskoczenie
archive (3)/Train/anger/image0024583.jpg,Złość
archive (3)/Test/surprise/image0017954.jpg,Zaskoczenie
archive (3)/Test/happy/ffhq_1734.png,Szczęście
archive (3)/Test/sad/image0016938.jpg,Smutek
archive (3)/Test/Anger/image0021076.jpg,Złość
archive (3)/Train/fear/image0038589.jpg,Strach
archive (3)/Train/surprise/image0028377.jpg,Zaskoczenie
archive (3)/Test/sad/image0020786.jpg,Smutek
archive (3)/Test/surprise/image0008121.jpg,Zaskoczenie
archive (3)/Train/surprise/image0031916.jpg,Zaskoczenie
archive (3)/Test/surprise/image0021585.jpg,Zaskoczenie
archive (3)/Train/fear/image0039958.jpg,Strach
archive (3)/Train/sad/image0021240.jpg,Smutek
archive (3)/Test/sad/image0015875.jpg,Smutek
archive (3)/Test/happy/ffhq_2381.png,Szczęście
archive (3)/Train/fear/image0039299.jpg,Strach
archive (3)/Test/Anger/image0020761.jpg,Złość
archive (3)/Train/surprise/image0033803.jpg,Zaskoczenie
archive (3)/Test/sad/image0015440.jpg,Smutek
archive (3)/Train/happy/ffhq_4433.png,Szczęście
archive (3)/Train/anger/image0028965.jpg,Złość
archive (3)/Train/surprise/image0032975.jpg,Zaskoczenie
archive (3)/Train/sad/image0026950.jpg,Smutek
archive (3)/Train/happy/ffhq_3125.png,Szczęście
archive (3)/Train/happy/ffhq_4525.png,Szczęście
archive (3)/Train/happy/ffhq_3940.png,Szczęście
archive (3)/Test/surprise/ffhq_43.png,Zaskoczenie
archive (3)/Test/surprise/image0021952.jpg,Zaskoczenie
archive (3)/Test/happy/ffhq_788.png,Szczęście
archive (3)/Train/sad/image0024909.jpg,Smutek
archive (3)/Train/surprise/image0029527.jpg,Zaskoczenie
archive (3)/Test/sad/image0010484.jpg,Smutek
archive (3)/Test/Anger/image0017529.jpg,Złość
archive (3)/Train/anger/image0022709.jpg,Złość
archive (3)/Train/sad/image0028410.jpg,Smutek
archive (3)/Test/sad/image0013202.jpg,Smutek
archive (3)/Train/happy/ffhq_3613.png,Szczęście
archive (3)/Train/sad/image0014584.jpg,Smutek
archive (3)/Train/sad/image0002242.jpg,Smutek
archive (3)/Test/sad/image0019722.jpg,Smutek
archive (3)/Test/fear/image0022525.jpg,Strach
archive (3)/Test/happy/ffhq_2082.png,Szczęście
archive (3)/Test/happy/ffhq_2062.png,Szczęście
archive (3)/Train/sad/image0021107.jpg,Smutek
archive (3)/Train/sad/image0015100.jpg,Smutek
archive (3)/Test/sad/image0015795.jpg,Smutek
archive (3)/Train/fear/image0035712.jpg,Strach
archive (3)/Test/surprise/ffhq_106.png,Zaskoczenie
archive (3)/Train/fear/image0037877.jpg,Strach
archive (3)/Test/surprise/ffhq_264.png,Zaskoczenie
archive (3)/Test/sad/image0016909.jpg,Smutek
archive (3)/Train/sad/image0021203.jpg,Smutek
archive (3)/Test/happy/ffhq_2068.png,Szczęście
archive (3)/Test/surprise/image0018112.jpg,Zaskoczenie
archive (3)/Test/fear/image0034748.jpg,Strach
archive (3)/Train/anger/image0026299.jpg,Złość
archive (3)/Train/surprise/image0034539.jpg,Zaskoczenie
archive (3)/Test/surprise/ffhq_524.png,Zaskoczenie
archive (3)/Train/happy/ffhq_4889.png,Szczęście
archive (3)/Test/happy/ffhq_868.png,Szczęście
archive (3)/Test/happy/ffhq_2411.png,Szczęście
archive (3)/Train/sad/image0012533.jpg,Smutek
archive (3)/Test/fear/image0035412.jpg,Strach
archive (3)/Train/fear/image0040127.jpg,Strach
archive (3)/Test/surprise/image0004043.jpg,Zaskoczenie
archive (3)/Test/Anger/image0016527.jpg,Złość
archive (3)/Train/sad/image0022574.jpg,Smutek
archive (3)/Test/happy/ffhq_1757.png,Szczęście
archive (3)/Train/sad/image0020877.jpg,Smutek
archive (3)/Test/fear/image0002217.jpg,Strach
archive (3)/Train/anger/image0025782.jpg,Złość
archive (3)/Test/sad/image0017657.jpg,Smutek
archive (3)/Train/anger/image0025487.jpg,Złość
archive (3)/Train/fear/image0040087.jpg,Strach
archive (3)/Train/surprise/image0025733.jpg,Zaskoczenie
archive (3)/Test/fear/image0035356.jpg,Strach
archive (3)/Train/happy/ffhq_3420.png,Szczęście
archive (3)/Test/happy/ffhq_768.png,Szczęście
archive (3)/Train/anger/image0021925.jpg,Złość
archive (3)/Test/sad/image0015656.jpg,Smutek
archive (3)/Train/sad/image0007742.jpg,Smutek
archive (3)/Test/happy/ffhq_566.png,Szczęście
archive (3)/Train/surprise/image0028971.jpg,Zaskoczenie
archive (3)/Train/happy/ffhq_3866.png,Szczęście
archive (3)/Train/sad/image0008276.jpg,Smutek
archive (3)/Train/happy/ffhq_3545.png,Szczęście
archive (3)/Train/surprise/image0027306.jpg,Zaskoczenie
archive (3)/Train/surprise/image0032329.jpg,Zaskoczenie
archive (3)/Train/sad/image0029955.jpg,Smutek
archive (3)/Test/Anger/image0005565.jpg,Złość
archive (3)/Train/sad/image0021287.jpg,Smutek
archive (3)/Test/sad/image0016832.jpg,Smutek
archive (3)/Train/fear/image0038407.jpg,Strach
archive (3)/Train/happy/ffhq_4222.png,Szczęście
archive (3)/Test/happy/ffhq_2090.png,Szczęście
archive (3)/Test/Anger/image0013395.jpg,Złość
archive (3)/Test/Anger/image0018372.jpg,Złość
archive (3)/Train/fear/image0038839.jpg,Strach
archive (3)/Test/fear/image0030749.jpg,Strach
archive (3)/Test/fear/image0032297.jpg,Strach
archive (3)/Test/happy/ffhq_1649.png,Szczęście
archive (3)/Test/fear/image0030603.jpg,Strach
archive (3)/Train/happy/ffhq_2769.png,Szczęście
archive (3)/Test/sad/image0019987.jpg,Smutek
archive (3)/Test/happy/ffhq_336.png,Szczęście
archive (3)/Train/happy/ffhq_3884.png,Szczęście
archive (3)/Train/fear/image0039712.jpg,Strach
archive (3)/Test/happy/ffhq_424.png,Szczęście
archive (3)/Test/fear/image0025444.jpg,Strach
archive (3)/Train/fear/image0036785.jpg,Strach
archive (3)/Test/fear/image0032050.jpg,Strach
archive (3)/Train/happy/ffhq_2989.png,Szczęście
archive (3)/Test/fear/image0017089.jpg,Strach
archive (3)/Train/fear/image0039470.jpg,Strach
archive (3)/Train/sad/image0011050.jpg,Smutek
archive (3)/Train/sad/image0016362.jpg,Smutek
archive (3)/Train/sad/image0010665.jpg,Smutek
archive (3)/Test/surprise/ffhq_645.png,Zaskoczenie
archive (3)/Test/Anger/image0002388.jpg,Złość
archive (3)/Test/happy/ffhq_896.png,Szczęście
archive (3)/Test/happy/ffhq_193.png,Szczęście
archive (3)/Train/happy/ffhq_4210.png,Szczęście
archive (3)/Test/sad/image0021169.jpg,Smutek
archive (3)/Train/sad/image0018498.jpg,Smutek
archive (3)/Train/sad/image0021005.jpg,Smutek
archive (3)/Train/sad/image0021764.jpg,Smutek
archive (3)/Train/surprise/image0032407.jpg,Zaskoczenie
archive (3)/Train/happy/ffhq_3208.png,Szczęście
archive (3)/Train/fear/image0038019.jpg,Strach
archive (3)/Train/surprise/image0031230.jpg,Zaskoczenie
archive (3)/Train/fear/image0037606.jpg,Strach
archive (3)/Test/surprise/image0020992.jpg,Zaskoczenie
archive (3)/Train/happy/ffhq_3818.png,Szczęście
archive (3)/Test/sad/image0009856.jpg,Smutek
archive (3)/Train/happy/ffhq_4015.png,Szczęście
archive (3)/Train/happy/ffhq_4933.png,Szczęście
archive (3)/Train/sad/image0020924.jpg,Smutek
archive (3)/Test/sad/image0015264.jpg,Smutek
archive (3)/Train/anger/image0029684.jpg,Złość
archive (3)/Train/happy/ffhq_4182.png,Szczęście
archive (3)/Train/surprise/image0033694.jpg,Zaskoczenie
archive (3)/Test/surprise/ffhq_597.png,Zaskoczenie
archive (3)/Test/surprise/ffhq_336.png,Zaskoczenie
archive (3)/Train/surprise/image0032594.jpg,Zaskoczenie
archive (3)/Test/surprise/ffhq_278.png,Zaskoczenie
archive (3)/Train/happy/ffhq_3171.png,Szczęście
archive (3)/Test/surprise/image0000579.jpg,Zaskoczenie
archive (3)/Train/surprise/image0026137.jpg,Zaskoczenie
archive (3)/Test/sad/image0002884.jpg,Smutek
archive (3)/Train/sad/image0011027.jpg,Smutek
archive (3)/Test/happy/ffhq_158.png,Szczęście
archive (3)/Test/surprise/image0016328.jpg,Zaskoczenie
archive (3)/Test/happy/ffhq_2049.png,Szczęście
archive (3)/Test/sad/image0018498.jpg,Smutek
archive (3)/Train/sad/image0022008.jpg,Smutek
archive (3)/Test/fear/image0025880.jpg,Strach
archive (3)/Train/sad/image0027096.jpg,Smutek
archive (3)/Train/surprise/image0034175.jpg,Zaskoczenie
archive (3)/Test/fear/image0035353.jpg,Strach
archive (3)/Train/fear/image0037941.jpg,Strach
archive (3)/Train/surprise/image0030505.jpg,Zaskoczenie
archive (3)/Train/happy/ffhq_4197.png,Szczęście
archive (3)/Train/anger/image0029735.jpg,Złość
archive (3)/Test/Anger/image0016442.jpg,Złość
archive (3)/Train/fear/image0036062.jpg,Strach
archive (3)/Train/surprise/image0033734.jpg,Zaskoczenie
archive (3)/Train/happy/ffhq_2808.png,Szczęście
archive (3)/Train/anger/image0025183.jpg,Złość
archive (3)/Train/happy/ffhq_4917.png,Szczęście
archive (3)/Train/fear/image0040057.jpg,Strach
archive (3)/Train/sad/image0017030.jpg,Smutek
archive (3)/Train/anger/image0027210.jpg,Złość
archive (3)/Test/Anger/image0020520.jpg,Złość
archive (3)/Train/sad/image0014138.jpg,Smutek
archive (3)/Train/sad/image0010114.jpg,Smutek
archive (3)/Test/sad/image0003066.jpg,Smutek
archive (3)/Train/sad/image0013249.jpg,Smutek
archive (3)/Test/Anger/image0019307.jpg,Złość
archive (3)/Test/Anger/image0021567.jpg,Złość
archive (3)/Train/happy/ffhq_3480.png,Szczęście
archive (3)/Test/happy/ffhq_950.png,Szczęście
archive (3)/Test/surprise/image0022387.jpg,Zaskoczenie
archive (3)/Train/anger/image0026797.jpg,Złość
archive (3)/Test/sad/image0015261.jpg,Smutek
archive (3)/Test/happy/ffhq_823.png,Szczęście
archive (3)/Train/fear/image0038637.jpg,Strach
archive (3)/Test/happy/ffhq_649.png,Szczęście
archive (3)/Train/fear/image0038803.jpg,Strach
archive (3)/Train/surprise/image0031052.jpg,Zaskoczenie
archive (3)/Train/surprise/image0031192.jpg,Zaskoczenie
archive (3)/Test/fear/image0033206.jpg,Strach
archive (3)/Test/fear/image0030685.jpg,Strach
archive (3)/Train/sad/image0007713.jpg,Smutek
archive (3)/Train/sad/image0028978.jpg,Smutek
archive (3)/Train/anger/image0022616.jpg,Złość
archive (3)/Train/sad/image0025185.jpg,Smutek
archive (3)/Test/happy/ffhq_107.png,Szczęście
archive (3)/Test/sad/image0010138.jpg,Smutek
archive (3)/Train/anger/image0023101.jpg,Złość
archive (3)/Test/surprise/image0015098.jpg,Zaskoczenie
archive (3)/Train/sad/image0029816.jpg,Smutek
archive (3)/Test/surprise/image0018649.jpg,Zaskoczenie
archive (3)/Test/sad/image0019163.jpg,Smutek
archive (3)/Train/happy/ffhq_2752.png,Szczęście
archive (3)/Train/fear/image0037307.jpg,Strach
archive (3)/Train/happy/ffhq_3196.png,Szczęście
archive (3)/Train/sad/image0000991.jpg,Smutek
archive (3)/Test/sad/image0021324.jpg,Smutek
archive (3)/Train/anger/image0030696.jpg,Złość
archive (3)/Train/happy/ffhq_3077.png,Szczęście
archive (3)/Train/happy/ffhq_4706.png,Szczęście
archive (3)/Train/surprise/image0027176.jpg,Zaskoczenie
archive (3)/Test/fear/image0030600.jpg,Strach
archive (3)/Test/Anger/image0018175.jpg,Złość
archive (3)/Train/surprise/image0032568.jpg,Zaskoczenie
archive (3)/Train/surprise/image0033509.jpg,Zaskoczenie
archive (3)/Test/sad/image0013685.jpg,Smutek
archive (3)/Test/happy/ffhq_527.png,Szczęście
archive (3)/Test/Anger/image0004832.jpg,Złość
archive (3)/Test/sad/image0021021.jpg,Smutek
archive (3)/Test/sad/image0018769.jpg,Smutek
archive (3)/Train/happy/ffhq_4644.png,Szczęście
archive (3)/Test/Anger/image0004792.jpg,Złość
archive (3)/Test/happy/ffhq_1292.png,Szczęście
archive (3)/Train/happy/ffhq_3304.png,Szczęście
archive (3)/Test/happy/ffhq_1128.png,Szczęście
archive (3)/Test/fear/image0027931.jpg,Strach
archive (3)/Test/Anger/image0019679.jpg,Złość
archive (3)/Test/surprise/image0014463.jpg,Zaskoczenie
archive (3)/Train/sad/image0007747.jpg,Smutek
archive (3)/Train/happy/ffhq_4268.png,Szczęście
archive (3)/Test/happy/ffhq_2443.png,Szczęście
archive (3)/Test/happy/ffhq_677.png,Szczęście
archive (3)/Test/Anger/image0015949.jpg,Złość
archive (3)/Train/sad/image0000354.jpg,Smutek
archive (3)/Test/sad/image0020168.jpg,Smutek
archive (3)/Test/fear/image0021039.jpg,Strach
archive (3)/Test/surprise/image0020264.jpg,Zaskoczenie
archive (3)/Test/fear/image0032530.jpg,Strach
archive (3)/Test/happy/ffhq_1314.png,Szczęście
archive (3)/Test/fear/image0030898.jpg,Strach
archive (3)/Train/happy/ffhq_3893.png,Szczęście
archive (3)/Test/Anger/image0010569.jpg,Złość
archive (3)/Test/sad/image0012828.jpg,Smutek
archive (3)/Train/fear/image0040176.jpg,Strach
archive (3)/Test/happy/ffhq_2412.png,Szczęście
archive (3)/Test/surprise/image0012425.jpg,Zaskoczenie
archive (3)/Train/surprise/image0026857.jpg,Zaskoczenie
archive (3)/Train/anger/image0023764.jpg,Złość
archive (3)/Test/happy/ffhq_28.png,Szczęście
archive (3)/Train/happy/ffhq_2831.png,Szczęście
archive (3)/Train/sad/image0019114.jpg,Smutek
archive (3)/Train/anger/image0023447.jpg,Złość
archive (3)/Train/sad/image0028615.jpg,Smutek
archive (3)/Test/Anger/image0000061.jpg,Złość
archive (3)/Train/happy/ffhq_4641.png,Szczęście
archive (3)/Train/anger/image0030714.jpg,Złość
archive (3)/Test/surprise/image0020658.jpg,Zaskoczenie
archive (3)/Test/surprise/image0023462.jpg,Zaskoczenie
archive (3)/Test/sad/image0013791.jpg,Smutek
archive (3)/Train/surprise/image0033556.jpg,Zaskoczenie
archive (3)/Train/anger/image0025186.jpg,Złość
archive (3)/Test/Anger/image0010755.jpg,Złość
archive (3)/Test/happy/ffhq_2138.png,Szczęście
archive (3)/Train/sad/image0028830.jpg,Smutek
archive (3)/Test/happy/ffhq_2191.png,Szczęście
archive (3)/Train/sad/image0006252.jpg,Smutek
archive (3)/Train/fear/image0040472.jpg,Strach
archive (3)/Train/happy/ffhq_3156.png,Szczęście
archive (3)/Train/fear/image0037463.jpg,Strach
archive (3)/Test/happy/ffhq_1673.png,Szczęście
archive (3)/Train/anger/image0026253.jpg,Złość
archive (3)/Test/Anger/image0020114.jpg,Złość
archive (3)/Train/anger/image0027797.jpg,Złość
archive (3)/Train/surprise/image0029671.jpg,Zaskoczenie
archive (3)/Test/Anger/image0000343.jpg,Złość
archive (3)/Train/happy/ffhq_3240.png,Szczęście
archive (3)/Train/surprise/image0027834.jpg,Zaskoczenie
archive (3)/Train/sad/image0024723.jpg,Smutek
archive (3)/Test/happy/ffhq_2130.png,Szczęście
archive (3)/Train/fear/image0036848.jpg,Strach
archive (3)/Train/surprise/image0031481.jpg,Zaskoczenie
archive (3)/Train/surprise/image0027674.jpg,Zaskoczenie
archive (3)/Train/happy/ffhq_3058.png,Szczęście
archive (3)/Train/sad/image0026440.jpg,Smutek
archive (3)/Test/Anger/image0010992.jpg,Złość
archive (3)/Test/happy/ffhq_1895.png,Szczęście
archive (3)/Train/sad/image0028298.jpg,Smutek
archive (3)/Train/surprise/image0029218.jpg,Zaskoczenie
archive (3)/Train/happy/ffhq_3162.png,Szczęście
archive (3)/Test/surprise/image0020385.jpg,Zaskoczenie
archive (3)/Train/sad/image0012100.jpg,Smutek
archive (3)/Train/sad/image0027830.jpg,Smutek
archive (3)/Test/Anger/image0021663.jpg,Złość
archive (3)/Test/sad/image0010605.jpg,Smutek
archive (3)/Train/sad/image0017827.jpg,Smutek
archive (3)/Train/sad/image0018826.jpg,Smutek
archive (3)/Test/happy/ffhq_1464.png,Szczęście
archive (3)/Test/sad/image0006411.jpg,Smutek
archive (3)/Train/fear/image0039307.jpg,Strach
archive (3)/Test/Anger/image0008461.jpg,Złość
archive (3)/Train/happy/ffhq_3345.png,Szczęście
archive (3)/Train/surprise/image0033809.jpg,Zaskoczenie
archive (3)/Test/fear/image0030792.jpg,Strach
archive (3)/Test/fear/image0031475.jpg,Strach
archive (3)/Test/happy/ffhq_1113.png,Szczęście
archive (3)/Test/happy/ffhq_1973.png,Szczęście
archive (3)/Test/sad/image0021369.jpg,Smutek
archive (3)/Test/sad/image0020932.jpg,Smutek
archive (3)/Test/surprise/image0022845.jpg,Zaskoczenie
archive (3)/Test/surprise/ffhq_7.png,Zaskoczenie
archive (3)/Train/fear/image0040206.jpg,Strach
archive (3)/Test/fear/image0002354.jpg,Strach
archive (3)/Test/happy/ffhq_2652.png,Szczęście
archive (3)/Test/surprise/image0006778.jpg,Zaskoczenie
archive (3)/Train/sad/image0022760.jpg,Smutek
archive (3)/Test/Anger/image0008718.jpg,Złość
archive (3)/Train/happy/ffhq_3641.png,Szczęście
archive (3)/Train/sad/image0001759.jpg,Smutek
archive (3)/Test/fear/image0033489.jpg,Strach
archive (3)/Train/sad/image0024254.jpg,Smutek
archive (3)/Train/sad/image0012396.jpg,Smutek
archive (3)/Test/happy/ffhq_521.png,Szczęście
archive (3)/Train/happy/ffhq_4458.png,Szczęście
archive (3)/Test/happy/ffhq_1527.png,Szczęście
archive (3)/Train/surprise/image0033981.jpg,Zaskoczenie
archive (3)/Train/anger/image0029923.jpg,Złość
archive (3)/Train/surprise/image0034219.jpg,Zaskoczenie
archive (3)/Train/happy/ffhq_3275.png,Szczęście
archive (3)/Test/happy/ffhq_269.png,Szczęście
archive (3)/Train/sad/image0007095.jpg,Smutek
archive (3)/Test/Anger/image0006224.jpg,Złość
archive (3)/Train/sad/image0028610.jpg,Smutek
archive (3)/Test/sad/image0020144.jpg,Smutek
archive (3)/Test/Anger/image0013835.jpg,Złość
archive (3)/Test/sad/image0014936.jpg,Smutek
archive (3)/Train/anger/image0026902.jpg,Złość
archive (3)/Test/sad/image0015731.jpg,Smutek
archive (3)/Test/sad/image0013053.jpg,Smutek
archive (3)/Test/fear/image0033867.jpg,Strach
archive (3)/Train/sad/image0019077.jpg,Smutek
archive (3)/Test/happy/ffhq_2084.png,Szczęście
archive (3)/Train/happy/ffhq_4968.png,Szczęście
archive (3)/Train/happy/ffhq_3795.png,Szczęście
archive (3)/Test/fear/image0014548.jpg,Strach
archive (3)/Train/fear/image0037788.jpg,Strach
archive (3)/Train/surprise/image0031588.jpg,Zaskoczenie
archive (3)/Test/Anger/image0021542.jpg,Złość
archive (3)/Train/fear/image0039514.jpg,Strach
archive (3)/Train/sad/image0025588.jpg,Smutek
archive (3)/Test/happy/ffhq_985.png,Szczęście
archive (3)/Train/happy/ffhq_3981.png,Szczęście
archive (3)/Train/anger/image0029895.jpg,Złość
archive (3)/Test/Anger/image0012408.jpg,Złość
archive (3)/Train/sad/image0011996.jpg,Smutek
archive (3)/Test/fear/image0035091.jpg,Strach
archive (3)/Train/anger/image0028023.jpg,Złość
archive (3)/Train/anger/image0030173.jpg,Złość
archive (3)/Train/sad/image0002304.jpg,Smutek
archive (3)/Train/surprise/image0034050.jpg,Zaskoczenie
archive (3)/Train/happy/ffhq_2734.png,Szczęście
archive (3)/Test/sad/image0014052.jpg,Smutek
archive (3)/Train/fear/image0040720.jpg,Strach
archive (3)/Train/fear/image0037977.jpg,Strach
archive (3)/Test/happy/ffhq_2426.png,Szczęście
archive (3)/Train/sad/image0021737.jpg,Smutek
archive (3)/Test/surprise/image0023917.jpg,Zaskoczenie
archive (3)/Test/surprise/ffhq_104.png,Zaskoczenie
archive (3)/Test/happy/ffhq_2319.png,Szczęście
archive (3)/Train/fear/image0037264.jpg,Strach
archive (3)/Test/happy/ffhq_2516.png,Szczęście
archive (3)/Test/fear/image0015188.jpg,Strach
archive (3)/Test/fear/image0031890.jpg,Strach
archive (3)/Train/happy/ffhq_3975.png,Szczęście
archive (3)/Test/fear/image0013476.jpg,Strach
archive (3)/Test/happy/ffhq_1701.png,Szczęście
archive (3)/Train/fear/image0040686.jpg,Strach
archive (3)/Train/surprise/image0031036.jpg,Zaskoczenie
archive (3)/Test/surprise/ffhq_285.png,Zaskoczenie
archive (3)/Test/fear/image0032601.jpg,Strach
archive (3)/Train/surprise/image0027653.jpg,Zaskoczenie
archive (3)/Train/sad/image0029739.jpg,Smutek
archive (3)/Train/anger/image0026872.jpg,Złość
archive (3)/Train/sad/image0003668.jpg,Smutek
archive (3)/Test/happy/ffhq_2271.png,Szczęście
archive (3)/Train/surprise/image0033662.jpg,Zaskoczenie
archive (3)/Test/happy/ffhq_1409.png,Szczęście
archive (3)/Train/sad/image0023159.jpg,Smutek
archive (3)/Train/fear/image0038692.jpg,Strach
archive (3)/Test/fear/image0021036.jpg,Strach
archive (3)/Train/sad/image0029764.jpg,Smutek
archive (3)/Train/surprise/image0031431.jpg,Zaskoczenie
archive (3)/Test/happy/ffhq_1060.png,Szczęście
archive (3)/Test/happy/ffhq_815.png,Szczęście
archive (3)/Train/surprise/image0030347.jpg,Zaskoczenie
archive (3)/Train/sad/image0014489.jpg,Smutek
archive (3)/Test/surprise/image0017061.jpg,Zaskoczenie
archive (3)/Train/sad/image0025845.jpg,Smutek
archive (3)/Train/fear/image0038170.jpg,Strach
archive (3)/Train/surprise/image0031982.jpg,Zaskoczenie
archive (3)/Train/anger/image0029353.jpg,Złość
archive (3)/Test/fear/image0007540.jpg,Strach
archive (3)/Test/sad/image0019654.jpg,Smutek
archive (3)/Train/sad/image0015106.jpg,Smutek
archive (3)/Train/happy/ffhq_4249.png,Szczęście
archive (3)/Test/surprise/ffhq_522.png,Zaskoczenie
archive (3)/Train/surprise/image0030703.jpg,Zaskoczenie
archive (3)/Train/sad/image0010654.jpg,Smutek
archive (3)/Train/happy/ffhq_4658.png,Szczęście
archive (3)/Test/Anger/image0018647.jpg,Złość
archive (3)/Train/fear/image0040314.jpg,Strach
archive (3)/Train/anger/image0030107.jpg,Złość
archive (3)/Test/fear/image0034236.jpg,Strach
archive (3)/Test/Anger/image0016993.jpg,Złość
archive (3)/Test/happy/ffhq_2544.png,Szczęście
archive (3)/Train/fear/image0040486.jpg,Strach
archive (3)/Train/sad/image0023591.jpg,Smutek
archive (3)/Test/Anger/image0021822.jpg,Złość
archive (3)/Test/happy/ffhq_1647.png,Szczęście
archive (3)/Test/Anger/image0014607.jpg,Złość
archive (3)/Train/anger/image0027379.jpg,Złość
archive (3)/Train/sad/image0029496.jpg,Smutek
archive (3)/Train/happy/ffhq_3633.png,Szczęście
archive (3)/Test/surprise/image0008543.jpg,Zaskoczenie
archive (3)/Train/fear/image0035885.jpg,Strach
archive (3)/Train/sad/image0000047.jpg,Smutek
archive (3)/Train/fear/image0039255.jpg,Strach
archive (3)/Train/sad/image0014139.jpg,Smutek
archive (3)/Test/fear/image0032978.jpg,Strach
archive (3)/Test/Anger/image0015436.jpg,Złość
archive (3)/Train/sad/image0022496.jpg,Smutek
archive (3)/Test/sad/image0005091.jpg,Smutek
archive (3)/Test/sad/image0008408.jpg,Smutek
archive (3)/Train/happy/image0041176.jpg,Szczęście
archive (3)/Train/sad/image0011674.jpg,Smutek
archive (3)/Test/happy/ffhq_1597.png,Szczęście
archive (3)/Train/surprise/image0031980.jpg,Zaskoczenie
archive (3)/Test/surprise/image0020744.jpg,Zaskoczenie
archive (3)/Test/surprise/image0020243.jpg,Zaskoczenie
archive (3)/Test/Anger/image0016436.jpg,Złość
archive (3)/Test/sad/image0016219.jpg,Smutek
archive (3)/Train/sad/image0024382.jpg,Smutek
archive (3)/Test/fear/image0034786.jpg,Strach
archive (3)/Test/fear/image0023635.jpg,Strach
archive (3)/Train/sad/image0016331.jpg,Smutek
archive (3)/Train/surprise/image0027950.jpg,Zaskoczenie
archive (3)/Train/happy/ffhq_4539.png,Szczęście
archive (3)/Test/surprise/ffhq_70.png,Zaskoczenie
archive (3)/Train/surprise/image0033045.jpg,Zaskoczenie
archive (3)/Train/sad/image0021456.jpg,Smutek
archive (3)/Train/sad/image0028233.jpg,Smutek
archive (3)/Test/surprise/image0013309.jpg,Zaskoczenie
archive (3)/Train/sad/image0000118.jpg,Smutek
archive (3)/Train/sad/image0027188.jpg,Smutek
archive (3)/Test/happy/ffhq_1672.png,Szczęście
archive (3)/Train/surprise/image0034906.jpg,Zaskoczenie
archive (3)/Train/happy/ffhq_3896.png,Szczęście
archive (3)/Train/anger/image0030102.jpg,Złość
archive (3)/Train/anger/image0028243.jpg,Złość
archive (3)/Train/surprise/image0033521.jpg,Zaskoczenie
archive (3)/Test/Anger/image0020606.jpg,Złość
archive (3)/Test/Anger/image0019931.jpg,Złość
archive (3)/Train/sad/image0028484.jpg,Smutek
archive (3)/Test/happy/ffhq_561.png,Szczęście
archive (3)/Train/anger/image0023366.jpg,Złość
archive (3)/Train/anger/image0027122.jpg,Złość
archive (3)/Train/anger/image0026949.jpg,Złość
archive (3)/Train/fear/image0038176.jpg,Strach
archive (3)/Train/happy/ffhq_3258.png,Szczęście
archive (3)/Train/fear/image0040916.jpg,Strach
archive (3)/Train/fear/image0040555.jpg,Strach
archive (3)/Train/sad/image0013602.jpg,Smutek
archive (3)/Train/fear/image0040556.jpg,Strach
archive (3)/Train/fear/image0039777.jpg,Strach
archive (3)/Test/happy/ffhq_2612.png,Szczęście
archive (3)/Train/sad/image0001237.jpg,Smutek
archive (3)/Test/happy/ffhq_2654.png,Szczęście
archive (3)/Train/fear/image0039267.jpg,Strach
archive (3)/Test/happy/ffhq_1640.png,Szczęście
archive (3)/Test/surprise/image0020328.jpg,Zaskoczenie
archive (3)/Train/surprise/image0027277.jpg,Zaskoczenie
archive (3)/Test/surprise/image0014801.jpg,Zaskoczenie
archive (3)/Train/sad/image0026688.jpg,Smutek
archive (3)/Test/happy/ffhq_2078.png,Szczęście
archive (3)/Train/sad/image0012917.jpg,Smutek
archive (3)/Train/fear/image0037632.jpg,Strach
archive (3)/Train/fear/image0039184.jpg,Strach
archive (3)/Test/Anger/image0010802.jpg,Złość
archive (3)/Train/sad/image0002582.jpg,Smutek
archive (3)/Train/surprise/image0033847.jpg,Zaskoczenie
archive (3)/Train/happy/ffhq_3714.png,Szczęście
archive (3)/Train/happy/ffhq_4083.png,Szczęście
archive (3)/Test/fear/image0028460.jpg,Strach
archive (3)/Test/surprise/image0021362.jpg,Zaskoczenie
archive (3)/Train/sad/image0021642.jpg,Smutek
archive (3)/Train/surprise/image0033935.jpg,Zaskoczenie
archive (3)/Test/happy/ffhq_886.png,Szczęście
archive (3)/Train/fear/image0039404.jpg,Strach
archive (3)/Test/surprise/ffhq_582.png,Zaskoczenie
archive (3)/Train/happy/ffhq_3814.png,Szczęście
archive (3)/Test/fear/image0011366.jpg,Strach
archive (3)/Test/surprise/image0020344.jpg,Zaskoczenie
archive (3)/Test/fear/image0026627.jpg,Strach
archive (3)/Test/fear/image0032966.jpg,Strach
archive (3)/Train/surprise/image0032883.jpg,Zaskoczenie
archive (3)/Train/surprise/image0029574.jpg,Zaskoczenie
archive (3)/Test/Anger/image0021388.jpg,Złość
archive (3)/Train/happy/ffhq_4212.png,Szczęście
archive (3)/Test/Anger/image0013312.jpg,Złość
archive (3)/Train/anger/image0024113.jpg,Złość
archive (3)/Test/Anger/image0010431.jpg,Złość
archive (3)/Train/surprise/image0025436.jpg,Zaskoczenie
archive (3)/Train/sad/image0021995.jpg,Smutek
archive (3)/Train/sad/image0028547.jpg,Smutek
archive (3)/Test/Anger/image0003108.jpg,Złość
archive (3)/Train/sad/image0029488.jpg,Smutek
archive (3)/Test/surprise/ffhq_551.png,Zaskoczenie
archive (3)/Test/happy/ffhq_2509.png,Szczęście
archive (3)/Train/happy/ffhq_2777.png,Szczęście
archive (3)/Test/sad/image0018000.jpg,Smutek
archive (3)/Train/anger/image0027294.jpg,Złość
archive (3)/Test/fear/image0033421.jpg,Strach
archive (3)/Test/sad/image0018109.jpg,Smutek
archive (3)/Test/Anger/image0017334.jpg,Złość
archive (3)/Train/fear/image0038480.jpg,Strach
archive (3)/Train/anger/image0030018.jpg,Złość
archive (3)/Test/fear/image0017820.jpg,Strach
archive (3)/Test/fear/image0026595.jpg,Strach
archive (3)/Train/sad/image0020050.jpg,Smutek
archive (3)/Test/fear/image0034438.jpg,Strach
archive (3)/Train/sad/image0015015.jpg,Smutek
archive (3)/Test/happy/ffhq_127.png,Szczęście
archive (3)/Test/happy/ffhq_623.png,Szczęście
archive (3)/Train/sad/image0029495.jpg,Smutek
archive (3)/Train/sad/image0016619.jpg,Smutek
archive (3)/Train/fear/image0036186.jpg,Strach
archive (3)/Test/happy/ffhq_268.png,Szczęście
archive (3)/Train/anger/image0026956.jpg,Złość
archive (3)/Train/anger/image0028763.jpg,Złość
archive (3)/Train/anger/image0027765.jpg,Złość
archive (3)/Train/fear/image0035617.jpg,Strach
archive (3)/Train/fear/image0040179.jpg,Strach
archive (3)/Test/happy/ffhq_329.png,Szczęście
archive (3)/Train/sad/image0024291.jpg,Smutek
archive (3)/Test/sad/image0017958.jpg,Smutek
archive (3)/Test/fear/image0032809.jpg,Strach
archive (3)/Train/surprise/image0034804.jpg,Zaskoczenie
archive (3)/Test/happy/ffhq_1228.png,Szczęście
archive (3)/Test/happy/ffhq_2531.png,Szczęście
archive (3)/Test/happy/ffhq_2645.png,Szczęście
archive (3)/Train/sad/image0003825.jpg,Smutek
archive (3)/Test/happy/ffhq_1663.png,Szczęście
archive (3)/Test/surprise/image0012113.jpg,Zaskoczenie
archive (3)/Train/anger/image0029345.jpg,Złość
archive (3)/Train/fear/image0039635.jpg,Strach
archive (3)/Test/Anger/image0019044.jpg,Złość
archive (3)/Train/sad/image0019170.jpg,Smutek
archive (3)/Train/happy/ffhq_4645.png,Szczęście
archive (3)/Test/fear/image0033467.jpg,Strach
archive (3)/Test/fear/image0032724.jpg,Strach
archive (3)/Test/happy/ffhq_2240.png,Szczęście
archive (3)/Test/surprise/image0017631.jpg,Zaskoczenie
archive (3)/Test/Anger/image0013090.jpg,Złość
archive (3)/Train/happy/ffhq_4184.png,Szczęście
archive (3)/Test/fear/image0029427.jpg,Strach
archive (3)/Test/surprise/image0007275.jpg,Zaskoczenie
archive (3)/Train/happy/ffhq_3007.png,Szczęście
archive (3)/Train/happy/ffhq_4171.png,Szczęście
archive (3)/Test/surprise/image0017064.jpg,Zaskoczenie
archive (3)/Test/sad/image0008549.jpg,Smutek
archive (3)/Test/sad/image0012100.jpg,Smutek
archive (3)/Test/sad/image0020277.jpg,Smutek
archive (3)/Train/anger/image0030301.jpg,Złość
archive (3)/Test/fear/image0035055.jpg,Strach
archive (3)/Test/surprise/image0022482.jpg,Zaskoczenie
archive (3)/Train/happy/ffhq_4693.png,Szczęście
archive (3)/Test/fear/image0035238.jpg,Strach
archive (3)/Test/Anger/image0019078.jpg,Złość
archive (3)/Train/happy/ffhq_3368.png,Szczęście
archive (3)/Train/surprise/image0034513.jpg,Zaskoczenie
archive (3)/Train/anger/image0024969.jpg,Złość
archive (3)/Test/happy/ffhq_445.png,Szczęście
archive (3)/Train/surprise/image0026884.jpg,Zaskoczenie
archive (3)/Train/fear/image0040874.jpg,Strach
archive (3)/Test/Anger/image0012248.jpg,Złość
archive (3)/Test/happy/ffhq_916.png,Szczęście
archive (3)/Test/Anger/image0017983.jpg,Złość
archive (3)/Train/surprise/image0027729.jpg,Zaskoczenie
archive (3)/Test/surprise/ffhq_638.png,Zaskoczenie
archive (3)/Test/Anger/image0004588.jpg,Złość
archive (3)/Train/anger/image0024636.jpg,Złość
archive (3)/Test/happy/ffhq_2342.png,Szczęście
archive (3)/Train/surprise/image0026265.jpg,Zaskoczenie
archive (3)/Train/happy/ffhq_2927.png,Szczęście
archive (3)/Test/surprise/image0008905.jpg,Zaskoczenie
archive (3)/Test/sad/image0005489.jpg,Smutek
archive (3)/Train/sad/image0015491.jpg,Smutek
archive (3)/Test/happy/ffhq_678.png,Szczęście
archive (3)/Train/sad/image0026435.jpg,Smutek
archive (3)/Test/happy/ffhq_307.png,Szczęście
archive (3)/Train/surprise/image0031273.jpg,Zaskoczenie
archive (3)/Train/surprise/image0031778.jpg,Zaskoczenie
archive (3)/Test/Anger/image0015040.jpg,Złość
archive (3)/Test/happy/ffhq_1303.png,Szczęście
archive (3)/Test/sad/image0013059.jpg,Smutek
archive (3)/Test/happy/ffhq_91.png,Szczęście
archive (3)/Test/fear/image0032074.jpg,Strach
archive (3)/Train/sad/image0013123.jpg,Smutek
archive (3)/Train/happy/ffhq_3827.png,Szczęście
archive (3)/Train/surprise/image0033154.jpg,Zaskoczenie
archive (3)/Test/Anger/image0018428.jpg,Złość
archive (3)/Train/sad/image0027077.jpg,Smutek
archive (3)/Train/sad/image0027556.jpg,Smutek
archive (3)/Train/surprise/image0033824.jpg,Zaskoczenie
archive (3)/Train/surprise/image0034512.jpg,Zaskoczenie
archive (3)/Train/surprise/image0030020.jpg,Zaskoczenie
archive (3)/Train/anger/image0026966.jpg,Złość
archive (3)/Train/happy/ffhq_4872.png,Szczęście
archive (3)/Train/sad/image0001329.jpg,Smutek
archive (3)/Train/surprise/image0027414.jpg,Zaskoczenie
archive (3)/Train/surprise/image0026693.jpg,Zaskoczenie
archive (3)/Test/surprise/image0018095.jpg,Zaskoczenie
archive (3)/Train/happy/ffhq_4662.png,Szczęście
archive (3)/Train/anger/image0022966.jpg,Złość
archive (3)/Train/sad/image0003066.jpg,Smutek
archive (3)/Train/sad/image0020988.jpg,Smutek
archive (3)/Test/surprise/image0020764.jpg,Zaskoczenie
archive (3)/Test/happy/ffhq_2481.png,Szczęście
archive (3)/Train/fear/image0037266.jpg,Strach
archive (3)/Test/happy/ffhq_170.png,Szczęście
archive (3)/Train/anger/image0030695.jpg,Złość
archive (3)/Test/Anger/image0018487.jpg,Złość
archive (3)/Test/happy/ffhq_2459.png,Szczęście
archive (3)/Train/fear/image0037373.jpg,Strach
archive (3)/Test/fear/image0006440.jpg,Strach
archive (3)/Train/sad/image0006069.jpg,Smutek
archive (3)/Test/happy/ffhq_1735.png,Szczęście
archive (3)/Train/anger/image0025678.jpg,Złość
archive (3)/Test/fear/image0020236.jpg,Strach
archive (3)/Train/happy/ffhq_4050.png,Szczęście
archive (3)/Train/surprise/image0032643.jpg,Zaskoczenie
archive (3)/Train/anger/image0030374.jpg,Złość
archive (3)/Train/fear/image0038947.jpg,Strach
archive (3)/Test/happy/ffhq_270.png,Szczęście
archive (3)/Test/happy/ffhq_1272.png,Szczęście
archive (3)/Test/sad/image0019856.jpg,Smutek
archive (3)/Test/happy/ffhq_1103.png,Szczęście
archive (3)/Test/surprise/ffhq_4.png,Zaskoczenie
archive (3)/Train/sad/image0027084.jpg,Smutek
archive (3)/Test/Anger/image0020026.jpg,Złość
archive (3)/Train/surprise/image0032355.jpg,Zaskoczenie
archive (3)/Train/surprise/image0032614.jpg,Zaskoczenie
archive (3)/Train/happy/ffhq_4931.png,Szczęście
archive (3)/Train/surprise/image0026937.jpg,Zaskoczenie
archive (3)/Train/happy/ffhq_4771.png,Szczęście
archive (3)/Train/anger/image0027605.jpg,Złość
archive (3)/Test/happy/ffhq_889.png,Szczęście
archive (3)/Test/sad/image0012902.jpg,Smutek
archive (3)/Train/anger/image0025045.jpg,Złość
archive (3)/Train/happy/ffhq_4950.png,Szczęście
archive (3)/Train/sad/image0014424.jpg,Smutek
archive (3)/Test/Anger/image0008900.jpg,Złość
archive (3)/Train/happy/ffhq_3107.png,Szczęście
archive (3)/Train/happy/ffhq_3355.png,Szczęście
archive (3)/Test/fear/image0022451.jpg,Strach
archive (3)/Train/sad/image0021378.jpg,Smutek
archive (3)/Test/Anger/image0010268.jpg,Złość
archive (3)/Test/surprise/image0021023.jpg,Zaskoczenie
archive (3)/Test/happy/ffhq_2552.png,Szczęście
archive (3)/Test/happy/ffhq_461.png,Szczęście
archive (3)/Train/anger/image0024198.jpg,Złość
archive (3)/Train/sad/image0006027.jpg,Smutek
archive (3)/Test/happy/ffhq_1554.png,Szczęście
archive (3)/Test/fear/image0028036.jpg,Strach
archive (3)/Test/surprise/image0000236.jpg,Zaskoczenie
archive (3)/Test/surprise/ffhq_416.png,Zaskoczenie
archive (3)/Train/fear/image0040702.jpg,Strach
archive (3)/Train/happy/ffhq_2729.png,Szczęście
archive (3)/Test/sad/image0013878.jpg,Smutek
archive (3)/Train/sad/image0026792.jpg,Smutek
archive (3)/Test/surprise/image0000139.jpg,Zaskoczenie
archive (3)/Test/sad/image0016204.jpg,Smutek
archive (3)/Test/Anger/image0019395.jpg,Złość
archive (3)/Test/fear/image0020717.jpg,Strach
archive (3)/Train/happy/ffhq_4055.png,Szczęście
archive (3)/Test/happy/ffhq_2326.png,Szczęście
archive (3)/Train/anger/image0028039.jpg,Złość
archive (3)/Test/sad/image0021277.jpg,Smutek
archive (3)/Test/happy/ffhq_2221.png,Szczęście
archive (3)/Train/surprise/image0024760.jpg,Zaskoczenie
archive (3)/Train/surprise/image0027012.jpg,Zaskoczenie
archive (3)/Test/surprise/ffhq_428.png,Zaskoczenie
archive (3)/Train/happy/ffhq_4885.png,Szczęście
archive (3)/Test/sad/image0010440.jpg,Smutek
archive (3)/Test/Anger/image0009580.jpg,Złość
archive (3)/Train/sad/image0000768.jpg,Smutek
archive (3)/Train/sad/image0019141.jpg,Smutek
archive (3)/Train/happy/ffhq_4867.png,Szczęście
archive (3)/Test/fear/image0020901.jpg,Strach
archive (3)/Train/anger/image0027637.jpg,Złość
archive (3)/Test/happy/ffhq_121.png,Szczęście
archive (3)/Test/fear/image0035367.jpg,Strach
archive (3)/Train/anger/image0024496.jpg,Złość
archive (3)/Train/sad/image0024532.jpg,Smutek
archive (3)/Train/happy/ffhq_3520.png,Szczęście
archive (3)/Train/surprise/image0031558.jpg,Zaskoczenie
archive (3)/Train/happy/ffhq_3894.png,Szczęście
archive (3)/Train/surprise/image0032332.jpg,Zaskoczenie
archive (3)/Test/fear/image0023296.jpg,Strach
archive (3)/Test/happy/ffhq_2086.png,Szczęście
archive (3)/Train/anger/image0024410.jpg,Złość
archive (3)/Train/sad/image0017407.jpg,Smutek
archive (3)/Train/sad/image0003944.jpg,Smutek
archive (3)/Test/sad/image0017380.jpg,Smutek
archive (3)/Train/sad/image0018587.jpg,Smutek
archive (3)/Train/anger/image0027476.jpg,Złość
archive (3)/Train/surprise/image0026779.jpg,Zaskoczenie
archive (3)/Test/Anger/image0020193.jpg,Złość
archive (3)/Train/happy/ffhq_4842.png,Szczęście
archive (3)/Train/surprise/image0028883.jpg,Zaskoczenie
archive (3)/Test/Anger/image0001021.jpg,Złość
archive (3)/Train/sad/image0018260.jpg,Smutek
archive (3)/Test/sad/image0014138.jpg,Smutek
archive (3)/Test/Anger/image0021669.jpg,Złość
archive (3)/Test/happy/ffhq_168.png,Szczęście
archive (3)/Train/anger/image0024784.jpg,Złość
archive (3)/Train/happy/ffhq_3409.png,Szczęście
archive (3)/Test/fear/image0035206.jpg,Strach
archive (3)/Train/happy/ffhq_4550.png,Szczęście
archive (3)/Test/happy/ffhq_2436.png,Szczęście
archive (3)/Train/sad/image0020570.jpg,Smutek
archive (3)/Test/happy/ffhq_688.png,Szczęście
archive (3)/Test/Anger/image0003353.jpg,Złość
archive (3)/Train/sad/image0010323.jpg,Smutek
archive (3)/Test/surprise/image0006491.jpg,Zaskoczenie
archive (3)/Test/sad/image0002859.jpg,Smutek
archive (3)/Train/sad/image0028269.jpg,Smutek
archive (3)/Test/sad/image0004595.jpg,Smutek
archive (3)/Train/sad/image0007757.jpg,Smutek
archive (3)/Test/fear/image0035368.jpg,Strach
archive (3)/Train/sad/image0029640.jpg,Smutek
archive (3)/Test/happy/ffhq_86.png,Szczęście
archive (3)/Test/happy/ffhq_1765.png,Szczęście
archive (3)/Train/surprise/image0027951.jpg,Zaskoczenie
archive (3)/Train/anger/image0030564.jpg,Złość
archive (3)/Train/happy/ffhq_4784.png,Szczęście
archive (3)/Train/surprise/image0032461.jpg,Zaskoczenie
archive (3)/Train/happy/ffhq_3339.png,Szczęście
archive (3)/Test/happy/ffhq_201.png,Szczęście
archive (3)/Train/fear/image0040235.jpg,Strach
archive (3)/Train/surprise/image0033918.jpg,Zaskoczenie
archive (3)/Train/fear/image0036606.jpg,Strach
archive (3)/Test/Anger/image0012588.jpg,Złość
archive (3)/Train/sad/image0028688.jpg,Smutek
archive (3)/Test/fear/image0033775.jpg,Strach
archive (3)/Train/happy/ffhq_3363.png,Szczęście
archive (3)/Train/sad/image0020917.jpg,Smutek
archive (3)/Train/fear/image0037229.jpg,Strach
archive (3)/Train/surprise/image0033471.jpg,Zaskoczenie
archive (3)/Test/fear/image0035282.jpg,Strach
archive (3)/Test/happy/ffhq_1484.png,Szczęście
archive (3)/Test/happy/ffhq_1934.png,Szczęście
archive (3)/Test/surprise/image0021195.jpg,Zaskoczenie
archive (3)/Train/surprise/image0033596.jpg,Zaskoczenie
archive (3)/Train/happy/ffhq_3782.png,Szczęście
archive (3)/Train/fear/image0039324.jpg,Strach
archive (3)/Test/surprise/image0019685.jpg,Zaskoczenie
archive (3)/Train/fear/image0036231.jpg,Strach
archive (3)/Test/fear/image0025294.jpg,Strach
archive (3)/Train/fear/image0036212.jpg,Strach
archive (3)/Train/sad/image0026545.jpg,Smutek
archive (3)/Train/anger/image0029618.jpg,Złość
archive (3)/Test/fear/image0028973.jpg,Strach
archive (3)/Train/happy/ffhq_2960.png,Szczęście
archive (3)/Train/anger/image0028661.jpg,Złość
archive (3)/Test/sad/image0018837.jpg,Smutek
archive (3)/Train/fear/image0036822.jpg,Strach
archive (3)/Train/anger/image0028671.jpg,Złość
archive (3)/Train/anger/image0024133.jpg,Złość
archive (3)/Test/surprise/image0017607.jpg,Zaskoczenie
archive (3)/Test/happy/ffhq_923.png,Szczęście
archive (3)/Train/sad/image0017773.jpg,Smutek
archive (3)/Train/anger/image0027435.jpg,Złość
archive (3)/Test/happy/ffhq_1653.png,Szczęście
archive (3)/Test/Anger/image0016394.jpg,Złość
archive (3)/Test/fear/image0017706.jpg,Strach
archive (3)/Train/surprise/image0031862.jpg,Zaskoczenie
archive (3)/Train/anger/image0021894.jpg,Złość
archive (3)/Test/happy/ffhq_2301.png,Szczęście
archive (3)/Train/happy/ffhq_3416.png,Szczęście
archive (3)/Train/surprise/image0027773.jpg,Zaskoczenie
archive (3)/Train/sad/image0023757.jpg,Smutek
archive (3)/Test/surprise/image0017032.jpg,Zaskoczenie
archive (3)/Test/surprise/image0012108.jpg,Zaskoczenie
archive (3)/Test/surprise/ffhq_157.png,Zaskoczenie
archive (3)/Test/sad/image0006940.jpg,Smutek
archive (3)/Test/surprise/image0005910.jpg,Zaskoczenie
archive (3)/Test/Anger/image0013259.jpg,Złość
archive (3)/Train/happy/ffhq_4041.png,Szczęście
archive (3)/Test/sad/image0003861.jpg,Smutek
archive (3)/Test/surprise/image0023703.jpg,Zaskoczenie
archive (3)/Test/surprise/image0017770.jpg,Zaskoczenie
archive (3)/Test/Anger/image0017649.jpg,Złość
archive (3)/Train/surprise/image0031081.jpg,Zaskoczenie
archive (3)/Train/anger/image0028982.jpg,Złość
archive (3)/Train/surprise/image0034268.jpg,Zaskoczenie
archive (3)/Test/surprise/image0023052.jpg,Zaskoczenie
archive (3)/Test/surprise/image0021404.jpg,Zaskoczenie
archive (3)/Train/happy/ffhq_3405.png,Szczęście
archive (3)/Train/happy/ffhq_2758.png,Szczęście
archive (3)/Test/happy/ffhq_2299.png,Szczęście
archive (3)/Train/happy/ffhq_3441.png,Szczęście
archive (3)/Train/surprise/image0033727.jpg,Zaskoczenie
archive (3)/Test/happy/ffhq_2239.png,Szczęście
archive (3)/Test/fear/image0031670.jpg,Strach
archive (3)/Test/fear/image0013142.jpg,Strach
archive (3)/Train/sad/image0028951.jpg,Smutek
archive (3)/Train/anger/image0022783.jpg,Złość
archive (3)/Test/sad/image0018272.jpg,Smutek
archive (3)/Test/sad/image0015973.jpg,Smutek
archive (3)/Test/happy/ffhq_2273.png,Szczęście
archive (3)/Train/anger/image0026717.jpg,Złość
archive (3)/Test/fear/image0027600.jpg,Strach
archive (3)/Train/sad/image0021786.jpg,Smutek
archive (3)/Train/fear/image0040690.jpg,Strach
archive (3)/Train/fear/image0039179.jpg,Strach
archive (3)/Train/happy/ffhq_3902.png,Szczęście
archive (3)/Test/happy/ffhq_1537.png,Szczęście
archive (3)/Train/happy/ffhq_4450.png,Szczęście
archive (3)/Train/happy/ffhq_4288.png,Szczęście
archive (3)/Test/happy/ffhq_254.png,Szczęście
archive (3)/Test/happy/ffhq_953.png,Szczęście
archive (3)/Test/fear/image0032493.jpg,Strach
archive (3)/Test/happy/ffhq_1351.png,Szczęście
archive (3)/Train/sad/image0007820.jpg,Smutek
archive (3)/Train/surprise/image0033567.jpg,Zaskoczenie
archive (3)/Train/sad/image0018181.jpg,Smutek
archive (3)/Test/fear/image0035290.jpg,Strach
archive (3)/Train/sad/image0012764.jpg,Smutek
archive (3)/Train/surprise/image0030580.jpg,Zaskoczenie
archive (3)/Train/sad/image0023550.jpg,Smutek
archive (3)/Test/sad/image0019318.jpg,Smutek
archive (3)/Test/surprise/image0017665.jpg,Zaskoczenie
archive (3)/Train/happy/ffhq_4335.png,Szczęście
archive (3)/Test/Anger/image0020155.jpg,Złość
archive (3)/Test/happy/ffhq_628.png,Szczęście
archive (3)/Train/sad/image0028463.jpg,Smutek
archive (3)/Train/fear/image0036156.jpg,Strach
archive (3)/Test/surprise/ffhq_533.png,Zaskoczenie
archive (3)/Train/fear/image0039825.jpg,Strach
archive (3)/Test/surprise/image0001520.jpg,Zaskoczenie
archive (3)/Train/surprise/image0033153.jpg,Zaskoczenie
archive (3)/Train/happy/ffhq_4357.png,Szczęście
archive (3)/Train/anger/image0030506.jpg,Złość
archive (3)/Test/Anger/image0013550.jpg,Złość
archive (3)/Test/happy/ffhq_1393.png,Szczęście
archive (3)/Test/happy/ffhq_137.png,Szczęście
archive (3)/Train/surprise/image0030261.jpg,Zaskoczenie
archive (3)/Train/happy/ffhq_4478.png,Szczęście
archive (3)/Test/fear/image0035351.jpg,Strach
archive (3)/Train/sad/image0029104.jpg,Smutek
archive (3)/Test/sad/image0013558.jpg,Smutek
archive (3)/Train/sad/image0020189.jpg,Smutek
archive (3)/Test/happy/ffhq_1344.png,Szczęście
archive (3)/Test/surprise/image0017858.jpg,Zaskoczenie
archive (3)/Test/Anger/image0006510.jpg,Złość
archive (3)/Test/sad/image0017271.jpg,Smutek
archive (3)/Test/fear/image0034601.jpg,Strach
archive (3)/Train/anger/image0027139.jpg,Złość
archive (3)/Test/sad/image0002606.jpg,Smutek
archive (3)/Test/surprise/image0022227.jpg,Zaskoczenie
archive (3)/Train/happy/ffhq_3765.png,Szczęście
archive (3)/Train/happy/ffhq_3218.png,Szczęście
archive (3)/Test/fear/image0029584.jpg,Strach
archive (3)/Test/happy/ffhq_481.png,Szczęście
archive (3)/Train/surprise/image0032247.jpg,Zaskoczenie
archive (3)/Train/sad/image0024495.jpg,Smutek
archive (3)/Train/happy/ffhq_4435.png,Szczęście
archive (3)/Test/surprise/image0013604.jpg,Zaskoczenie
archive (3)/Test/sad/image0018821.jpg,Smutek
archive (3)/Test/surprise/ffhq_192.png,Zaskoczenie
archive (3)/Test/fear/image0006881.jpg,Strach
archive (3)/Test/fear/image0016026.jpg,Strach
archive (3)/Train/happy/ffhq_3233.png,Szczęście
archive (3)/Test/sad/image0018525.jpg,Smutek
archive (3)/Train/sad/image0027759.jpg,Smutek
archive (3)/Train/anger/image0023471.jpg,Złość
archive (3)/Train/happy/ffhq_4511.png,Szczęście
archive (3)/Train/anger/image0026091.jpg,Złość
archive (3)/Test/happy/ffhq_1335.png,Szczęście
archive (3)/Test/happy/ffhq_523.png,Szczęście
archive (3)/Test/surprise/image0005585.jpg,Zaskoczenie
archive (3)/Train/sad/image0013499.jpg,Smutek
archive (3)/Train/surprise/image0034352.jpg,Zaskoczenie
archive (3)/Test/Anger/image0021361.jpg,Złość
archive (3)/Train/sad/image0012796.jpg,Smutek
archive (3)/Train/fear/image0040665.jpg,Strach
archive (3)/Test/happy/ffhq_1471.png,Szczęście
archive (3)/Train/sad/image0028187.jpg,Smutek
archive (3)/Test/fear/image0022907.jpg,Strach
archive (3)/Test/happy/ffhq_1101.png,Szczęście
archive (3)/Train/fear/image0036703.jpg,Strach
archive (3)/Test/happy/ffhq_1911.png,Szczęście
archive (3)/Train/sad/image0018302.jpg,Smutek
archive (3)/Test/happy/ffhq_685.png,Szczęście
archive (3)/Test/happy/ffhq_2262.png,Szczęście
archive (3)/Train/happy/ffhq_3555.png,Szczęście
archive (3)/Train/fear/image0038874.jpg,Strach
archive (3)/Test/surprise/image0012155.jpg,Zaskoczenie
archive (3)/Train/happy/ffhq_4016.png,Szczęście
archive (3)/Train/surprise/image0031945.jpg,Zaskoczenie
archive (3)/Test/happy/ffhq_540.png,Szczęście
archive (3)/Train/surprise/image0029048.jpg,Zaskoczenie
archive (3)/Test/sad/image0019747.jpg,Smutek
archive (3)/Train/happy/ffhq_4348.png,Szczęście
archive (3)/Train/anger/image0025081.jpg,Złość
archive (3)/Test/Anger/image0019032.jpg,Złość
archive (3)/Test/sad/image0012667.jpg,Smutek
archive (3)/Test/Anger/image0018760.jpg,Złość
archive (3)/Train/happy/ffhq_3272.png,Szczęście
archive (3)/Train/happy/ffhq_2857.png,Szczęście
archive (3)/Train/happy/ffhq_4966.png,Szczęście
archive (3)/Test/happy/ffhq_2387.png,Szczęście
archive (3)/Train/sad/image0018561.jpg,Smutek
archive (3)/Train/happy/ffhq_4453.png,Szczęście
archive (3)/Train/happy/ffhq_4256.png,Szczęście
archive (3)/Train/sad/image0017910.jpg,Smutek
archive (3)/Train/happy/ffhq_3199.png,Szczęście
archive (3)/Test/fear/image0030153.jpg,Strach
archive (3)/Train/anger/image0027104.jpg,Złość
archive (3)/Train/sad/image0028302.jpg,Smutek
archive (3)/Train/sad/image0029349.jpg,Smutek
archive (3)/Test/fear/image0031437.jpg,Strach
archive (3)/Test/Anger/image0003820.jpg,Złość
archive (3)/Test/surprise/ffhq_442.png,Zaskoczenie
archive (3)/Test/fear/image0031992.jpg,Strach
archive (3)/Test/fear/image0033722.jpg,Strach
archive (3)/Train/sad/image0028824.jpg,Smutek
archive (3)/Test/surprise/ffhq_42.png,Zaskoczenie
archive (3)/Test/Anger/image0020613.jpg,Złość
archive (3)/Test/surprise/image0006028.jpg,Zaskoczenie
archive (3)/Train/happy/ffhq_3318.png,Szczęście
archive (3)/Test/Anger/image0008102.jpg,Złość
archive (3)/Train/sad/image0018396.jpg,Smutek
archive (3)/Train/happy/ffhq_4783.png,Szczęście
archive (3)/Test/sad/image0014361.jpg,Smutek
archive (3)/Train/sad/image0004693.jpg,Smutek
archive (3)/Test/happy/ffhq_2486.png,Szczęście
archive (3)/Train/anger/image0029619.jpg,Złość
archive (3)/Train/sad/image0029580.jpg,Smutek
archive (3)/Test/Anger/image0012582.jpg,Złość
archive (3)/Train/happy/ffhq_4826.png,Szczęście
archive (3)/Test/happy/ffhq_2449.png,Szczęście
archive (3)/Train/sad/image0020593.jpg,Smutek
archive (3)/Train/sad/image0013616.jpg,Smutek
archive (3)/Train/surprise/image0033299.jpg,Zaskoczenie
archive (3)/Test/Anger/image0019435.jpg,Złość
archive (3)/Train/sad/image0029704.jpg,Smutek
archive (3)/Train/sad/image0017131.jpg,Smutek
archive (3)/Test/surprise/image0018082.jpg,Zaskoczenie
archive (3)/Test/Anger/image0009273.jpg,Złość
archive (3)/Train/fear/image0036192.jpg,Strach
archive (3)/Train/surprise/image0033073.jpg,Zaskoczenie
archive (3)/Train/sad/image0029400.jpg,Smutek
archive (3)/Test/happy/ffhq_1844.png,Szczęście
archive (3)/Test/Anger/image0020908.jpg,Złość
archive (3)/Test/fear/image0011143.jpg,Strach
archive (3)/Train/happy/ffhq_3648.png,Szczęście
archive (3)/Train/anger/image0029383.jpg,Złość
archive (3)/Test/fear/image0035288.jpg,Strach
archive (3)/Test/surprise/image0021658.jpg,Zaskoczenie
archive (3)/Test/sad/image0016206.jpg,Smutek
archive (3)/Train/sad/image0007923.jpg,Smutek
archive (3)/Test/surprise/image0006713.jpg,Zaskoczenie
archive (3)/Train/sad/image0017050.jpg,Smutek
archive (3)/Test/surprise/image0020792.jpg,Zaskoczenie
archive (3)/Test/Anger/image0001258.jpg,Złość
archive (3)/Test/sad/image0015325.jpg,Smutek
archive (3)/Train/sad/image0017977.jpg,Smutek
archive (3)/Train/happy/ffhq_3123.png,Szczęście
archive (3)/Test/surprise/image0019082.jpg,Zaskoczenie
archive (3)/Train/surprise/image0031296.jpg,Zaskoczenie
archive (3)/Train/sad/image0023576.jpg,Smutek
archive (3)/Test/happy/ffhq_1422.png,Szczęście
archive (3)/Test/surprise/image0020565.jpg,Zaskoczenie
archive (3)/Test/sad/image0007113.jpg,Smutek
archive (3)/Test/Anger/image0011417.jpg,Złość
archive (3)/Train/sad/image0005705.jpg,Smutek
archive (3)/Train/sad/image0003967.jpg,Smutek
archive (3)/Test/happy/ffhq_831.png,Szczęście
archive (3)/Test/happy/ffhq_1793.png,Szczęście
archive (3)/Train/sad/image0026825.jpg,Smutek
archive (3)/Train/happy/ffhq_2759.png,Szczęście
archive (3)/Train/fear/image0036275.jpg,Strach
archive (3)/Train/surprise/image0024866.jpg,Zaskoczenie
archive (3)/Train/surprise/image0034627.jpg,Zaskoczenie
archive (3)/Train/surprise/image0032694.jpg,Zaskoczenie
archive (3)/Train/anger/image0027484.jpg,Złość
archive (3)/Train/sad/image0007934.jpg,Smutek
archive (3)/Test/happy/ffhq_1609.png,Szczęście
archive (3)/Test/happy/ffhq_411.png,Szczęście
archive (3)/Train/surprise/image0032518.jpg,Zaskoczenie
archive (3)/Test/sad/image0021433.jpg,Smutek
archive (3)/Train/happy/ffhq_3344.png,Szczęście
archive (3)/Test/surprise/image0000592.jpg,Zaskoczenie
archive (3)/Train/anger/image0026076.jpg,Złość
archive (3)/Test/happy/ffhq_1011.png,Szczęście
archive (3)/Test/surprise/image0018564.jpg,Zaskoczenie
archive (3)/Train/anger/image0024713.jpg,Złość
archive (3)/Train/fear/image0039767.jpg,Strach
archive (3)/Train/anger/image0025685.jpg,Złość
archive (3)/Train/happy/ffhq_2928.png,Szczęście
archive (3)/Train/sad/image0028972.jpg,Smutek
archive (3)/Train/happy/ffhq_4852.png,Szczęście
archive (3)/Train/sad/image0018315.jpg,Smutek
archive (3)/Train/sad/image0003861.jpg,Smutek
archive (3)/Test/happy/ffhq_2397.png,Szczęście
archive (3)/Train/sad/image0029736.jpg,Smutek
archive (3)/Train/sad/image0020786.jpg,Smutek
archive (3)/Test/fear/image0035287.jpg,Strach
archive (3)/Test/surprise/image0009358.jpg,Zaskoczenie
archive (3)/Train/fear/image0038293.jpg,Strach
archive (3)/Train/sad/image0026395.jpg,Smutek
archive (3)/Train/sad/image0029193.jpg,Smutek
archive (3)/Train/surprise/image0027572.jpg,Zaskoczenie
archive (3)/Test/Anger/image0018722.jpg,Złość
archive (3)/Test/happy/ffhq_2075.png,Szczęście
archive (3)/Test/fear/image0032600.jpg,Strach
archive (3)/Train/sad/image0001503.jpg,Smutek
archive (3)/Train/sad/image0002169.jpg,Smutek
archive (3)/Train/anger/image0026954.jpg,Złość
archive (3)/Train/anger/image0030632.jpg,Złość
archive (3)/Test/surprise/image0017470.jpg,Zaskoczenie
archive (3)/Train/sad/image0003123.jpg,Smutek
archive (3)/Test/surprise/image0006391.jpg,Zaskoczenie
archive (3)/Train/sad/image0016982.jpg,Smutek
archive (3)/Train/happy/ffhq_2742.png,Szczęście
archive (3)/Test/happy/ffhq_2581.png,Szczęście
archive (3)/Test/sad/image0017238.jpg,Smutek
archive (3)/Test/sad/image0006535.jpg,Smutek
archive (3)/Train/sad/image0010605.jpg,Smutek
archive (3)/Test/sad/image0016808.jpg,Smutek
archive (3)/Train/surprise/image0027455.jpg,Zaskoczenie
archive (3)/Test/sad/image0008920.jpg,Smutek
archive (3)/Test/Anger/image0001623.jpg,Złość
archive (3)/Train/surprise/image0032445.jpg,Zaskoczenie
archive (3)/Test/sad/image0018543.jpg,Smutek
archive (3)/Test/surprise/image0019365.jpg,Zaskoczenie
archive (3)/Test/Anger/image0019004.jpg,Złość
archive (3)/Train/surprise/image0027697.jpg,Zaskoczenie
archive (3)/Train/surprise/image0033227.jpg,Zaskoczenie
archive (3)/Test/Anger/image0021283.jpg,Złość
archive (3)/Test/happy/ffhq_1331.png,Szczęście
archive (3)/Train/sad/image0027002.jpg,Smutek
archive (3)/Test/happy/ffhq_55.png,Szczęście
archive (3)/Test/Anger/image0020188.jpg,Złość
archive (3)/Train/happy/ffhq_4521.png,Szczęście
archive (3)/Train/sad/image0015317.jpg,Smutek
archive (3)/Train/fear/image0037629.jpg,Strach
archive (3)/Train/anger/image0029714.jpg,Złość
archive (3)/Test/Anger/image0020499.jpg,Złość
archive (3)/Train/surprise/image0026994.jpg,Zaskoczenie
archive (3)/Test/fear/image0028845.jpg,Strach
archive (3)/Test/surprise/ffhq_334.png,Zaskoczenie
archive (3)/Test/sad/image0014434.jpg,Smutek
archive (3)/Train/sad/image0026570.jpg,Smutek
archive (3)/Test/surprise/ffhq_1.png,Zaskoczenie
archive (3)/Test/surprise/image0021256.jpg,Zaskoczenie
archive (3)/Train/happy/ffhq_4583.png,Szczęście
archive (3)/Test/fear/image0031656.jpg,Strach
archive (3)/Train/anger/image0028825.jpg,Złość
archive (3)/Test/sad/image0014951.jpg,Smutek
archive (3)/Train/happy/ffhq_4118.png,Szczęście
archive (3)/Train/surprise/image0033878.jpg,Zaskoczenie
archive (3)/Test/happy/ffhq_1809.png,Szczęście
archive (3)/Train/sad/image0028957.jpg,Smutek
archive (3)/Train/anger/image0026293.jpg,Złość
archive (3)/Test/sad/image0018309.jpg,Smutek
archive (3)/Train/fear/image0040119.jpg,Strach
archive (3)/Test/happy/ffhq_1872.png,Szczęście
archive (3)/Test/surprise/ffhq_335.png,Zaskoczenie
archive (3)/Train/fear/image0036031.jpg,Strach
archive (3)/Train/anger/image0026853.jpg,Złość
archive (3)/Test/happy/ffhq_1831.png,Szczęście
archive (3)/Train/surprise/image0025449.jpg,Zaskoczenie
archive (3)/Test/surprise/image0020426.jpg,Zaskoczenie
archive (3)/Train/sad/image0029509.jpg,Smutek
archive (3)/Train/anger/image0030216.jpg,Złość
archive (3)/Train/happy/ffhq_4141.png,Szczęście
archive (3)/Train/happy/ffhq_3414.png,Szczęście
archive (3)/Train/anger/image0023618.jpg,Złość
archive (3)/Train/anger/image0022096.jpg,Złość
archive (3)/Test/Anger/image0013519.jpg,Złość
archive (3)/Train/happy/ffhq_2774.png,Szczęście
archive (3)/Train/surprise/image0028946.jpg,Zaskoczenie
archive (3)/Test/fear/image0011731.jpg,Strach
archive (3)/Test/sad/image0017620.jpg,Smutek
archive (3)/Train/surprise/image0031351.jpg,Zaskoczenie
archive (3)/Test/Anger/image0014003.jpg,Złość
archive (3)/Train/sad/image0017238.jpg,Smutek
archive (3)/Train/anger/image0026733.jpg,Złość
archive (3)/Train/happy/ffhq_3760.png,Szczęście
archive (3)/Test/surprise/ffhq_401.png,Zaskoczenie
archive (3)/Train/fear/image0036873.jpg,Strach
archive (3)/Test/sad/image0021067.jpg,Smutek
archive (3)/Test/Anger/image0012853.jpg,Złość
archive (3)/Train/sad/image0021555.jpg,Smutek
archive (3)/Train/anger/image0028549.jpg,Złość
archive (3)/Train/surprise/image0024679.jpg,Zaskoczenie
archive (3)/Train/fear/image0038443.jpg,Strach
archive (3)/Test/surprise/ffhq_462.png,Zaskoczenie
archive (3)/Train/anger/image0022942.jpg,Złość
archive (3)/Train/surprise/image0031218.jpg,Zaskoczenie
archive (3)/Test/surprise/image0022520.jpg,Zaskoczenie
archive (3)/Train/surprise/image0026005.jpg,Zaskoczenie
archive (3)/Train/happy/ffhq_3219.png,Szczęście
archive (3)/Train/anger/image0029635.jpg,Złość
archive (3)/Test/happy/ffhq_1912.png,Szczęście
archive (3)/Train/anger/image0022116.jpg,Złość
archive (3)/Train/anger/image0028822.jpg,Złość
archive (3)/Train/surprise/image0032007.jpg,Zaskoczenie
archive (3)/Test/happy/ffhq_2590.png,Szczęście
archive (3)/Train/surprise/image0025759.jpg,Zaskoczenie
archive (3)/Test/happy/ffhq_993.png,Szczęście
archive (3)/Test/Anger/image0006322.jpg,Złość
archive (3)/Train/fear/image0036831.jpg,Strach
archive (3)/Test/Anger/image0020233.jpg,Złość
archive (3)/Test/sad/image0003825.jpg,Smutek
archive (3)/Test/Anger/image0014136.jpg,Złość
archive (3)/Test/fear/image0033785.jpg,Strach
archive (3)/Test/sad/image0020570.jpg,Smutek
archive (3)/Test/happy/ffhq_1641.png,Szczęście
archive (3)/Test/sad/image0015981.jpg,Smutek
archive (3)/Test/happy/ffhq_33.png,Szczęście
archive (3)/Train/fear/image0037637.jpg,Strach
archive (3)/Train/fear/image0039367.jpg,Strach
archive (3)/Train/happy/ffhq_4087.png,Szczęście
archive (3)/Train/happy/ffhq_3721.png,Szczęście
archive (3)/Test/happy/ffhq_1588.png,Szczęście
archive (3)/Test/sad/image0020911.jpg,Smutek
archive (3)/Test/happy/ffhq_2524.png,Szczęście
archive (3)/Train/anger/image0026975.jpg,Złość
archive (3)/Train/sad/image0029922.jpg,Smutek
archive (3)/Train/sad/image0014797.jpg,Smutek
archive (3)/Test/fear/image0029142.jpg,Strach
archive (3)/Train/surprise/image0032690.jpg,Zaskoczenie
archive (3)/Test/surprise/image0022442.jpg,Zaskoczenie
archive (3)/Train/happy/ffhq_2916.png,Szczęście
archive (3)/Train/happy/ffhq_3159.png,Szczęście
archive (3)/Train/sad/image0004794.jpg,Smutek
archive (3)/Train/happy/ffhq_2908.png,Szczęście
archive (3)/Test/Anger/image0012456.jpg,Złość
archive (3)/Test/Anger/image0017642.jpg,Złość
archive (3)/Train/sad/image0021513.jpg,Smutek
archive (3)/Train/happy/ffhq_3146.png,Szczęście
archive (3)/Test/sad/image0017624.jpg,Smutek
archive (3)/Train/sad/image0025511.jpg,Smutek
archive (3)/Test/happy/ffhq_1805.png,Szczęście
archive (3)/Train/surprise/image0032242.jpg,Zaskoczenie
archive (3)/Test/surprise/image0017447.jpg,Zaskoczenie
archive (3)/Train/sad/image0003297.jpg,Smutek
archive (3)/Train/happy/ffhq_4587.png,Szczęście
archive (3)/Test/sad/image0004897.jpg,Smutek
archive (3)/Train/surprise/image0030461.jpg,Zaskoczenie
archive (3)/Train/happy/ffhq_3799.png,Szczęście
archive (3)/Train/anger/image0026728.jpg,Złość
archive (3)/Train/happy/ffhq_3378.png,Szczęście
archive (3)/Train/fear/image0040522.jpg,Strach
archive (3)/Train/sad/image0002148.jpg,Smutek
archive (3)/Test/fear/image0025555.jpg,Strach
archive (3)/Train/happy/ffhq_4952.png,Szczęście
archive (3)/Test/happy/ffhq_1190.png,Szczęście
archive (3)/Train/fear/image0035907.jpg,Strach
archive (3)/Train/sad/image0021540.jpg,Smutek
archive (3)/Test/fear/image0032133.jpg,Strach
archive (3)/Train/anger/image0026830.jpg,Złość
archive (3)/Train/anger/image0024674.jpg,Złość
archive (3)/Train/happy/image0032797.jpg,Szczęście
archive (3)/Test/happy/ffhq_1209.png,Szczęście
archive (3)/Train/surprise/image0028618.jpg,Zaskoczenie
archive (3)/Test/Anger/image0019637.jpg,Złość
archive (3)/Train/happy/ffhq_4711.png,Szczęście
archive (3)/Train/happy/image0028871.jpg,Szczęście
archive (3)/Test/sad/image0015124.jpg,Smutek
archive (3)/Test/sad/image0021055.jpg,Smutek
archive (3)/Train/anger/image0026881.jpg,Złość
archive (3)/Test/Anger/image0019308.jpg,Złość
archive (3)/Test/fear/image0026923.jpg,Strach
archive (3)/Train/sad/image0001501.jpg,Smutek
archive (3)/Train/sad/image0019555.jpg,Smutek
archive (3)/Test/Anger/image0014009.jpg,Złość
archive (3)/Test/Anger/image0005680.jpg,Złość
archive (3)/Test/Anger/image0005962.jpg,Złość
archive (3)/Train/anger/image0030309.jpg,Złość
archive (3)/Test/fear/image0029715.jpg,Strach
archive (3)/Test/Anger/image0013385.jpg,Złość
archive (3)/Test/happy/ffhq_1506.png,Szczęście
archive (3)/Train/happy/ffhq_3120.png,Szczęście
archive (3)/Train/happy/ffhq_3883.png,Szczęście
archive (3)/Test/Anger/image0012484.jpg,Złość
archive (3)/Test/surprise/ffhq_197.png,Zaskoczenie
archive (3)/Train/sad/image0019821.jpg,Smutek
archive (3)/Test/surprise/ffhq_420.png,Zaskoczenie
archive (3)/Test/happy/ffhq_1226.png,Szczęście
archive (3)/Test/sad/image0009095.jpg,Smutek
archive (3)/Train/surprise/image0034706.jpg,Zaskoczenie
archive (3)/Test/Anger/image0021053.jpg,Złość
archive (3)/Test/happy/ffhq_988.png,Szczęście
archive (3)/Test/Anger/image0018274.jpg,Złość
archive (3)/Test/happy/ffhq_1358.png,Szczęście
archive (3)/Train/sad/image0028318.jpg,Smutek
archive (3)/Test/Anger/image0021520.jpg,Złość
archive (3)/Test/happy/ffhq_2042.png,Szczęście
archive (3)/Train/surprise/image0032033.jpg,Zaskoczenie
archive (3)/Train/happy/ffhq_4061.png,Szczęście
archive (3)/Train/surprise/image0024715.jpg,Zaskoczenie
archive (3)/Test/fear/image0032563.jpg,Strach
archive (3)/Test/surprise/ffhq_101.png,Zaskoczenie
archive (3)/Test/sad/image0002450.jpg,Smutek
archive (3)/Test/fear/image0002406.jpg,Strach
archive (3)/Test/fear/image0021218.jpg,Strach
archive (3)/Test/Anger/image0005385.jpg,Złość
archive (3)/Train/sad/image0010411.jpg,Smutek
archive (3)/Test/happy/ffhq_2556.png,Szczęście
archive (3)/Test/surprise/ffhq_498.png,Zaskoczenie
archive (3)/Train/sad/image0019632.jpg,Smutek
archive (3)/Test/surprise/image0017372.jpg,Zaskoczenie
archive (3)/Train/happy/ffhq_4959.png,Szczęście
archive (3)/Train/fear/image0037331.jpg,Strach
archive (3)/Test/Anger/image0017752.jpg,Złość
archive (3)/Test/surprise/image0020558.jpg,Zaskoczenie
archive (3)/Test/Anger/image0005041.jpg,Złość
archive (3)/Test/happy/ffhq_181.png,Szczęście
archive (3)/Test/fear/image0034621.jpg,Strach
archive (3)/Test/sad/image0001842.jpg,Smutek
archive (3)/Train/happy/ffhq_4795.png,Szczęście
archive (3)/Train/happy/ffhq_3876.png,Szczęście
archive (3)/Train/anger/image0022815.jpg,Złość
archive (3)/Train/sad/image0027967.jpg,Smutek
archive (3)/Test/surprise/image0022908.jpg,Zaskoczenie
archive (3)/Test/happy/ffhq_999.png,Szczęście
archive (3)/Train/sad/image0023977.jpg,Smutek
archive (3)/Test/sad/image0021081.jpg,Smutek
archive (3)/Test/happy/ffhq_1877.png,Szczęście
archive (3)/Train/happy/ffhq_2935.png,Szczęście
archive (3)/Train/sad/image0017377.jpg,Smutek
archive (3)/Train/happy/ffhq_3667.png,Szczęście
archive (3)/Train/sad/image0029119.jpg,Smutek
archive (3)/Train/fear/image0037406.jpg,Strach
archive (3)/Train/happy/ffhq_3755.png,Szczęście
archive (3)/Train/sad/image0027654.jpg,Smutek
archive (3)/Test/happy/ffhq_564.png,Szczęście
archive (3)/Test/surprise/image0019610.jpg,Zaskoczenie
archive (3)/Train/sad/image0019233.jpg,Smutek
archive (3)/Train/happy/ffhq_3134.png,Szczęście
archive (3)/Test/fear/image0004567.jpg,Strach
archive (3)/Test/happy/ffhq_2604.png,Szczęście
archive (3)/Test/sad/image0019831.jpg,Smutek
archive (3)/Train/sad/image0029069.jpg,Smutek
archive (3)/Test/happy/ffhq_1299.png,Szczęście
archive (3)/Test/sad/image0010411.jpg,Smutek
archive (3)/Train/fear/image0040482.jpg,Strach
archive (3)/Test/Anger/image0009603.jpg,Złość
archive (3)/Test/happy/ffhq_847.png,Szczęście
archive (3)/Train/fear/image0040663.jpg,Strach
archive (3)/Test/sad/image0018977.jpg,Smutek
archive (3)/Train/anger/image0027314.jpg,Złość
archive (3)/Train/sad/image0025725.jpg,Smutek
archive (3)/Train/happy/ffhq_3398.png,Szczęście
archive (3)/Test/sad/image0002536.jpg,Smutek
archive (3)/Test/happy/ffhq_1087.png,Szczęście
archive (3)/Train/fear/image0035863.jpg,Strach
archive (3)/Train/happy/ffhq_2731.png,Szczęście
archive (3)/Test/Anger/image0016288.jpg,Złość
archive (3)/Test/happy/ffhq_281.png,Szczęście
archive (3)/Train/happy/ffhq_2802.png,Szczęście
archive (3)/Train/sad/image0024844.jpg,Smutek
archive (3)/Train/happy/ffhq_3858.png,Szczęście
archive (3)/Train/surprise/image0025466.jpg,Zaskoczenie
archive (3)/Test/fear/image0022074.jpg,Strach
archive (3)/Train/surprise/image0032006.jpg,Zaskoczenie
archive (3)/Test/happy/ffhq_2195.png,Szczęście
archive (3)/Test/sad/image0005705.jpg,Smutek
archive (3)/Train/happy/ffhq_4832.png,Szczęście
archive (3)/Test/fear/image0018558.jpg,Strach
archive (3)/Train/happy/ffhq_4619.png,Szczęście
archive (3)/Test/happy/ffhq_1769.png,Szczęście
archive (3)/Train/fear/image0036459.jpg,Strach
archive (3)/Test/sad/image0010890.jpg,Smutek
archive (3)/Test/surprise/ffhq_110.png,Zaskoczenie
archive (3)/Train/anger/image0023438.jpg,Złość
archive (3)/Train/sad/image0028873.jpg,Smutek
archive (3)/Train/fear/image0037529.jpg,Strach
archive (3)/Train/happy/ffhq_4343.png,Szczęście
archive (3)/Train/surprise/image0031317.jpg,Zaskoczenie
archive (3)/Train/fear/image0040889.jpg,Strach
archive (3)/Train/sad/image0018630.jpg,Smutek
archive (3)/Test/surprise/image0007984.jpg,Zaskoczenie
archive (3)/Test/sad/image0012632.jpg,Smutek
archive (3)/Test/surprise/ffhq_328.png,Zaskoczenie
archive (3)/Train/sad/image0019680.jpg,Smutek
archive (3)/Test/happy/ffhq_122.png,Szczęście
archive (3)/Test/Anger/image0020066.jpg,Złość
archive (3)/Test/Anger/image0018902.jpg,Złość
archive (3)/Train/anger/image0022023.jpg,Złość
archive (3)/Test/happy/ffhq_1824.png,Szczęście
archive (3)/Train/sad/image0024388.jpg,Smutek
archive (3)/Train/anger/image0030298.jpg,Złość
archive (3)/Train/happy/ffhq_3589.png,Szczęście
archive (3)/Train/happy/ffhq_2779.png,Szczęście
archive (3)/Train/anger/image0030158.jpg,Złość
archive (3)/Test/happy/ffhq_1737.png,Szczęście
archive (3)/Test/happy/ffhq_2362.png,Szczęście
archive (3)/Test/Anger/image0007312.jpg,Złość
archive (3)/Test/Anger/image0017481.jpg,Złość
archive (3)/Train/happy/ffhq_4972.png,Szczęście
archive (3)/Train/anger/image0029810.jpg,Złość
archive (3)/Test/Anger/image0011757.jpg,Złość
archive (3)/Train/fear/image0040434.jpg,Strach
archive (3)/Train/happy/ffhq_4154.png,Szczęście
archive (3)/Train/surprise/image0030138.jpg,Zaskoczenie
archive (3)/Train/happy/ffhq_2833.png,Szczęście
archive (3)/Test/happy/ffhq_1315.png,Szczęście
archive (3)/Train/sad/image0009428.jpg,Smutek
archive (3)/Test/fear/image0031267.jpg,Strach
archive (3)/Train/anger/image0029726.jpg,Złość
archive (3)/Test/happy/ffhq_804.png,Szczęście
archive (3)/Test/happy/ffhq_1707.png,Szczęście
archive (3)/Train/surprise/image0027749.jpg,Zaskoczenie
archive (3)/Test/surprise/ffhq_10.png,Zaskoczenie
archive (3)/Test/surprise/image0007970.jpg,Zaskoczenie
archive (3)/Train/anger/image0027783.jpg,Złość
archive (3)/Train/sad/image0010407.jpg,Smutek
archive (3)/Train/fear/image0038487.jpg,Strach
archive (3)/Test/happy/ffhq_347.png,Szczęście
archive (3)/Test/sad/image0012446.jpg,Smutek
archive (3)/Test/sad/image0017579.jpg,Smutek
archive (3)/Train/sad/image0024637.jpg,Smutek
archive (3)/Test/sad/image0018181.jpg,Smutek
archive (3)/Test/sad/image0019111.jpg,Smutek
archive (3)/Train/happy/ffhq_3880.png,Szczęście
archive (3)/Test/fear/image0016117.jpg,Strach
archive (3)/Test/fear/image0016933.jpg,Strach
archive (3)/Train/surprise/image0033004.jpg,Zaskoczenie
archive (3)/Train/anger/image0030338.jpg,Złość
archive (3)/Train/surprise/image0032930.jpg,Zaskoczenie
archive (3)/Test/surprise/image0004293.jpg,Zaskoczenie
archive (3)/Train/anger/image0023821.jpg,Złość
archive (3)/Train/anger/image0022313.jpg,Złość
archive (3)/Test/surprise/image0020898.jpg,Zaskoczenie
archive (3)/Test/sad/image0013276.jpg,Smutek
archive (3)/Train/surprise/image0029389.jpg,Zaskoczenie
archive (3)/Train/happy/ffhq_4080.png,Szczęście
archive (3)/Train/surprise/image0033424.jpg,Zaskoczenie
archive (3)/Train/happy/ffhq_4214.png,Szczęście
archive (3)/Test/sad/image0015335.jpg,Smutek
archive (3)/Train/surprise/image0030214.jpg,Zaskoczenie
archive (3)/Train/sad/image0029114.jpg,Smutek
archive (3)/Train/happy/ffhq_4047.png,Szczęście
archive (3)/Train/sad/image0009335.jpg,Smutek
archive (3)/Test/fear/image0035410.jpg,Strach
archive (3)/Train/fear/image0036938.jpg,Strach
archive (3)/Test/Anger/image0013356.jpg,Złość
archive (3)/Test/happy/ffhq_18.png,Szczęście
archive (3)/Test/Anger/image0008244.jpg,Złość
archive (3)/Train/fear/image0038942.jpg,Strach
archive (3)/Test/surprise/image0020692.jpg,Zaskoczenie
archive (3)/Test/happy/ffhq_364.png,Szczęście
archive (3)/Test/happy/ffhq_664.png,Szczęście
archive (3)/Train/fear/image0039542.jpg,Strach
archive (3)/Test/surprise/image0016632.jpg,Zaskoczenie
archive (3)/Test/sad/image0018349.jpg,Smutek
archive (3)/Test/surprise/ffhq_357.png,Zaskoczenie
archive (3)/Train/fear/image0037308.jpg,Strach
archive (3)/Train/sad/image0020932.jpg,Smutek
archive (3)/Test/surprise/ffhq_504.png,Zaskoczenie
archive (3)/Test/sad/image0005610.jpg,Smutek
archive (3)/Train/fear/image0039350.jpg,Strach
archive (3)/Train/sad/image0026744.jpg,Smutek
archive (3)/Train/surprise/image0033591.jpg,Zaskoczenie
archive (3)/Train/sad/image0027937.jpg,Smutek
archive (3)/Train/sad/image0028006.jpg,Smutek
archive (3)/Train/happy/ffhq_3230.png,Szczęście
archive (3)/Test/happy/ffhq_757.png,Szczęście
archive (3)/Train/fear/image0040571.jpg,Strach
archive (3)/Test/happy/ffhq_410.png,Szczęście
archive (3)/Train/surprise/image0032825.jpg,Zaskoczenie
archive (3)/Test/sad/image0016111.jpg,Smutek
archive (3)/Train/sad/image0023538.jpg,Smutek
archive (3)/Test/happy/ffhq_647.png,Szczęście
archive (3)/Train/sad/image0004093.jpg,Smutek
archive (3)/Train/anger/image0026832.jpg,Złość
archive (3)/Train/happy/ffhq_3757.png,Szczęście
archive (3)/Test/happy/ffhq_1243.png,Szczęście
archive (3)/Train/fear/image0036823.jpg,Strach
archive (3)/Train/surprise/image0034659.jpg,Zaskoczenie
archive (3)/Train/surprise/image0031285.jpg,Zaskoczenie
archive (3)/Train/sad/image0030239.jpg,Smutek
archive (3)/Train/surprise/image0034392.jpg,Zaskoczenie
archive (3)/Test/Anger/image0002636.jpg,Złość
archive (3)/Train/surprise/image0033625.jpg,Zaskoczenie
archive (3)/Train/happy/ffhq_3509.png,Szczęście
archive (3)/Train/surprise/image0026508.jpg,Zaskoczenie
archive (3)/Train/surprise/image0026279.jpg,Zaskoczenie
archive (3)/Test/sad/image0020564.jpg,Smutek
archive (3)/Train/happy/ffhq_3746.png,Szczęście
archive (3)/Test/happy/ffhq_1467.png,Szczęście
archive (3)/Test/Anger/image0002507.jpg,Złość
archive (3)/Train/surprise/image0032123.jpg,Zaskoczenie
archive (3)/Train/sad/image0022905.jpg,Smutek
archive (3)/Test/fear/image0002575.jpg,Strach
archive (3)/Train/sad/image0015335.jpg,Smutek
archive (3)/Train/happy/ffhq_2903.png,Szczęście
archive (3)/Train/anger/image0029930.jpg,Złość
archive (3)/Test/happy/ffhq_874.png,Szczęście
archive (3)/Train/fear/image0036850.jpg,Strach
archive (3)/Train/surprise/image0031817.jpg,Zaskoczenie
archive (3)/Train/happy/ffhq_4820.png,Szczęście
archive (3)/Test/fear/image0035256.jpg,Strach
archive (3)/Train/sad/image0029961.jpg,Smutek
archive (3)/Train/surprise/image0027363.jpg,Zaskoczenie
archive (3)/Train/sad/image0025614.jpg,Smutek
archive (3)/Train/surprise/image0033589.jpg,Zaskoczenie
archive (3)/Test/happy/ffhq_1296.png,Szczęście
archive (3)/Test/surprise/image0002021.jpg,Zaskoczenie
archive (3)/Test/sad/image0012104.jpg,Smutek
archive (3)/Test/Anger/image0000722.jpg,Złość
archive (3)/Train/happy/ffhq_4701.png,Szczęście
archive (3)/Test/happy/ffhq_2420.png,Szczęście
archive (3)/Train/sad/image0004426.jpg,Smutek
archive (3)/Train/surprise/image0029486.jpg,Zaskoczenie
archive (3)/Train/sad/image0027849.jpg,Smutek
archive (3)/Test/fear/image0025876.jpg,Strach
archive (3)/Train/surprise/image0034458.jpg,Zaskoczenie
archive (3)/Train/anger/image0030706.jpg,Złość
archive (3)/Train/surprise/image0032124.jpg,Zaskoczenie
archive (3)/Train/anger/image0027013.jpg,Złość
archive (3)/Test/happy/ffhq_438.png,Szczęście
archive (3)/Train/sad/image0022745.jpg,Smutek
archive (3)/Train/sad/image0017687.jpg,Smutek
archive (3)/Train/sad/image0022005.jpg,Smutek
archive (3)/Test/fear/image0012363.jpg,Strach
archive (3)/Train/sad/image0008190.jpg,Smutek
archive (3)/Train/fear/image0037650.jpg,Strach
archive (3)/Train/anger/image0029880.jpg,Złość
archive (3)/Test/happy/ffhq_1823.png,Szczęście
archive (3)/Test/happy/ffhq_195.png,Szczęście
archive (3)/Train/sad/image0020285.jpg,Smutek
archive (3)/Test/Anger/image0008045.jpg,Złość
archive (3)/Train/happy/ffhq_4642.png,Szczęście
archive (3)/Train/surprise/image0032826.jpg,Zaskoczenie
archive (3)/Train/sad/image0014347.jpg,Smutek
archive (3)/Test/fear/image0012854.jpg,Strach
archive (3)/Test/happy/ffhq_82.png,Szczęście
archive (3)/Train/surprise/image0034619.jpg,Zaskoczenie
archive (3)/Train/happy/ffhq_3632.png,Szczęście
archive (3)/Train/surprise/image0033099.jpg,Zaskoczenie
archive (3)/Train/sad/image0024137.jpg,Smutek
archive (3)/Test/surprise/image0000700.jpg,Zaskoczenie
archive (3)/Train/sad/image0023135.jpg,Smutek
archive (3)/Test/surprise/image0016271.jpg,Zaskoczenie
archive (3)/Test/happy/ffhq_1164.png,Szczęście
archive (3)/Train/sad/image0005909.jpg,Smutek
archive (3)/Test/surprise/image0019485.jpg,Zaskoczenie
archive (3)/Train/sad/image0018349.jpg,Smutek
archive (3)/Test/fear/image0033562.jpg,Strach
archive (3)/Train/sad/image0023558.jpg,Smutek
archive (3)/Train/sad/image0030185.jpg,Smutek
archive (3)/Train/sad/image0020317.jpg,Smutek
archive (3)/Train/surprise/image0033631.jpg,Zaskoczenie
archive (3)/Train/fear/image0036123.jpg,Strach
archive (3)/Train/fear/image0040104.jpg,Strach
archive (3)/Train/happy/ffhq_2860.png,Szczęście
archive (3)/Test/fear/image0006150.jpg,Strach
archive (3)/Train/happy/ffhq_4678.png,Szczęście
archive (3)/Train/surprise/image0032732.jpg,Zaskoczenie
archive (3)/Test/happy/ffhq_1617.png,Szczęście
archive (3)/Test/surprise/image0001996.jpg,Zaskoczenie
archive (3)/Test/Anger/image0010585.jpg,Złość
archive (3)/Test/happy/ffhq_967.png,Szczęście
archive (3)/Test/Anger/image0021040.jpg,Złość
archive (3)/Test/Anger/image0012101.jpg,Złość
archive (3)/Test/sad/image0019851.jpg,Smutek
archive (3)/Test/sad/image0012094.jpg,Smutek
archive (3)/Train/surprise/image0032443.jpg,Zaskoczenie
archive (3)/Train/surprise/image0031038.jpg,Zaskoczenie
archive (3)/Train/fear/image0036452.jpg,Strach
archive (3)/Test/fear/image0033924.jpg,Strach
archive (3)/Train/sad/image0029526.jpg,Smutek
archive (3)/Test/happy/ffhq_1131.png,Szczęście
archive (3)/Train/anger/image0026913.jpg,Złość
archive (3)/Test/happy/ffhq_2391.png,Szczęście
archive (3)/Train/sad/image0026731.jpg,Smutek
archive (3)/Train/surprise/image0033149.jpg,Zaskoczenie
archive (3)/Test/Anger/image0019309.jpg,Złość
archive (3)/Test/Anger/image0004004.jpg,Złość
archive (3)/Test/surprise/image0008213.jpg,Zaskoczenie
archive (3)/Test/surprise/ffhq_550.png,Zaskoczenie
archive (3)/Test/happy/ffhq_2328.png,Szczęście
archive (3)/Test/fear/image0000473.jpg,Strach
archive (3)/Train/sad/image0025367.jpg,Smutek
archive (3)/Test/Anger/image0017895.jpg,Złość
archive (3)/Test/happy/ffhq_2593.png,Szczęście
archive (3)/Train/fear/image0037929.jpg,Strach
archive (3)/Train/sad/image0018153.jpg,Smutek
archive (3)/Train/fear/image0037176.jpg,Strach
archive (3)/Test/sad/image0001574.jpg,Smutek
archive (3)/Test/fear/image0035539.jpg,Strach
archive (3)/Test/fear/image0034073.jpg,Strach
archive (3)/Train/anger/image0024444.jpg,Złość
archive (3)/Test/sad/image0011170.jpg,Smutek
archive (3)/Train/surprise/image0033053.jpg,Zaskoczenie
archive (3)/Train/happy/ffhq_3559.png,Szczęście
archive (3)/Test/happy/ffhq_1236.png,Szczęście
archive (3)/Test/fear/image0034068.jpg,Strach
archive (3)/Test/happy/ffhq_2508.png,Szczęście
archive (3)/Train/happy/ffhq_3992.png,Szczęście
archive (3)/Test/Anger/image0001555.jpg,Złość
archive (3)/Train/happy/ffhq_4981.png,Szczęście
archive (3)/Test/fear/image0035532.jpg,Strach
archive (3)/Train/surprise/image0029613.jpg,Zaskoczenie
archive (3)/Train/sad/image0015328.jpg,Smutek
archive (3)/Test/sad/image0005588.jpg,Smutek
archive (3)/Test/Anger/image0020112.jpg,Złość
archive (3)/Test/fear/image0029980.jpg,Strach
archive (3)/Test/Anger/image0008538.jpg,Złość
archive (3)/Train/sad/image0002974.jpg,Smutek
archive (3)/Test/happy/ffhq_2000.png,Szczęście
archive (3)/Test/fear/image0018165.jpg,Strach
archive (3)/Test/happy/ffhq_2695.png,Szczęście
archive (3)/Test/fear/image0018347.jpg,Strach
archive (3)/Test/surprise/image0007296.jpg,Zaskoczenie
archive (3)/Train/fear/image0040902.jpg,Strach
archive (3)/Train/fear/image0039156.jpg,Strach
archive (3)/Test/Anger/image0014455.jpg,Złość
archive (3)/Test/Anger/image0009130.jpg,Złość
archive (3)/Test/surprise/image0020589.jpg,Zaskoczenie
archive (3)/Test/Anger/image0002539.jpg,Złość
archive (3)/Test/Anger/image0016157.jpg,Złość
archive (3)/Train/surprise/image0031341.jpg,Zaskoczenie
archive (3)/Train/anger/image0028184.jpg,Złość
archive (3)/Train/sad/image0018322.jpg,Smutek
archive (3)/Train/happy/ffhq_4522.png,Szczęście
archive (3)/Train/happy/ffhq_2789.png,Szczęście
archive (3)/Train/surprise/image0027993.jpg,Zaskoczenie
archive (3)/Train/surprise/image0027467.jpg,Zaskoczenie
archive (3)/Train/sad/image0007591.jpg,Smutek
archive (3)/Test/happy/ffhq_2244.png,Szczęście
archive (3)/Train/surprise/image0034149.jpg,Zaskoczenie
archive (3)/Test/sad/image0012459.jpg,Smutek
archive (3)/Train/fear/image0039979.jpg,Strach
archive (3)/Train/surprise/image0033992.jpg,Zaskoczenie
archive (3)/Train/sad/image0027526.jpg,Smutek
archive (3)/Train/happy/ffhq_4547.png,Szczęście
archive (3)/Test/surprise/image0023058.jpg,Zaskoczenie
archive (3)/Train/sad/image0028193.jpg,Smutek
archive (3)/Test/sad/image0018322.jpg,Smutek
archive (3)/Test/sad/image0002226.jpg,Smutek
archive (3)/Train/fear/image0040189.jpg,Strach
archive (3)/Train/sad/image0023592.jpg,Smutek
archive (3)/Test/fear/image0033126.jpg,Strach
archive (3)/Train/surprise/image0029487.jpg,Zaskoczenie
archive (3)/Test/surprise/image0023888.jpg,Zaskoczenie
archive (3)/Train/fear/image0035688.jpg,Strach
archive (3)/Train/sad/image0029962.jpg,Smutek
archive (3)/Train/fear/image0039817.jpg,Strach
archive (3)/Test/happy/ffhq_2472.png,Szczęście
archive (3)/Test/happy/ffhq_392.png,Szczęście
archive (3)/Test/happy/ffhq_2637.png,Szczęście
archive (3)/Train/fear/image0036749.jpg,Strach
archive (3)/Test/sad/image0017995.jpg,Smutek
archive (3)/Test/happy/ffhq_490.png,Szczęście
archive (3)/Test/surprise/image0023710.jpg,Zaskoczenie
archive (3)/Train/fear/image0036875.jpg,Strach
archive (3)/Train/happy/ffhq_4787.png,Szczęście
archive (3)/Test/sad/image0017378.jpg,Smutek
archive (3)/Test/sad/image0019906.jpg,Smutek
archive (3)/Train/anger/image0026887.jpg,Złość
archive (3)/Train/happy/ffhq_4117.png,Szczęście
archive (3)/Test/Anger/image0000602.jpg,Złość
archive (3)/Test/fear/image0013493.jpg,Strach
archive (3)/Train/happy/ffhq_3057.png,Szczęście
archive (3)/Train/anger/image0030745.jpg,Złość
archive (3)/Test/sad/image0012523.jpg,Smutek
archive (3)/Test/happy/ffhq_1341.png,Szczęście
archive (3)/Test/fear/image0031343.jpg,Strach
archive (3)/Test/surprise/image0014031.jpg,Zaskoczenie
archive (3)/Train/happy/ffhq_4479.png,Szczęście
archive (3)/Test/fear/image0030987.jpg,Strach
archive (3)/Test/fear/image0003350.jpg,Strach
archive (3)/Test/fear/image0032181.jpg,Strach
archive (3)/Train/surprise/image0025229.jpg,Zaskoczenie
archive (3)/Train/happy/ffhq_4383.png,Szczęście
archive (3)/Test/Anger/image0012107.jpg,Złość
archive (3)/Train/happy/ffhq_3348.png,Szczęście
archive (3)/Test/sad/image0007545.jpg,Smutek
archive (3)/Train/happy/ffhq_4344.png,Szczęście
archive (3)/Test/sad/image0000073.jpg,Smutek
archive (3)/Train/happy/ffhq_4717.png,Szczęście
archive (3)/Test/fear/image0027099.jpg,Strach
archive (3)/Train/sad/image0021332.jpg,Smutek
archive (3)/Test/happy/ffhq_728.png,Szczęście
archive (3)/Train/anger/image0023479.jpg,Złość
archive (3)/Test/surprise/image0001477.jpg,Zaskoczenie
archive (3)/Train/surprise/image0027825.jpg,Zaskoczenie
archive (3)/Train/happy/ffhq_4474.png,Szczęście
archive (3)/Test/surprise/image0020885.jpg,Zaskoczenie
archive (3)/Test/happy/ffhq_1890.png,Szczęście
archive (3)/Train/sad/image0028351.jpg,Smutek
archive (3)/Train/sad/image0027392.jpg,Smutek
archive (3)/Train/anger/image0024240.jpg,Złość
archive (3)/Train/sad/image0026793.jpg,Smutek
archive (3)/Test/happy/ffhq_1666.png,Szczęście
archive (3)/Test/fear/image0034091.jpg,Strach
archive (3)/Train/sad/image0013465.jpg,Smutek
archive (3)/Test/happy/ffhq_1192.png,Szczęście
archive (3)/Test/happy/ffhq_1077.png,Szczęście
archive (3)/Test/happy/ffhq_516.png,Szczęście
archive (3)/Test/fear/image0000915.jpg,Strach
archive (3)/Train/happy/ffhq_3728.png,Szczęście
archive (3)/Test/sad/image0021095.jpg,Smutek
archive (3)/Train/anger/image0030543.jpg,Złość
archive (3)/Test/sad/image0011050.jpg,Smutek
archive (3)/Train/fear/image0039454.jpg,Strach
archive (3)/Test/sad/image0019360.jpg,Smutek
archive (3)/Test/sad/image0018700.jpg,Smutek
archive (3)/Test/Anger/image0018827.jpg,Złość
archive (3)/Train/anger/image0025884.jpg,Złość
archive (3)/Test/Anger/image0013078.jpg,Złość
archive (3)/Test/Anger/image0021598.jpg,Złość
archive (3)/Train/sad/image0027112.jpg,Smutek
archive (3)/Train/fear/image0036330.jpg,Strach
archive (3)/Train/happy/image0032381.jpg,Szczęście
archive (3)/Test/fear/image0031910.jpg,Strach
archive (3)/Test/surprise/image0021728.jpg,Zaskoczenie
archive (3)/Train/sad/image0018821.jpg,Smutek
archive (3)/Test/fear/image0031886.jpg,Strach
archive (3)/Test/happy/ffhq_1305.png,Szczęście
archive (3)/Train/anger/image0026773.jpg,Złość
archive (3)/Test/happy/ffhq_1863.png,Szczęście
archive (3)/Train/sad/image0016471.jpg,Smutek
archive (3)/Test/Anger/image0012663.jpg,Złość
archive (3)/Test/happy/ffhq_727.png,Szczęście
archive (3)/Test/surprise/image0015779.jpg,Zaskoczenie
archive (3)/Train/fear/image0035785.jpg,Strach
archive (3)/Train/surprise/image0026426.jpg,Zaskoczenie
archive (3)/Train/happy/ffhq_3554.png,Szczęście
archive (3)/Train/fear/image0039087.jpg,Strach
archive (3)/Train/sad/image0023623.jpg,Smutek
archive (3)/Train/sad/image0022126.jpg,Smutek
archive (3)/Test/surprise/image0018121.jpg,Zaskoczenie
archive (3)/Test/sad/image0005018.jpg,Smutek
archive (3)/Test/sad/image0006511.jpg,Smutek
archive (3)/Test/happy/ffhq_1477.png,Szczęście
archive (3)/Train/surprise/image0028439.jpg,Zaskoczenie
archive (3)/Test/fear/image0025531.jpg,Strach
archive (3)/Test/sad/image0019366.jpg,Smutek
archive (3)/Train/surprise/image0034617.jpg,Zaskoczenie
archive (3)/Train/anger/image0024316.jpg,Złość
archive (3)/Train/fear/image0039902.jpg,Strach
archive (3)/Train/happy/ffhq_3488.png,Szczęście
archive (3)/Train/sad/image0012446.jpg,Smutek
archive (3)/Train/happy/ffhq_4396.png,Szczęście
archive (3)/Train/surprise/image0031361.jpg,Zaskoczenie
archive (3)/Test/surprise/image0022413.jpg,Zaskoczenie
archive (3)/Test/sad/image0021141.jpg,Smutek
archive (3)/Train/surprise/image0031551.jpg,Zaskoczenie
archive (3)/Train/sad/image0030359.jpg,Smutek
archive (3)/Test/happy/ffhq_2365.png,Szczęście
archive (3)/Test/sad/image0017758.jpg,Smutek
archive (3)/Test/surprise/image0020722.jpg,Zaskoczenie
archive (3)/Test/fear/image0028113.jpg,Strach
archive (3)/Train/surprise/image0032816.jpg,Zaskoczenie
archive (3)/Test/Anger/image0004864.jpg,Złość
archive (3)/Train/surprise/image0031186.jpg,Zaskoczenie
archive (3)/Train/anger/image0029255.jpg,Złość
archive (3)/Train/sad/image0023519.jpg,Smutek
archive (3)/Train/anger/image0023755.jpg,Złość
archive (3)/Train/sad/image0029377.jpg,Smutek
archive (3)/Train/sad/image0007279.jpg,Smutek
archive (3)/Train/anger/image0027517.jpg,Złość
archive (3)/Train/happy/ffhq_3995.png,Szczęście
archive (3)/Train/sad/image0024743.jpg,Smutek
archive (3)/Train/sad/image0020683.jpg,Smutek
archive (3)/Train/surprise/image0033870.jpg,Zaskoczenie
archive (3)/Train/fear/image0039697.jpg,Strach
archive (3)/Test/fear/image0024604.jpg,Strach
archive (3)/Train/happy/ffhq_3564.png,Szczęście
archive (3)/Train/fear/image0036466.jpg,Strach
archive (3)/Test/Anger/image0006927.jpg,Złość
archive (3)/Train/anger/image0028399.jpg,Złość
archive (3)/Test/surprise/ffhq_50.png,Zaskoczenie
archive (3)/Test/fear/image0022902.jpg,Strach
archive (3)/Test/happy/ffhq_2504.png,Szczęście
archive (3)/Test/happy/ffhq_1496.png,Szczęście
archive (3)/Test/Anger/image0013514.jpg,Złość
archive (3)/Train/fear/image0037047.jpg,Strach
archive (3)/Train/happy/ffhq_3203.png,Szczęście
archive (3)/Test/fear/image0033757.jpg,Strach
archive (3)/Train/surprise/image0034069.jpg,Zaskoczenie
archive (3)/Train/surprise/image0032049.jpg,Zaskoczenie
archive (3)/Train/sad/image0018422.jpg,Smutek
archive (3)/Train/happy/ffhq_2775.png,Szczęście
archive (3)/Test/happy/ffhq_1635.png,Szczęście
archive (3)/Train/anger/image0024343.jpg,Złość
archive (3)/Train/anger/image0028764.jpg,Złość
archive (3)/Test/Anger/image0003857.jpg,Złość
archive (3)/Train/happy/ffhq_2988.png,Szczęście
archive (3)/Train/happy/ffhq_3875.png,Szczęście
archive (3)/Train/sad/image0029623.jpg,Smutek
archive (3)/Test/happy/ffhq_2152.png,Szczęście
archive (3)/Test/surprise/image0008474.jpg,Zaskoczenie
archive (3)/Train/sad/image0017453.jpg,Smutek
archive (3)/Test/fear/image0034391.jpg,Strach
archive (3)/Train/happy/ffhq_4646.png,Szczęście
archive (3)/Train/surprise/image0024874.jpg,Zaskoczenie
archive (3)/Train/surprise/image0029451.jpg,Zaskoczenie
archive (3)/Train/happy/ffhq_4929.png,Szczęście
archive (3)/Train/happy/ffhq_3953.png,Szczęście
archive (3)/Test/surprise/ffhq_331.png,Zaskoczenie
archive (3)/Test/Anger/image0021269.jpg,Złość
archive (3)/Test/surprise/image0012313.jpg,Zaskoczenie
archive (3)/Train/sad/image0027023.jpg,Smutek
archive (3)/Test/surprise/ffhq_626.png,Zaskoczenie
archive (3)/Test/happy/ffhq_744.png,Szczęście
archive (3)/Test/fear/image0012806.jpg,Strach
archive (3)/Train/sad/image0008641.jpg,Smutek
archive (3)/Test/Anger/image0016984.jpg,Złość
archive (3)/Test/surprise/image0019356.jpg,Zaskoczenie
archive (3)/Train/sad/image0015648.jpg,Smutek
archive (3)/Train/anger/image0027743.jpg,Złość
archive (3)/Train/sad/image0015146.jpg,Smutek
archive (3)/Test/sad/image0008013.jpg,Smutek
archive (3)/Train/sad/image0019293.jpg,Smutek
archive (3)/Train/sad/image0026957.jpg,Smutek
archive (3)/Train/happy/ffhq_3336.png,Szczęście
archive (3)/Test/happy/ffhq_1448.png,Szczęście
archive (3)/Test/happy/ffhq_2206.png,Szczęście
archive (3)/Train/surprise/image0034788.jpg,Zaskoczenie
archive (3)/Train/surprise/image0034616.jpg,Zaskoczenie
archive (3)/Train/sad/image0001002.jpg,Smutek
archive (3)/Train/sad/image0023565.jpg,Smutek
archive (3)/Test/surprise/image0021130.jpg,Zaskoczenie
archive (3)/Test/Anger/image0021670.jpg,Złość
archive (3)/Train/anger/image0030504.jpg,Złość
archive (3)/Test/fear/image0023679.jpg,Strach
archive (3)/Test/happy/ffhq_808.png,Szczęście
archive (3)/Train/anger/image0026261.jpg,Złość
archive (3)/Train/happy/ffhq_3744.png,Szczęście
archive (3)/Test/surprise/ffhq_541.png,Zaskoczenie
archive (3)/Test/fear/image0018383.jpg,Strach
archive (3)/Test/fear/image0001685.jpg,Strach
archive (3)/Train/surprise/image0033400.jpg,Zaskoczenie
archive (3)/Test/fear/image0032835.jpg,Strach
archive (3)/Train/surprise/image0033228.jpg,Zaskoczenie
archive (3)/Train/sad/image0002821.jpg,Smutek
archive (3)/Test/surprise/image0014353.jpg,Zaskoczenie
archive (3)/Train/fear/image0036309.jpg,Strach
archive (3)/Test/Anger/image0018843.jpg,Złość
archive (3)/Test/fear/image0022937.jpg,Strach
archive (3)/Test/happy/ffhq_455.png,Szczęście
archive (3)/Test/surprise/image0008077.jpg,Zaskoczenie
archive (3)/Train/surprise/image0032516.jpg,Zaskoczenie
archive (3)/Train/happy/ffhq_4072.png,Szczęście
archive (3)/Test/sad/image0020470.jpg,Smutek
archive (3)/Test/sad/image0009285.jpg,Smutek
archive (3)/Test/surprise/image0018277.jpg,Zaskoczenie
archive (3)/Test/Anger/image0013481.jpg,Złość
archive (3)/Test/happy/ffhq_1643.png,Szczęście
archive (3)/Train/sad/image0026973.jpg,Smutek
archive (3)/Test/sad/image0018134.jpg,Smutek
archive (3)/Test/happy/ffhq_939.png,Szczęście
archive (3)/Train/anger/image0025755.jpg,Złość
archive (3)/Train/fear/image0039996.jpg,Strach
archive (3)/Train/surprise/image0034180.jpg,Zaskoczenie
archive (3)/Train/anger/image0022009.jpg,Złość
archive (3)/Train/happy/ffhq_4483.png,Szczęście
archive (3)/Test/Anger/image0019402.jpg,Złość
archive (3)/Test/sad/image0015292.jpg,Smutek
archive (3)/Test/fear/image0031247.jpg,Strach
archive (3)/Train/happy/ffhq_4675.png,Szczęście
archive (3)/Train/sad/image0016995.jpg,Smutek
archive (3)/Train/surprise/image0031499.jpg,Zaskoczenie
archive (3)/Test/surprise/image0000859.jpg,Zaskoczenie
archive (3)/Train/happy/ffhq_3135.png,Szczęście
archive (3)/Train/surprise/image0033092.jpg,Zaskoczenie
archive (3)/Test/happy/ffhq_488.png,Szczęście
archive (3)/Test/fear/image0035029.jpg,Strach
archive (3)/Test/happy/ffhq_2341.png,Szczęście
archive (3)/Test/happy/ffhq_1833.png,Szczęście
archive (3)/Train/surprise/image0034022.jpg,Zaskoczenie
archive (3)/Test/happy/ffhq_1834.png,Szczęście
archive (3)/Train/anger/image0026741.jpg,Złość
archive (3)/Test/happy/ffhq_1976.png,Szczęście
archive (3)/Test/surprise/image0022452.jpg,Zaskoczenie
archive (3)/Test/fear/image0018135.jpg,Strach
archive (3)/Test/fear/image0033064.jpg,Strach
archive (3)/Train/surprise/image0026615.jpg,Zaskoczenie
archive (3)/Test/sad/image0001030.jpg,Smutek
archive (3)/Test/fear/image0017932.jpg,Strach
archive (3)/Train/sad/image0011035.jpg,Smutek
archive (3)/Test/happy/ffhq_817.png,Szczęście
archive (3)/Train/fear/image0036198.jpg,Strach
archive (3)/Test/sad/image0014389.jpg,Smutek
archive (3)/Train/happy/ffhq_3380.png,Szczęście
archive (3)/Train/sad/image0024279.jpg,Smutek
archive (3)/Train/happy/ffhq_3341.png,Szczęście
archive (3)/Train/sad/image0025854.jpg,Smutek
archive (3)/Train/sad/image0030175.jpg,Smutek
archive (3)/Train/sad/image0019675.jpg,Smutek
archive (3)/Train/surprise/image0030822.jpg,Zaskoczenie
archive (3)/Train/surprise/image0033643.jpg,Zaskoczenie
archive (3)/Train/fear/image0036597.jpg,Strach
archive (3)/Train/surprise/image0033327.jpg,Zaskoczenie
archive (3)/Train/happy/ffhq_3019.png,Szczęście
archive (3)/Test/Anger/image0018606.jpg,Złość
archive (3)/Test/Anger/image0015556.jpg,Złość
archive (3)/Test/happy/ffhq_197.png,Szczęście
archive (3)/Train/anger/image0027142.jpg,Złość
archive (3)/Train/sad/image0006304.jpg,Smutek
archive (3)/Train/happy/ffhq_4710.png,Szczęście
archive (3)/Train/surprise/image0027712.jpg,Zaskoczenie
archive (3)/Test/sad/image0020285.jpg,Smutek
archive (3)/Test/fear/image0016284.jpg,Strach
archive (3)/Test/sad/image0005989.jpg,Smutek
archive (3)/Train/sad/image0019304.jpg,Smutek
archive (3)/Test/fear/image0012708.jpg,Strach
archive (3)/Train/surprise/image0032183.jpg,Zaskoczenie
archive (3)/Test/fear/image0032169.jpg,Strach
archive (3)/Train/sad/image0025524.jpg,Smutek
archive (3)/Train/happy/ffhq_3579.png,Szczęście
archive (3)/Train/sad/image0017220.jpg,Smutek
archive (3)/Test/sad/image0019152.jpg,Smutek
archive (3)/Train/sad/image0013782.jpg,Smutek
archive (3)/Test/Anger/image0015682.jpg,Złość
archive (3)/Train/sad/image0002606.jpg,Smutek
archive (3)/Train/sad/image0020164.jpg,Smutek
archive (3)/Train/surprise/image0031190.jpg,Zaskoczenie
archive (3)/Test/Anger/image0018807.jpg,Złość
archive (3)/Train/fear/image0036399.jpg,Strach
archive (3)/Test/sad/image0016595.jpg,Smutek
archive (3)/Test/surprise/image0018624.jpg,Zaskoczenie
archive (3)/Test/Anger/image0003013.jpg,Złość
archive (3)/Train/sad/image0028584.jpg,Smutek
archive (3)/Test/Anger/image0004247.jpg,Złość
archive (3)/Test/surprise/ffhq_221.png,Zaskoczenie
archive (3)/Test/happy/ffhq_2123.png,Szczęście
archive (3)/Train/fear/image0038666.jpg,Strach
archive (3)/Train/surprise/image0031026.jpg,Zaskoczenie
archive (3)/Test/fear/image0035359.jpg,Strach
archive (3)/Train/sad/image0029983.jpg,Smutek
archive (3)/Test/Anger/image0007755.jpg,Złość
archive (3)/Train/happy/ffhq_4709.png,Szczęście
archive (3)/Train/happy/ffhq_3013.png,Szczęście
archive (3)/Train/anger/image0027082.jpg,Złość
archive (3)/Train/anger/image0024661.jpg,Złość
archive (3)/Test/happy/ffhq_900.png,Szczęście
archive (3)/Test/surprise/ffhq_298.png,Zaskoczenie
archive (3)/Test/Anger/image0019896.jpg,Złość
archive (3)/Test/sad/image0018037.jpg,Smutek
archive (3)/Train/sad/image0018920.jpg,Smutek
archive (3)/Test/Anger/image0000333.jpg,Złość
archive (3)/Test/happy/ffhq_1188.png,Szczęście
archive (3)/Train/surprise/image0034483.jpg,Zaskoczenie
archive (3)/Test/happy/ffhq_1195.png,Szczęście
archive (3)/Train/sad/image0015811.jpg,Smutek
archive (3)/Test/happy/ffhq_1646.png,Szczęście
archive (3)/Train/happy/ffhq_3313.png,Szczęście
archive (3)/Train/happy/ffhq_3821.png,Szczęście
archive (3)/Train/sad/image0017630.jpg,Smutek
archive (3)/Test/happy/ffhq_1389.png,Szczęście
archive (3)/Train/surprise/image0032860.jpg,Zaskoczenie
archive (3)/Test/Anger/image0016612.jpg,Złość
archive (3)/Train/happy/ffhq_3836.png,Szczęście
archive (3)/Test/surprise/image0022364.jpg,Zaskoczenie
archive (3)/Test/surprise/image0021047.jpg,Zaskoczenie
archive (3)/Train/anger/image0027000.jpg,Złość
archive (3)/Test/fear/image0032849.jpg,Strach
archive (3)/Test/surprise/image0015259.jpg,Zaskoczenie
archive (3)/Train/happy/ffhq_4312.png,Szczęście
archive (3)/Test/happy/ffhq_1616.png,Szczęście
archive (3)/Train/happy/ffhq_3431.png,Szczęście
archive (3)/Train/sad/image0009891.jpg,Smutek
archive (3)/Test/happy/ffhq_110.png,Szczęście
archive (3)/Test/sad/image0010561.jpg,Smutek
archive (3)/Train/surprise/image0032645.jpg,Zaskoczenie
archive (3)/Train/happy/ffhq_3317.png,Szczęście
archive (3)/Train/fear/image0038970.jpg,Strach
archive (3)/Test/happy/ffhq_409.png,Szczęście
archive (3)/Train/sad/image0020579.jpg,Smutek
archive (3)/Train/happy/ffhq_3706.png,Szczęście
archive (3)/Train/sad/image0003774.jpg,Smutek
archive (3)/Train/sad/image0026161.jpg,Smutek
archive (3)/Train/surprise/image0034197.jpg,Zaskoczenie
archive (3)/Train/fear/image0038660.jpg,Strach
archive (3)/Train/happy/ffhq_3699.png,Szczęście
archive (3)/Train/anger/image0023837.jpg,Złość
archive (3)/Train/happy/ffhq_2817.png,Szczęście
archive (3)/Test/happy/ffhq_1181.png,Szczęście
archive (3)/Test/Anger/image0006601.jpg,Złość
archive (3)/Test/Anger/image0003428.jpg,Złość
archive (3)/Test/surprise/image0020742.jpg,Zaskoczenie
archive (3)/Train/sad/image0027940.jpg,Smutek
archive (3)/Train/surprise/image0032280.jpg,Zaskoczenie
archive (3)/Test/happy/ffhq_1648.png,Szczęście
archive (3)/Test/surprise/image0021521.jpg,Zaskoczenie
archive (3)/Train/surprise/image0033849.jpg,Zaskoczenie
archive (3)/Train/sad/image0009261.jpg,Smutek
archive (3)/Train/sad/image0014571.jpg,Smutek
archive (3)/Test/Anger/image0018684.jpg,Złość
archive (3)/Test/Anger/image0014268.jpg,Złość
archive (3)/Train/surprise/image0032119.jpg,Zaskoczenie
archive (3)/Train/happy/ffhq_4143.png,Szczęście
archive (3)/Train/surprise/image0032780.jpg,Zaskoczenie
archive (3)/Train/surprise/image0034541.jpg,Zaskoczenie
archive (3)/Test/sad/image0001187.jpg,Smutek
archive (3)/Test/happy/ffhq_1767.png,Szczęście
archive (3)/Test/Anger/image0019930.jpg,Złość
archive (3)/Test/Anger/image0002024.jpg,Złość
archive (3)/Test/fear/image0032560.jpg,Strach
archive (3)/Test/happy/ffhq_89.png,Szczęście
archive (3)/Train/fear/image0037839.jpg,Strach
archive (3)/Train/happy/ffhq_3234.png,Szczęście
archive (3)/Test/sad/image0014376.jpg,Smutek
archive (3)/Test/happy/ffhq_235.png,Szczęście
archive (3)/Test/surprise/image0009251.jpg,Zaskoczenie
archive (3)/Test/Anger/image0017151.jpg,Złość
archive (3)/Train/anger/image0030731.jpg,Złość
archive (3)/Train/anger/image0024073.jpg,Złość
archive (3)/Train/sad/image0013878.jpg,Smutek
archive (3)/Train/happy/ffhq_2751.png,Szczęście
archive (3)/Test/fear/image0034380.jpg,Strach
archive (3)/Train/sad/image0005698.jpg,Smutek
archive (3)/Test/fear/image0030941.jpg,Strach
archive (3)/Train/anger/image0026017.jpg,Złość
archive (3)/Train/anger/image0022676.jpg,Złość
archive (3)/Train/happy/ffhq_4161.png,Szczęście
archive (3)/Test/Anger/image0019724.jpg,Złość
archive (3)/Test/surprise/ffhq_172.png,Zaskoczenie
archive (3)/Test/happy/ffhq_2160.png,Szczęście
archive (3)/Test/happy/ffhq_260.png,Szczęście
archive (3)/Test/happy/ffhq_2366.png,Szczęście
archive (3)/Test/Anger/image0002986.jpg,Złość
archive (3)/Test/Anger/image0018544.jpg,Złość
archive (3)/Train/surprise/image0032692.jpg,Zaskoczenie
archive (3)/Test/fear/image0030597.jpg,Strach
archive (3)/Test/surprise/image0018642.jpg,Zaskoczenie
archive (3)/Train/sad/image0029501.jpg,Smutek
archive (3)/Test/surprise/image0009033.jpg,Zaskoczenie
archive (3)/Train/sad/image0022487.jpg,Smutek
archive (3)/Train/anger/image0022840.jpg,Złość
archive (3)/Train/surprise/image0028981.jpg,Zaskoczenie
archive (3)/Train/fear/image0038263.jpg,Strach
archive (3)/Train/sad/image0011800.jpg,Smutek
archive (3)/Train/sad/image0029670.jpg,Smutek
archive (3)/Test/surprise/image0010340.jpg,Zaskoczenie
archive (3)/Train/surprise/image0031141.jpg,Zaskoczenie
archive (3)/Train/surprise/image0034065.jpg,Zaskoczenie
archive (3)/Train/sad/image0020281.jpg,Smutek
archive (3)/Test/Anger/image0004642.jpg,Złość
archive (3)/Train/fear/image0039003.jpg,Strach
archive (3)/Train/fear/image0038103.jpg,Strach
archive (3)/Train/surprise/image0031181.jpg,Zaskoczenie
archive (3)/Test/surprise/image0023613.jpg,Zaskoczenie
archive (3)/Test/happy/ffhq_1094.png,Szczęście
archive (3)/Train/anger/image0023161.jpg,Złość
archive (3)/Test/Anger/image0017335.jpg,Złość
archive (3)/Train/surprise/image0027970.jpg,Zaskoczenie
archive (3)/Test/fear/image0012791.jpg,Strach
archive (3)/Test/surprise/image0020464.jpg,Zaskoczenie
archive (3)/Train/fear/image0037203.jpg,Strach
archive (3)/Test/sad/image0010959.jpg,Smutek
archive (3)/Train/anger/image0027225.jpg,Złość
archive (3)/Test/fear/image0016359.jpg,Strach
archive (3)/Test/fear/image0027796.jpg,Strach
archive (3)/Test/sad/image0001837.jpg,Smutek
archive (3)/Test/happy/ffhq_1629.png,Szczęście
archive (3)/Train/sad/image0018304.jpg,Smutek
archive (3)/Train/happy/ffhq_4391.png,Szczęście
archive (3)/Test/sad/image0011475.jpg,Smutek
archive (3)/Train/fear/image0035919.jpg,Strach
archive (3)/Train/anger/image0026816.jpg,Złość
archive (3)/Train/sad/image0018441.jpg,Smutek
archive (3)/Test/sad/image0003884.jpg,Smutek
archive (3)/Test/Anger/image0018650.jpg,Złość
archive (3)/Test/fear/image0035552.jpg,Strach
archive (3)/Test/happy/ffhq_1580.png,Szczęście
archive (3)/Train/surprise/image0034105.jpg,Zaskoczenie
archive (3)/Test/sad/image0020258.jpg,Smutek
archive (3)/Test/fear/image0023915.jpg,Strach
archive (3)/Train/sad/image0022923.jpg,Smutek
archive (3)/Test/surprise/ffhq_453.png,Zaskoczenie
archive (3)/Train/sad/image0030434.jpg,Smutek
archive (3)/Train/surprise/image0031799.jpg,Zaskoczenie
archive (3)/Train/fear/image0037822.jpg,Strach
archive (3)/Train/happy/ffhq_4027.png,Szczęście
archive (3)/Train/surprise/image0034318.jpg,Zaskoczenie
archive (3)/Train/sad/image0009774.jpg,Smutek
archive (3)/Train/sad/image0016135.jpg,Smutek
archive (3)/Test/Anger/image0015457.jpg,Złość
archive (3)/Test/happy/ffhq_351.png,Szczęście
archive (3)/Test/happy/ffhq_69.png,Szczęście
archive (3)/Test/surprise/image0000442.jpg,Zaskoczenie
archive (3)/Train/fear/image0037707.jpg,Strach
archive (3)/Test/happy/ffhq_1159.png,Szczęście
archive (3)/Train/surprise/image0027997.jpg,Zaskoczenie
archive (3)/Test/fear/image0022547.jpg,Strach
archive (3)/Test/Anger/image0018172.jpg,Złość
archive (3)/Test/surprise/ffhq_99.png,Zaskoczenie
archive (3)/Train/fear/image0038703.jpg,Strach
archive (3)/Train/happy/ffhq_3808.png,Szczęście
archive (3)/Test/surprise/image0015931.jpg,Zaskoczenie
archive (3)/Train/sad/image0029095.jpg,Smutek
archive (3)/Train/surprise/image0024145.jpg,Zaskoczenie
archive (3)/Train/sad/image0017776.jpg,Smutek
archive (3)/Test/Anger/image0000825.jpg,Złość
archive (3)/Test/Anger/image0013231.jpg,Złość
archive (3)/Train/happy/ffhq_3798.png,Szczęście
archive (3)/Train/sad/image0008920.jpg,Smutek
archive (3)/Train/fear/image0040510.jpg,Strach
archive (3)/Train/fear/image0036401.jpg,Strach
archive (3)/Train/anger/image0025369.jpg,Złość
archive (3)/Test/Anger/image0018220.jpg,Złość
archive (3)/Test/happy/ffhq_1466.png,Szczęście
archive (3)/Train/anger/image0025734.jpg,Złość
archive (3)/Test/happy/ffhq_2580.png,Szczęście
archive (3)/Train/fear/image0038735.jpg,Strach
archive (3)/Train/sad/image0000383.jpg,Smutek
archive (3)/Test/fear/image0032777.jpg,Strach
archive (3)/Test/happy/ffhq_217.png,Szczęście
archive (3)/Train/sad/image0024066.jpg,Smutek
archive (3)/Train/happy/ffhq_3732.png,Szczęście
archive (3)/Train/happy/ffhq_4749.png,Szczęście
archive (3)/Test/surprise/ffhq_191.png,Zaskoczenie
archive (3)/Test/Anger/image0021560.jpg,Złość
archive (3)/Train/surprise/image0032595.jpg,Zaskoczenie
archive (3)/Test/Anger/image0018608.jpg,Złość
archive (3)/Test/sad/image0018630.jpg,Smutek
archive (3)/Test/happy/ffhq_309.png,Szczęście
archive (3)/Test/happy/ffhq_2354.png,Szczęście
archive (3)/Train/sad/image0028062.jpg,Smutek
archive (3)/Test/sad/image0001853.jpg,Smutek
archive (3)/Test/fear/image0025740.jpg,Strach
archive (3)/Train/surprise/image0031451.jpg,Zaskoczenie
archive (3)/Test/surprise/ffhq_658.png,Zaskoczenie
archive (3)/Train/happy/image0031591.jpg,Szczęście
archive (3)/Train/surprise/image0024901.jpg,Zaskoczenie
archive (3)/Test/fear/image0025566.jpg,Strach
archive (3)/Test/sad/image0015074.jpg,Smutek
archive (3)/Train/happy/ffhq_4980.png,Szczęście
archive (3)/Train/surprise/image0028767.jpg,Zaskoczenie
archive (3)/Test/fear/image0029245.jpg,Strach
archive (3)/Test/fear/image0022397.jpg,Strach
archive (3)/Test/Anger/image0004695.jpg,Złość
archive (3)/Train/happy/ffhq_4030.png,Szczęście
archive (3)/Train/sad/image0029403.jpg,Smutek
archive (3)/Train/sad/image0030232.jpg,Smutek
archive (3)/Test/happy/ffhq_2703.png,Szczęście
archive (3)/Test/surprise/image0001752.jpg,Zaskoczenie
archive (3)/Test/surprise/image0000586.jpg,Zaskoczenie
archive (3)/Test/surprise/image0019094.jpg,Zaskoczenie
archive (3)/Test/surprise/image0015252.jpg,Zaskoczenie
archive (3)/Test/fear/image0032701.jpg,Strach
archive (3)/Train/sad/image0006411.jpg,Smutek
archive (3)/Test/happy/ffhq_2689.png,Szczęście
archive (3)/Train/surprise/image0026502.jpg,Zaskoczenie
archive (3)/Test/surprise/image0018101.jpg,Zaskoczenie
archive (3)/Train/surprise/image0030975.jpg,Zaskoczenie
archive (3)/Train/happy/ffhq_4920.png,Szczęście
archive (3)/Test/Anger/image0021623.jpg,Złość
archive (3)/Train/anger/image0026338.jpg,Złość
archive (3)/Train/sad/image0021433.jpg,Smutek
archive (3)/Train/surprise/image0030249.jpg,Zaskoczenie
archive (3)/Test/Anger/image0012289.jpg,Złość
archive (3)/Test/sad/image0019253.jpg,Smutek
archive (3)/Train/anger/image0025852.jpg,Złość
archive (3)/Train/surprise/image0025954.jpg,Zaskoczenie
archive (3)/Test/happy/ffhq_1483.png,Szczęście
archive (3)/Test/fear/image0033700.jpg,Strach
archive (3)/Test/fear/image0026854.jpg,Strach
archive (3)/Test/fear/image0030115.jpg,Strach
archive (3)/Train/happy/ffhq_2967.png,Szczęście
archive (3)/Test/Anger/image0012224.jpg,Złość
archive (3)/Test/fear/image0034316.jpg,Strach
archive (3)/Test/Anger/image0019737.jpg,Złość
archive (3)/Train/sad/image0017074.jpg,Smutek
archive (3)/Test/fear/image0032483.jpg,Strach
archive (3)/Test/sad/image0019313.jpg,Smutek
archive (3)/Test/happy/ffhq_2448.png,Szczęście
archive (3)/Train/happy/ffhq_4491.png,Szczęście
archive (3)/Train/happy/ffhq_4423.png,Szczęście
archive (3)/Test/sad/image0021063.jpg,Smutek
archive (3)/Test/fear/image0034774.jpg,Strach
archive (3)/Train/fear/image0036285.jpg,Strach
archive (3)/Test/sad/image0018260.jpg,Smutek
archive (3)/Test/sad/image0018302.jpg,Smutek
archive (3)/Test/fear/image0033394.jpg,Strach
archive (3)/Train/fear/image0038332.jpg,Strach
archive (3)/Test/sad/image0020562.jpg,Smutek
archive (3)/Test/happy/ffhq_398.png,Szczęście
archive (3)/Test/Anger/image0001615.jpg,Złość
archive (3)/Test/Anger/image0015819.jpg,Złość
archive (3)/Test/Anger/image0011040.jpg,Złość
archive (3)/Train/happy/ffhq_2901.png,Szczęście
archive (3)/Test/surprise/image0019826.jpg,Zaskoczenie
archive (3)/Train/anger/image0023691.jpg,Złość
archive (3)/Test/sad/image0015853.jpg,Smutek
archive (3)/Train/sad/image0029879.jpg,Smutek
archive (3)/Train/anger/image0028160.jpg,Złość
archive (3)/Test/happy/ffhq_451.png,Szczęście
archive (3)/Train/sad/image0014854.jpg,Smutek
archive (3)/Train/surprise/image0034759.jpg,Zaskoczenie
archive (3)/Test/happy/ffhq_1403.png,Szczęście
archive (3)/Train/anger/image0024386.jpg,Złość
archive (3)/Train/sad/image0026606.jpg,Smutek
archive (3)/Test/Anger/image0013692.jpg,Złość
archive (3)/Test/surprise/ffhq_140.png,Zaskoczenie
archive (3)/Test/fear/image0030926.jpg,Strach
archive (3)/Train/sad/image0028945.jpg,Smutek
archive (3)/Test/sad/image0018442.jpg,Smutek
archive (3)/Train/surprise/image0033128.jpg,Zaskoczenie
archive (3)/Test/Anger/image0000106.jpg,Złość
archive (3)/Test/surprise/ffhq_558.png,Zaskoczenie
archive (3)/Test/happy/ffhq_2510.png,Szczęście
archive (3)/Test/fear/image0017430.jpg,Strach
archive (3)/Train/surprise/image0025209.jpg,Zaskoczenie
archive (3)/Test/sad/image0008332.jpg,Smutek
archive (3)/Train/happy/ffhq_3460.png,Szczęście
archive (3)/Train/sad/image0016595.jpg,Smutek
archive (3)/Train/sad/image0013187.jpg,Smutek
archive (3)/Test/Anger/image0012134.jpg,Złość
archive (3)/Test/surprise/ffhq_622.png,Zaskoczenie
archive (3)/Test/surprise/image0007625.jpg,Zaskoczenie
archive (3)/Test/happy/ffhq_1406.png,Szczęście
archive (3)/Train/fear/image0037205.jpg,Strach
archive (3)/Test/sad/image0016335.jpg,Smutek
archive (3)/Train/sad/image0024115.jpg,Smutek
archive (3)/Train/anger/image0022209.jpg,Złość
archive (3)/Test/fear/image0028776.jpg,Strach
archive (3)/Test/surprise/image0015926.jpg,Zaskoczenie
archive (3)/Train/happy/ffhq_3028.png,Szczęście
archive (3)/Test/sad/image0014311.jpg,Smutek
archive (3)/Test/sad/image0019705.jpg,Smutek
archive (3)/Test/surprise/ffhq_30.png,Zaskoczenie
archive (3)/Train/anger/image0029663.jpg,Złość
archive (3)/Train/sad/image0016639.jpg,Smutek
archive (3)/Test/sad/image0008401.jpg,Smutek
archive (3)/Train/fear/image0036108.jpg,Strach
archive (3)/Train/sad/image0030071.jpg,Smutek
archive (3)/Test/happy/ffhq_50.png,Szczęście
archive (3)/Test/surprise/image0011146.jpg,Zaskoczenie
archive (3)/Train/happy/ffhq_3927.png,Szczęście
archive (3)/Test/surprise/ffhq_258.png,Zaskoczenie
archive (3)/Train/surprise/image0032940.jpg,Zaskoczenie
archive (3)/Train/surprise/image0032668.jpg,Zaskoczenie
archive (3)/Train/anger/image0030128.jpg,Złość
archive (3)/Train/sad/image0022601.jpg,Smutek
archive (3)/Test/sad/image0002455.jpg,Smutek
archive (3)/Train/sad/image0020644.jpg,Smutek
archive (3)/Train/fear/image0039285.jpg,Strach
archive (3)/Test/fear/image0034837.jpg,Strach
archive (3)/Test/sad/image0018982.jpg,Smutek
archive (3)/Test/surprise/image0019956.jpg,Zaskoczenie
archive (3)/Train/happy/ffhq_3073.png,Szczęście
archive (3)/Test/fear/image0034379.jpg,Strach
archive (3)/Train/fear/image0040511.jpg,Strach
archive (3)/Test/Anger/image0016263.jpg,Złość
archive (3)/Train/fear/image0038422.jpg,Strach
archive (3)/Train/sad/image0009590.jpg,Smutek
archive (3)/Train/happy/ffhq_3098.png,Szczęście
archive (3)/Train/happy/ffhq_4988.png,Szczęście
archive (3)/Test/happy/ffhq_1691.png,Szczęście
archive (3)/Train/happy/ffhq_4883.png,Szczęście
archive (3)/Train/happy/ffhq_2834.png,Szczęście
archive (3)/Train/anger/image0024732.jpg,Złość
archive (3)/Test/Anger/image0014988.jpg,Złość
archive (3)/Train/surprise/image0031721.jpg,Zaskoczenie
archive (3)/Train/fear/image0040251.jpg,Strach
archive (3)/Train/happy/ffhq_4727.png,Szczęście
archive (3)/Test/Anger/image0020036.jpg,Złość
archive (3)/Test/Anger/image0007029.jpg,Złość
archive (3)/Train/surprise/image0032156.jpg,Zaskoczenie
archive (3)/Test/fear/image0035333.jpg,Strach
archive (3)/Train/fear/image0036492.jpg,Strach
archive (3)/Test/sad/image0012301.jpg,Smutek
archive (3)/Test/Anger/image0011127.jpg,Złość
archive (3)/Test/happy/ffhq_1585.png,Szczęście
archive (3)/Train/happy/ffhq_4630.png,Szczęście
archive (3)/Train/sad/image0011299.jpg,Smutek
archive (3)/Train/anger/image0030407.jpg,Złość
archive (3)/Train/happy/ffhq_4238.png,Szczęście
archive (3)/Train/sad/image0023420.jpg,Smutek
archive (3)/Test/Anger/image0018526.jpg,Złość
archive (3)/Train/fear/image0037199.jpg,Strach
archive (3)/Train/sad/image0018312.jpg,Smutek
archive (3)/Train/happy/ffhq_3046.png,Szczęście
archive (3)/Test/Anger/image0013986.jpg,Złość
archive (3)/Train/anger/image0026705.jpg,Złość
archive (3)/Train/surprise/image0033480.jpg,Zaskoczenie
archive (3)/Train/fear/image0036967.jpg,Strach
archive (3)/Train/happy/ffhq_4570.png,Szczęście
archive (3)/Test/happy/ffhq_2020.png,Szczęście
archive (3)/Test/fear/image0035563.jpg,Strach
archive (3)/Train/surprise/image0032079.jpg,Zaskoczenie
archive (3)/Test/Anger/image0009775.jpg,Złość
archive (3)/Test/surprise/image0016855.jpg,Zaskoczenie
archive (3)/Test/happy/ffhq_2178.png,Szczęście
archive (3)/Train/surprise/image0027599.jpg,Zaskoczenie
archive (3)/Train/anger/image0026674.jpg,Złość
archive (3)/Test/happy/ffhq_1019.png,Szczęście
archive (3)/Train/sad/image0028539.jpg,Smutek
archive (3)/Train/happy/ffhq_3228.png,Szczęście
archive (3)/Test/surprise/ffhq_556.png,Zaskoczenie
archive (3)/Train/happy/ffhq_2863.png,Szczęście
archive (3)/Train/sad/image0008223.jpg,Smutek
archive (3)/Test/fear/image0033274.jpg,Strach
archive (3)/Train/happy/ffhq_4827.png,Szczęście
archive (3)/Test/happy/ffhq_584.png,Szczęście
archive (3)/Test/happy/ffhq_1852.png,Szczęście
archive (3)/Train/sad/image0027973.jpg,Smutek
archive (3)/Test/surprise/image0005712.jpg,Zaskoczenie
archive (3)/Test/happy/ffhq_2285.png,Szczęście
archive (3)/Test/sad/image0017235.jpg,Smutek
archive (3)/Train/sad/image0029660.jpg,Smutek
archive (3)/Train/sad/image0026119.jpg,Smutek
archive (3)/Test/fear/image0012858.jpg,Strach
archive (3)/Test/Anger/image0013469.jpg,Złość
archive (3)/Train/sad/image0028283.jpg,Smutek
archive (3)/Test/surprise/image0014280.jpg,Zaskoczenie
archive (3)/Test/Anger/image0014612.jpg,Złość
archive (3)/Test/happy/ffhq_1601.png,Szczęście
archive (3)/Train/fear/image0037458.jpg,Strach
archive (3)/Train/sad/image0015681.jpg,Smutek
archive (3)/Train/happy/ffhq_4446.png,Szczęście
archive (3)/Test/happy/ffhq_179.png,Szczęście
archive (3)/Test/happy/ffhq_271.png,Szczęście
archive (3)/Train/sad/image0027480.jpg,Smutek
archive (3)/Train/sad/image0027657.jpg,Smutek
archive (3)/Test/fear/image0029181.jpg,Strach
archive (3)/Test/sad/image0005806.jpg,Smutek
archive (3)/Train/fear/image0038325.jpg,Strach
archive (3)/Test/sad/image0008223.jpg,Smutek
archive (3)/Train/sad/image0002478.jpg,Smutek
archive (3)/Train/sad/image0024767.jpg,Smutek
archive (3)/Train/anger/image0025097.jpg,Złość
archive (3)/Test/surprise/image0023357.jpg,Zaskoczenie
archive (3)/Test/sad/image0001800.jpg,Smutek
archive (3)/Test/Anger/image0016730.jpg,Złość
archive (3)/Test/fear/image0021578.jpg,Strach
archive (3)/Test/sad/image0004510.jpg,Smutek
archive (3)/Train/happy/ffhq_3843.png,Szczęście
archive (3)/Train/fear/image0037902.jpg,Strach
archive (3)/Test/surprise/image0015760.jpg,Zaskoczenie
archive (3)/Test/happy/ffhq_1020.png,Szczęście
archive (3)/Train/anger/image0030450.jpg,Złość
archive (3)/Test/Anger/image0017671.jpg,Złość
archive (3)/Train/happy/ffhq_4173.png,Szczęście
archive (3)/Test/sad/image0008447.jpg,Smutek
archive (3)/Train/anger/image0028397.jpg,Złość
archive (3)/Train/happy/ffhq_4442.png,Szczęście
archive (3)/Train/sad/image0012033.jpg,Smutek
archive (3)/Test/fear/image0030263.jpg,Strach
archive (3)/Test/happy/ffhq_879.png,Szczęście
archive (3)/Train/fear/image0038549.jpg,Strach
archive (3)/Train/anger/image0027316.jpg,Złość
archive (3)/Train/surprise/image0034542.jpg,Zaskoczenie
archive (3)/Train/surprise/image0033964.jpg,Zaskoczenie
archive (3)/Test/surprise/image0019697.jpg,Zaskoczenie
archive (3)/Test/surprise/image0020361.jpg,Zaskoczenie
archive (3)/Train/surprise/image0032529.jpg,Zaskoczenie
archive (3)/Train/surprise/image0033117.jpg,Zaskoczenie
archive (3)/Test/Anger/image0006084.jpg,Złość
archive (3)/Train/anger/image0025904.jpg,Złość
archive (3)/Test/surprise/image0015382.jpg,Zaskoczenie
archive (3)/Train/surprise/image0031530.jpg,Zaskoczenie
archive (3)/Train/happy/ffhq_3454.png,Szczęście
archive (3)/Train/surprise/image0030005.jpg,Zaskoczenie
archive (3)/Train/fear/image0038281.jpg,Strach
archive (3)/Test/sad/image0007062.jpg,Smutek
archive (3)/Train/sad/image0023222.jpg,Smutek
archive (3)/Train/surprise/image0031194.jpg,Zaskoczenie
archive (3)/Test/Anger/image0021695.jpg,Złość
archive (3)/Test/fear/image0000701.jpg,Strach
archive (3)/Train/fear/image0037483.jpg,Strach
archive (3)/Train/sad/image0020358.jpg,Smutek
archive (3)/Train/surprise/image0025836.jpg,Zaskoczenie
archive (3)/Train/fear/image0036372.jpg,Strach
archive (3)/Train/surprise/image0032896.jpg,Zaskoczenie
archive (3)/Train/anger/image0024669.jpg,Złość
archive (3)/Train/sad/image0029160.jpg,Smutek
archive (3)/Test/surprise/image0021427.jpg,Zaskoczenie
archive (3)/Test/surprise/image0013058.jpg,Zaskoczenie
archive (3)/Train/anger/image0028132.jpg,Złość
archive (3)/Test/fear/image0033673.jpg,Strach
archive (3)/Train/happy/ffhq_4961.png,Szczęście
archive (3)/Train/anger/image0024370.jpg,Złość
archive (3)/Train/happy/ffhq_4023.png,Szczęście
archive (3)/Train/happy/ffhq_3859.png,Szczęście
archive (3)/Train/surprise/image0032612.jpg,Zaskoczenie
archive (3)/Train/surprise/image0028726.jpg,Zaskoczenie
archive (3)/Test/fear/image0030445.jpg,Strach
archive (3)/Train/happy/ffhq_2845.png,Szczęście
archive (3)/Train/fear/image0039399.jpg,Strach
archive (3)/Train/sad/image0025753.jpg,Smutek
archive (3)/Train/anger/image0027307.jpg,Złość
archive (3)/Train/sad/image0030221.jpg,Smutek
archive (3)/Train/fear/image0036505.jpg,Strach
archive (3)/Train/sad/image0020398.jpg,Smutek
archive (3)/Train/surprise/image0034334.jpg,Zaskoczenie
archive (3)/Test/fear/image0034457.jpg,Strach
archive (3)/Train/fear/image0035752.jpg,Strach
archive (3)/Test/Anger/image0020750.jpg,Złość
archive (3)/Test/sad/image0017901.jpg,Smutek
archive (3)/Train/surprise/image0033751.jpg,Zaskoczenie
archive (3)/Test/Anger/image0020422.jpg,Złość
archive (3)/Test/surprise/image0002055.jpg,Zaskoczenie
archive (3)/Test/happy/ffhq_2668.png,Szczęście
archive (3)/Train/happy/ffhq_3117.png,Szczęście
archive (3)/Train/sad/image0016943.jpg,Smutek
archive (3)/Train/happy/ffhq_4221.png,Szczęście
archive (3)/Test/fear/image0031347.jpg,Strach
archive (3)/Test/sad/image0005175.jpg,Smutek
archive (3)/Train/anger/image0022836.jpg,Złość
archive (3)/Train/surprise/image0034960.jpg,Zaskoczenie
archive (3)/Train/anger/image0025288.jpg,Złość
archive (3)/Test/fear/image0035378.jpg,Strach
archive (3)/Train/surprise/image0034699.jpg,Zaskoczenie
archive (3)/Test/happy/ffhq_208.png,Szczęście
archive (3)/Test/happy/ffhq_222.png,Szczęście
archive (3)/Train/sad/image0028091.jpg,Smutek
archive (3)/Train/happy/ffhq_3844.png,Szczęście
archive (3)/Test/fear/image0033294.jpg,Strach
archive (3)/Test/fear/image0031147.jpg,Strach
archive (3)/Train/surprise/image0025903.jpg,Zaskoczenie
archive (3)/Train/surprise/image0034679.jpg,Zaskoczenie
archive (3)/Train/sad/image0004019.jpg,Smutek
archive (3)/Test/surprise/image0019113.jpg,Zaskoczenie
archive (3)/Train/sad/image0027006.jpg,Smutek
archive (3)/Test/fear/image0034043.jpg,Strach
archive (3)/Train/sad/image0021823.jpg,Smutek
archive (3)/Train/anger/image0021948.jpg,Złość
archive (3)/Train/sad/image0001897.jpg,Smutek
archive (3)/Test/happy/ffhq_1682.png,Szczęście
archive (3)/Train/happy/ffhq_3984.png,Szczęście
archive (3)/Test/sad/image0021107.jpg,Smutek
archive (3)/Test/Anger/image0019399.jpg,Złość
archive (3)/Train/fear/image0040752.jpg,Strach
archive (3)/Test/sad/image0017990.jpg,Smutek
archive (3)/Train/anger/image0029182.jpg,Złość
archive (3)/Test/Anger/image0021117.jpg,Złość
archive (3)/Test/sad/image0020461.jpg,Smutek
archive (3)/Train/surprise/image0030296.jpg,Zaskoczenie
archive (3)/Train/happy/ffhq_2948.png,Szczęście
archive (3)/Train/happy/ffhq_3834.png,Szczęście
archive (3)/Test/Anger/image0014847.jpg,Złość
archive (3)/Train/sad/image0012997.jpg,Smutek
archive (3)/Train/fear/image0036589.jpg,Strach
archive (3)/Train/sad/image0024978.jpg,Smutek
archive (3)/Train/fear/image0036793.jpg,Strach
archive (3)/Test/surprise/ffhq_342.png,Zaskoczenie
archive (3)/Test/sad/image0018049.jpg,Smutek
archive (3)/Train/anger/image0024913.jpg,Złość
archive (3)/Train/sad/image0004735.jpg,Smutek
archive (3)/Test/surprise/image0005994.jpg,Zaskoczenie
archive (3)/Test/happy/ffhq_204.png,Szczęście
archive (3)/Test/surprise/image0004057.jpg,Zaskoczenie
archive (3)/Test/surprise/image0019373.jpg,Zaskoczenie
archive (3)/Test/happy/ffhq_2135.png,Szczęście
archive (3)/Train/surprise/image0025408.jpg,Zaskoczenie
archive (3)/Test/happy/ffhq_1233.png,Szczęście
archive (3)/Test/surprise/ffhq_429.png,Zaskoczenie
archive (3)/Test/sad/image0017377.jpg,Smutek
archive (3)/Test/Anger/image0021626.jpg,Złość
archive (3)/Train/fear/image0038047.jpg,Strach
archive (3)/Train/anger/image0025072.jpg,Złość
archive (3)/Test/happy/ffhq_68.png,Szczęście
archive (3)/Test/fear/image0028628.jpg,Strach
archive (3)/Test/surprise/image0002349.jpg,Zaskoczenie
archive (3)/Train/happy/ffhq_4419.png,Szczęście
archive (3)/Train/fear/image0039970.jpg,Strach
archive (3)/Test/fear/image0011452.jpg,Strach
archive (3)/Train/sad/image0029319.jpg,Smutek
archive (3)/Test/happy/ffhq_1678.png,Szczęście
archive (3)/Train/surprise/image0032885.jpg,Zaskoczenie
archive (3)/Train/anger/image0024175.jpg,Złość
archive (3)/Test/Anger/image0012085.jpg,Złość
archive (3)/Test/Anger/image0002989.jpg,Złość
archive (3)/Train/happy/ffhq_4508.png,Szczęście
archive (3)/Test/surprise/ffhq_91.png,Zaskoczenie
archive (3)/Train/fear/image0038860.jpg,Strach
archive (3)/Test/sad/image0017981.jpg,Smutek
archive (3)/Train/fear/image0040617.jpg,Strach
archive (3)/Train/sad/image0007157.jpg,Smutek
archive (3)/Train/fear/image0040810.jpg,Strach
archive (3)/Train/happy/ffhq_3951.png,Szczęście
archive (3)/Train/sad/image0011006.jpg,Smutek
archive (3)/Test/sad/image0017557.jpg,Smutek
archive (3)/Train/sad/image0022350.jpg,Smutek
archive (3)/Test/surprise/ffhq_477.png,Zaskoczenie
archive (3)/Test/Anger/image0014776.jpg,Złość
archive (3)/Train/surprise/image0025507.jpg,Zaskoczenie
archive (3)/Test/fear/image0033715.jpg,Strach
archive (3)/Train/happy/ffhq_3909.png,Szczęście
archive (3)/Train/happy/ffhq_4700.png,Szczęście
archive (3)/Train/fear/image0040017.jpg,Strach
archive (3)/Test/happy/ffhq_1058.png,Szczęście
archive (3)/Train/surprise/image0026598.jpg,Zaskoczenie
archive (3)/Train/sad/image0016989.jpg,Smutek
archive (3)/Test/Anger/image0015119.jpg,Złość
archive (3)/Test/sad/image0015373.jpg,Smutek
archive (3)/Train/surprise/image0031485.jpg,Zaskoczenie
archive (3)/Train/happy/ffhq_3215.png,Szczęście
archive (3)/Train/surprise/image0026641.jpg,Zaskoczenie
archive (3)/Test/happy/ffhq_2014.png,Szczęście
archive (3)/Test/happy/ffhq_1172.png,Szczęście
archive (3)/Test/surprise/image0022437.jpg,Zaskoczenie
archive (3)/Test/happy/ffhq_2447.png,Szczęście
archive (3)/Train/fear/image0039568.jpg,Strach
archive (3)/Test/happy/ffhq_2204.png,Szczęście
archive (3)/Train/sad/image0023998.jpg,Smutek
archive (3)/Test/surprise/image0012494.jpg,Zaskoczenie
archive (3)/Train/surprise/image0033353.jpg,Zaskoczenie
archive (3)/Test/sad/image0021312.jpg,Smutek
archive (3)/Test/fear/image0035031.jpg,Strach
archive (3)/Train/sad/image0016231.jpg,Smutek
archive (3)/Test/happy/ffhq_1337.png,Szczęście
archive (3)/Train/happy/ffhq_3289.png,Szczęście
archive (3)/Test/sad/image0013477.jpg,Smutek
archive (3)/Train/happy/ffhq_3521.png,Szczęście
archive (3)/Train/surprise/image0033898.jpg,Zaskoczenie
archive (3)/Train/anger/image0022045.jpg,Złość
archive (3)/Test/surprise/image0023907.jpg,Zaskoczenie
archive (3)/Test/sad/image0020431.jpg,Smutek
archive (3)/Train/fear/image0036770.jpg,Strach
archive (3)/Train/happy/ffhq_3237.png,Szczęście
archive (3)/Train/happy/ffhq_4226.png,Szczęście
archive (3)/Train/surprise/image0034767.jpg,Zaskoczenie
archive (3)/Train/fear/image0038140.jpg,Strach
archive (3)/Test/fear/image0030607.jpg,Strach
archive (3)/Test/sad/image0018540.jpg,Smutek
archive (3)/Test/Anger/image0015700.jpg,Złość
archive (3)/Train/happy/ffhq_4125.png,Szczęście
archive (3)/Train/fear/image0037692.jpg,Strach
archive (3)/Train/happy/ffhq_3617.png,Szczęście
archive (3)/Test/fear/image0022870.jpg,Strach
archive (3)/Train/surprise/image0027868.jpg,Zaskoczenie
archive (3)/Test/happy/ffhq_1812.png,Szczęście
archive (3)/Train/sad/image0024659.jpg,Smutek
archive (3)/Test/happy/ffhq_1918.png,Szczęście
archive (3)/Test/surprise/image0017399.jpg,Zaskoczenie
archive (3)/Test/happy/ffhq_422.png,Szczęście
archive (3)/Train/surprise/image0027106.jpg,Zaskoczenie
archive (3)/Train/happy/ffhq_4132.png,Szczęście
archive (3)/Train/sad/image0012338.jpg,Smutek
archive (3)/Train/happy/ffhq_3189.png,Szczęście
archive (3)/Train/fear/image0039709.jpg,Strach
archive (3)/Train/sad/image0013528.jpg,Smutek
archive (3)/Test/sad/image0017735.jpg,Smutek
archive (3)/Train/surprise/image0026271.jpg,Zaskoczenie
archive (3)/Train/fear/image0037482.jpg,Strach
archive (3)/Train/happy/ffhq_3886.png,Szczęście
archive (3)/Test/sad/image0003561.jpg,Smutek
archive (3)/Test/surprise/image0019434.jpg,Zaskoczenie
archive (3)/Test/sad/image0021179.jpg,Smutek
archive (3)/Train/anger/image0026409.jpg,Złość
archive (3)/Test/Anger/image0006236.jpg,Złość
archive (3)/Train/happy/image0037144.jpg,Szczęście
archive (3)/Test/surprise/image0023580.jpg,Zaskoczenie
archive (3)/Train/sad/image0028258.jpg,Smutek
archive (3)/Test/sad/image0020304.jpg,Smutek
archive (3)/Train/sad/image0028865.jpg,Smutek
archive (3)/Test/sad/image0017617.jpg,Smutek
archive (3)/Test/sad/image0012992.jpg,Smutek
archive (3)/Train/sad/image0028919.jpg,Smutek
archive (3)/Train/happy/ffhq_4053.png,Szczęście
archive (3)/Test/Anger/image0020059.jpg,Złość
archive (3)/Train/sad/image0010593.jpg,Smutek
archive (3)/Test/sad/image0001273.jpg,Smutek
archive (3)/Train/happy/ffhq_3429.png,Szczęście
archive (3)/Test/happy/ffhq_2357.png,Szczęście
archive (3)/Train/surprise/image0030035.jpg,Zaskoczenie
archive (3)/Test/happy/ffhq_1758.png,Szczęście
archive (3)/Train/fear/image0039221.jpg,Strach
archive (3)/Train/happy/ffhq_2886.png,Szczęście
archive (3)/Train/anger/image0030051.jpg,Złość
archive (3)/Train/surprise/image0031757.jpg,Zaskoczenie
archive (3)/Train/fear/image0037422.jpg,Strach
archive (3)/Test/fear/image0023424.jpg,Strach
archive (3)/Train/anger/image0025829.jpg,Złość
archive (3)/Train/happy/ffhq_3283.png,Szczęście
archive (3)/Test/sad/image0005615.jpg,Smutek
archive (3)/Test/fear/image0021428.jpg,Strach
archive (3)/Test/surprise/ffhq_190.png,Zaskoczenie
archive (3)/Test/happy/ffhq_981.png,Szczęście
archive (3)/Train/fear/image0039876.jpg,Strach
archive (3)/Train/happy/ffhq_3040.png,Szczęście
archive (3)/Train/happy/ffhq_3901.png,Szczęście
archive (3)/Train/surprise/image0034631.jpg,Zaskoczenie
archive (3)/Train/surprise/image0030976.jpg,Zaskoczenie
archive (3)/Train/fear/image0040651.jpg,Strach
archive (3)/Test/fear/image0019842.jpg,Strach
archive (3)/Test/fear/image0032303.jpg,Strach
archive (3)/Train/anger/image0029178.jpg,Złość
archive (3)/Train/sad/image0024806.jpg,Smutek
archive (3)/Train/surprise/image0029682.jpg,Zaskoczenie
archive (3)/Train/happy/ffhq_4866.png,Szczęście
archive (3)/Train/surprise/image0033486.jpg,Zaskoczenie
archive (3)/Train/sad/image0021122.jpg,Smutek
archive (3)/Train/surprise/image0033404.jpg,Zaskoczenie
archive (3)/Train/sad/image0027889.jpg,Smutek
archive (3)/Train/sad/image0023034.jpg,Smutek
archive (3)/Train/surprise/image0025174.jpg,Zaskoczenie
archive (3)/Test/fear/image0032549.jpg,Strach
archive (3)/Test/happy/ffhq_720.png,Szczęście
archive (3)/Test/surprise/ffhq_456.png,Zaskoczenie
archive (3)/Test/Anger/image0016913.jpg,Złość
archive (3)/Test/sad/image0013698.jpg,Smutek
archive (3)/Train/happy/ffhq_3969.png,Szczęście
archive (3)/Train/anger/image0028175.jpg,Złość
archive (3)/Test/sad/image0016943.jpg,Smutek
archive (3)/Train/surprise/image0030691.jpg,Zaskoczenie
archive (3)/Train/surprise/image0031454.jpg,Zaskoczenie
archive (3)/Train/sad/image0005153.jpg,Smutek
archive (3)/Test/fear/image0034177.jpg,Strach
archive (3)/Train/happy/ffhq_3872.png,Szczęście
archive (3)/Test/Anger/image0017988.jpg,Złość
archive (3)/Test/surprise/ffhq_367.png,Zaskoczenie
archive (3)/Train/sad/image0021219.jpg,Smutek
archive (3)/Train/fear/image0037845.jpg,Strach
archive (3)/Test/fear/image0003727.jpg,Strach
archive (3)/Test/happy/ffhq_1273.png,Szczęście
archive (3)/Train/sad/image0029025.jpg,Smutek
archive (3)/Test/surprise/image0019450.jpg,Zaskoczenie
archive (3)/Test/Anger/image0017478.jpg,Złość
archive (3)/Train/happy/ffhq_3253.png,Szczęście
archive (3)/Test/sad/image0014851.jpg,Smutek
archive (3)/Train/surprise/image0031836.jpg,Zaskoczenie
archive (3)/Train/anger/image0023923.jpg,Złość
archive (3)/Train/surprise/image0034146.jpg,Zaskoczenie
archive (3)/Train/fear/image0036904.jpg,Strach
archive (3)/Test/Anger/image0020948.jpg,Złość
archive (3)/Test/sad/image0010654.jpg,Smutek
archive (3)/Test/surprise/ffhq_603.png,Zaskoczenie
archive (3)/Train/happy/ffhq_3764.png,Szczęście
archive (3)/Test/happy/ffhq_2369.png,Szczęście
archive (3)/Test/fear/image0034725.jpg,Strach
archive (3)/Test/surprise/ffhq_46.png,Zaskoczenie
archive (3)/Test/happy/ffhq_118.png,Szczęście
archive (3)/Train/anger/image0024677.jpg,Złość
archive (3)/Test/surprise/ffhq_374.png,Zaskoczenie
archive (3)/Test/surprise/image0012577.jpg,Zaskoczenie
archive (3)/Train/anger/image0026549.jpg,Złość
archive (3)/Test/surprise/image0008175.jpg,Zaskoczenie
archive (3)/Train/surprise/image0033533.jpg,Zaskoczenie
archive (3)/Train/happy/ffhq_2760.png,Szczęście
archive (3)/Train/sad/image0012992.jpg,Smutek
archive (3)/Test/surprise/image0021712.jpg,Zaskoczenie
archive (3)/Train/happy/ffhq_3222.png,Szczęście
archive (3)/Train/surprise/image0029827.jpg,Zaskoczenie
archive (3)/Test/happy/ffhq_323.png,Szczęście
archive (3)/Test/happy/ffhq_2071.png,Szczęście
archive (3)/Train/sad/image0023415.jpg,Smutek
archive (3)/Train/happy/ffhq_4368.png,Szczęście
archive (3)/Train/happy/ffhq_4123.png,Szczęście
archive (3)/Train/surprise/image0026166.jpg,Zaskoczenie
archive (3)/Train/sad/image0026960.jpg,Smutek
archive (3)/Test/happy/ffhq_2635.png,Szczęście
archive (3)/Test/happy/ffhq_278.png,Szczęście
archive (3)/Test/surprise/image0004579.jpg,Zaskoczenie
archive (3)/Train/sad/image0023098.jpg,Smutek
archive (3)/Test/Anger/image0021275.jpg,Złość
archive (3)/Train/happy/ffhq_4424.png,Szczęście
archive (3)/Train/surprise/image0034224.jpg,Zaskoczenie
archive (3)/Test/happy/ffhq_2306.png,Szczęście
archive (3)/Train/happy/ffhq_3372.png,Szczęście
archive (3)/Train/happy/ffhq_3129.png,Szczęście
archive (3)/Test/sad/image0009807.jpg,Smutek
archive (3)/Test/sad/image0018613.jpg,Smutek
archive (3)/Test/fear/image0035181.jpg,Strach
archive (3)/Train/fear/image0038206.jpg,Strach
archive (3)/Test/happy/ffhq_2103.png,Szczęście
archive (3)/Train/surprise/image0024426.jpg,Zaskoczenie
archive (3)/Test/surprise/ffhq_471.png,Zaskoczenie
archive (3)/Train/sad/image0018026.jpg,Smutek
archive (3)/Train/surprise/image0028185.jpg,Zaskoczenie
archive (3)/Train/happy/ffhq_4305.png,Szczęście
archive (3)/Test/happy/ffhq_90.png,Szczęście
archive (3)/Test/happy/ffhq_1759.png,Szczęście
archive (3)/Train/fear/image0039272.jpg,Strach
archive (3)/Train/fear/image0036671.jpg,Strach
archive (3)/Test/fear/image0033125.jpg,Strach
archive (3)/Test/happy/ffhq_237.png,Szczęście
archive (3)/Test/Anger/image0012437.jpg,Złość
archive (3)/Train/surprise/image0033473.jpg,Zaskoczenie
archive (3)/Train/sad/image0015751.jpg,Smutek
archive (3)/Train/surprise/image0034067.jpg,Zaskoczenie
archive (3)/Test/sad/image0019812.jpg,Smutek
archive (3)/Train/fear/image0036592.jpg,Strach
archive (3)/Train/happy/ffhq_4067.png,Szczęście
archive (3)/Test/sad/image0002256.jpg,Smutek
archive (3)/Train/happy/ffhq_4100.png,Szczęście
archive (3)/Train/sad/image0012540.jpg,Smutek
archive (3)/Train/anger/image0022557.jpg,Złość
archive (3)/Train/sad/image0012923.jpg,Smutek
archive (3)/Train/anger/image0028044.jpg,Złość
archive (3)/Test/fear/image0034707.jpg,Strach
archive (3)/Test/fear/image0031963.jpg,Strach
archive (3)/Train/surprise/image0033720.jpg,Zaskoczenie
archive (3)/Test/fear/image0020778.jpg,Strach
archive (3)/Train/anger/image0026944.jpg,Złość
archive (3)/Train/fear/image0037112.jpg,Strach
archive (3)/Test/surprise/ffhq_15.png,Zaskoczenie
archive (3)/Train/sad/image0028907.jpg,Smutek
archive (3)/Train/sad/image0030371.jpg,Smutek
archive (3)/Test/sad/image0019514.jpg,Smutek
archive (3)/Train/anger/image0025298.jpg,Złość
archive (3)/Train/happy/ffhq_3075.png,Szczęście
archive (3)/Test/surprise/ffhq_49.png,Zaskoczenie
archive (3)/Train/sad/image0028389.jpg,Smutek
archive (3)/Test/surprise/image0022208.jpg,Zaskoczenie
archive (3)/Train/sad/image0002385.jpg,Smutek
archive (3)/Train/fear/image0035664.jpg,Strach
archive (3)/Train/sad/image0025195.jpg,Smutek
archive (3)/Train/happy/ffhq_4457.png,Szczęście
archive (3)/Test/happy/ffhq_2458.png,Szczęście
archive (3)/Test/happy/ffhq_763.png,Szczęście
archive (3)/Test/fear/image0034675.jpg,Strach
archive (3)/Test/fear/image0030729.jpg,Strach
archive (3)/Test/surprise/image0002466.jpg,Zaskoczenie
archive (3)/Test/sad/image0019315.jpg,Smutek
archive (3)/Train/sad/image0010484.jpg,Smutek
archive (3)/Train/sad/image0029190.jpg,Smutek
archive (3)/Train/sad/image0024817.jpg,Smutek
archive (3)/Train/surprise/image0027650.jpg,Zaskoczenie
archive (3)/Train/sad/image0012681.jpg,Smutek
archive (3)/Test/Anger/image0019729.jpg,Złość
archive (3)/Train/fear/image0039247.jpg,Strach
archive (3)/Test/fear/image0032640.jpg,Strach
archive (3)/Train/happy/ffhq_3511.png,Szczęście
archive (3)/Test/happy/ffhq_2609.png,Szczęście
archive (3)/Test/fear/image0035261.jpg,Strach
archive (3)/Test/Anger/image0000963.jpg,Złość
archive (3)/Test/Anger/image0008030.jpg,Złość
archive (3)/Train/happy/ffhq_4553.png,Szczęście
archive (3)/Test/happy/ffhq_302.png,Szczęście
archive (3)/Test/Anger/image0018430.jpg,Złość
archive (3)/Test/happy/ffhq_2666.png,Szczęście
archive (3)/Train/happy/ffhq_4455.png,Szczęście
archive (3)/Test/Anger/image0017383.jpg,Złość
archive (3)/Train/sad/image0021354.jpg,Smutek
archive (3)/Train/happy/ffhq_3402.png,Szczęście
archive (3)/Train/happy/ffhq_3503.png,Szczęście
archive (3)/Train/happy/ffhq_4163.png,Szczęście
archive (3)/Test/fear/image0027788.jpg,Strach
archive (3)/Test/happy/ffhq_65.png,Szczęście
archive (3)/Test/Anger/image0017892.jpg,Złość
archive (3)/Test/happy/ffhq_1068.png,Szczęście
archive (3)/Train/happy/ffhq_3820.png,Szczęście
archive (3)/Train/anger/image0022617.jpg,Złość
archive (3)/Test/Anger/image0013063.jpg,Złość
archive (3)/Train/sad/image0030323.jpg,Smutek
archive (3)/Train/surprise/image0025452.jpg,Zaskoczenie
archive (3)/Train/happy/ffhq_4293.png,Szczęście
archive (3)/Train/fear/image0036560.jpg,Strach
archive (3)/Train/anger/image0028124.jpg,Złość
archive (3)/Test/sad/image0001930.jpg,Smutek
archive (3)/Test/happy/ffhq_1276.png,Szczęście
archive (3)/Test/fear/image0034634.jpg,Strach
archive (3)/Test/Anger/image0020396.jpg,Złość
archive (3)/Train/fear/image0039127.jpg,Strach
archive (3)/Train/anger/image0028930.jpg,Złość
archive (3)/Test/Anger/image0002106.jpg,Złość
archive (3)/Test/surprise/image0016131.jpg,Zaskoczenie
archive (3)/Train/surprise/image0028842.jpg,Zaskoczenie
archive (3)/Train/happy/ffhq_4109.png,Szczęście
archive (3)/Test/happy/ffhq_1313.png,Szczęście
archive (3)/Train/surprise/image0032950.jpg,Zaskoczenie
archive (3)/Train/sad/image0027966.jpg,Smutek
archive (3)/Test/happy/ffhq_1385.png,Szczęście
archive (3)/Train/sad/image0027355.jpg,Smutek
archive (3)/Train/sad/image0013007.jpg,Smutek
archive (3)/Test/fear/image0031822.jpg,Strach
archive (3)/Train/surprise/image0025618.jpg,Zaskoczenie
archive (3)/Train/sad/image0011860.jpg,Smutek
archive (3)/Train/sad/image0029183.jpg,Smutek
archive (3)/Test/happy/ffhq_1749.png,Szczęście
archive (3)/Test/happy/ffhq_945.png,Szczęście
archive (3)/Train/fear/image0036185.jpg,Strach
archive (3)/Test/happy/ffhq_1089.png,Szczęście
archive (3)/Test/happy/ffhq_805.png,Szczęście
archive (3)/Test/fear/image0024246.jpg,Strach
archive (3)/Train/surprise/image0028710.jpg,Zaskoczenie
archive (3)/Test/Anger/image0015553.jpg,Złość
archive (3)/Test/surprise/ffhq_304.png,Zaskoczenie
archive (3)/Test/Anger/image0013165.jpg,Złość
archive (3)/Train/happy/ffhq_3450.png,Szczęście
archive (3)/Test/sad/image0002152.jpg,Smutek
archive (3)/Train/surprise/image0030559.jpg,Zaskoczenie
archive (3)/Test/Anger/image0020540.jpg,Złość
archive (3)/Test/surprise/image0007884.jpg,Zaskoczenie
archive (3)/Train/fear/image0038819.jpg,Strach
archive (3)/Test/fear/image0017683.jpg,Strach
archive (3)/Train/anger/image0025062.jpg,Złość
archive (3)/Train/happy/ffhq_4936.png,Szczęście
archive (3)/Train/happy/ffhq_4523.png,Szczęście
archive (3)/Train/sad/image0027272.jpg,Smutek
archive (3)/Train/happy/ffhq_4680.png,Szczęście
archive (3)/Train/happy/ffhq_4247.png,Szczęście
archive (3)/Train/sad/image0016588.jpg,Smutek
archive (3)/Train/sad/image0029856.jpg,Smutek
archive (3)/Train/happy/ffhq_3526.png,Szczęście
archive (3)/Train/fear/image0038813.jpg,Strach
archive (3)/Train/anger/image0029216.jpg,Złość
archive (3)/Train/sad/image0024456.jpg,Smutek
archive (3)/Train/anger/image0028803.jpg,Złość
archive (3)/Test/Anger/image0005981.jpg,Złość
archive (3)/Train/anger/image0026827.jpg,Złość
archive (3)/Test/fear/image0033543.jpg,Strach
archive (3)/Test/happy/ffhq_766.png,Szczęście
archive (3)/Test/Anger/image0018494.jpg,Złość
archive (3)/Train/anger/image0026836.jpg,Złość
archive (3)/Train/fear/image0038544.jpg,Strach
archive (3)/Test/happy/ffhq_2058.png,Szczęście
archive (3)/Train/sad/image0017473.jpg,Smutek
archive (3)/Test/fear/image0023180.jpg,Strach
archive (3)/Train/surprise/image0033550.jpg,Zaskoczenie
archive (3)/Test/surprise/ffhq_516.png,Zaskoczenie
archive (3)/Train/sad/image0002536.jpg,Smutek
archive (3)/Train/surprise/image0033321.jpg,Zaskoczenie
archive (3)/Train/fear/image0036195.jpg,Strach
archive (3)/Train/surprise/image0030650.jpg,Zaskoczenie
archive (3)/Train/happy/ffhq_4600.png,Szczęście
archive (3)/Test/fear/image0025828.jpg,Strach
archive (3)/Train/sad/image0029005.jpg,Smutek
archive (3)/Test/happy/ffhq_1699.png,Szczęście
archive (3)/Test/surprise/image0011478.jpg,Zaskoczenie
archive (3)/Test/sad/image0018398.jpg,Smutek
archive (3)/Test/sad/image0004888.jpg,Smutek
archive (3)/Train/happy/ffhq_3895.png,Szczęście
archive (3)/Train/surprise/image0030972.jpg,Zaskoczenie
archive (3)/Test/surprise/image0006134.jpg,Zaskoczenie
archive (3)/Test/fear/image0021763.jpg,Strach
archive (3)/Train/surprise/image0026474.jpg,Zaskoczenie
archive (3)/Test/fear/image0023931.jpg,Strach
archive (3)/Test/happy/ffhq_1845.png,Szczęście
archive (3)/Train/happy/ffhq_3595.png,Szczęście
archive (3)/Train/happy/ffhq_3462.png,Szczęście
archive (3)/Test/sad/image0018591.jpg,Smutek
archive (3)/Train/happy/ffhq_3890.png,Szczęście
archive (3)/Train/happy/ffhq_4596.png,Szczęście
archive (3)/Test/sad/image0013528.jpg,Smutek
archive (3)/Test/happy/ffhq_848.png,Szczęście
archive (3)/Train/surprise/image0032410.jpg,Zaskoczenie
archive (3)/Train/anger/image0024643.jpg,Złość
archive (3)/Test/fear/image0031545.jpg,Strach
archive (3)/Train/sad/image0020384.jpg,Smutek
archive (3)/Test/happy/ffhq_221.png,Szczęście
archive (3)/Train/sad/image0016059.jpg,Smutek
archive (3)/Test/happy/ffhq_1519.png,Szczęście
archive (3)/Train/surprise/image0033444.jpg,Zaskoczenie
archive (3)/Test/happy/ffhq_1598.png,Szczęście
archive (3)/Train/happy/ffhq_4610.png,Szczęście
archive (3)/Train/surprise/image0033606.jpg,Zaskoczenie
archive (3)/Test/fear/image0033970.jpg,Strach
archive (3)/Train/surprise/image0033882.jpg,Zaskoczenie
archive (3)/Test/fear/image0018094.jpg,Strach
archive (3)/Train/happy/ffhq_3716.png,Szczęście
archive (3)/Train/fear/image0036998.jpg,Strach
archive (3)/Train/sad/image0025017.jpg,Smutek
archive (3)/Test/surprise/image0013516.jpg,Zaskoczenie
archive (3)/Train/fear/image0038255.jpg,Strach
archive (3)/Train/surprise/image0028922.jpg,Zaskoczenie
archive (3)/Test/happy/ffhq_746.png,Szczęście
archive (3)/Train/anger/image0030566.jpg,Złość
archive (3)/Test/surprise/ffhq_660.png,Zaskoczenie
archive (3)/Test/surprise/image0021123.jpg,Zaskoczenie
archive (3)/Test/happy/ffhq_820.png,Szczęście
archive (3)/Train/surprise/image0034362.jpg,Zaskoczenie
archive (3)/Test/happy/ffhq_379.png,Szczęście
archive (3)/Test/sad/image0000556.jpg,Smutek
archive (3)/Train/sad/image0015942.jpg,Smutek
archive (3)/Test/surprise/image0013339.jpg,Zaskoczenie
archive (3)/Train/anger/image0022383.jpg,Złość
archive (3)/Train/fear/image0038525.jpg,Strach
archive (3)/Train/fear/image0039295.jpg,Strach
archive (3)/Test/Anger/image0015924.jpg,Złość
archive (3)/Test/fear/image0019030.jpg,Strach
archive (3)/Test/happy/ffhq_1277.png,Szczęście
archive (3)/Test/sad/image0017956.jpg,Smutek
archive (3)/Train/happy/ffhq_4375.png,Szczęście
archive (3)/Train/surprise/image0034549.jpg,Zaskoczenie
archive (3)/Train/fear/image0036658.jpg,Strach
archive (3)/Train/sad/image0027737.jpg,Smutek
archive (3)/Test/fear/image0030894.jpg,Strach
archive (3)/Train/surprise/image0033557.jpg,Zaskoczenie
archive (3)/Train/sad/image0017484.jpg,Smutek
archive (3)/Train/sad/image0027482.jpg,Smutek
archive (3)/Test/fear/image0033986.jpg,Strach
archive (3)/Test/surprise/image0013572.jpg,Zaskoczenie
archive (3)/Train/happy/ffhq_4159.png,Szczęście
archive (3)/Train/sad/image0024814.jpg,Smutek
archive (3)/Test/sad/image0002723.jpg,Smutek
